Solution 1,Solution 2,Cluster 1,Cluster 2,adjusted_rand Similarity
0,1,3,2,1.0
0,1,2,3,1.0
0,1,0,0,1.0
0,1,1,1,0.28645245916149087
0,2,2,2,1.0
0,2,0,1,0.7995558023320377
0,2,3,3,0.7228426395939086
0,2,1,0,-0.10913786014348081
0,3,3,0,1.0
0,3,1,1,0.8939667880772634
0,3,0,2,0.8863694923988663
0,3,2,3,0.523037202665131
0,4,3,2,1.0
0,4,2,0,1.0
0,4,0,3,1.0
0,4,1,1,-0.014424126276572469
0,5,3,3,1.0
0,5,0,1,0.8836219294713226
0,5,2,0,0.8333858267716535
0,5,1,2,-0.09834995859534347
0,6,3,0,1.0
0,6,0,2,1.0
0,6,2,1,0.6687617850408548
0,6,1,3,-0.08280753888573376
0,7,3,0,1.0
0,7,0,2,0.8570708343836653
0,7,2,3,0.7580920485766773
0,7,1,1,-0.08847423047640211
0,8,3,0,1.0
0,8,0,2,1.0
0,8,2,1,0.935132233824534
0,8,1,3,0.758169212496202
0,9,3,0,1.0
0,9,2,3,1.0
0,9,0,1,1.0
0,9,1,2,-0.1004454658922029
0,10,3,2,1.0
0,10,2,3,1.0
0,10,0,1,1.0
0,10,1,0,-0.08371236300167946
0,11,2,3,1.0
0,11,0,2,1.0
0,11,3,0,0.9101681401284745
0,11,1,1,-0.020386883359700923
0,12,3,0,1.0
0,12,0,2,1.0
0,12,2,1,0.937847860863535
0,12,1,3,0.7503870847870519
0,13,3,2,1.0
0,13,2,1,1.0
0,13,0,3,1.0
0,13,1,0,-0.032481492059407015
0,14,3,1,1.0
0,14,2,2,1.0
0,14,0,0,1.0
0,14,1,3,-0.06126963555515834
0,15,3,2,1.0
0,15,2,3,1.0
0,15,0,1,1.0
0,15,1,0,-0.07934488296493991
0,16,3,3,1.0
0,16,0,0,1.0
0,16,2,2,0.6933333333333334
0,16,1,1,-0.03865680845055803
0,17,3,3,1.0
0,17,2,1,1.0
0,17,0,2,1.0
0,17,1,0,0.8278790556711024
0,18,3,2,1.0
0,18,0,0,1.0
0,18,2,1,0.9332461954999534
0,18,1,3,0.7242156592142792
0,19,3,2,1.0
0,19,0,0,1.0
0,19,2,1,0.937847860863535
0,19,1,3,0.7723707561302275
0,20,3,1,1.0
0,20,2,0,1.0
0,20,0,2,1.0
0,20,1,3,-0.05546515859438086
0,21,3,0,1.0
0,21,2,2,1.0
0,21,0,3,1.0
0,21,1,1,0.758169212496202
0,22,3,1,1.0
0,22,2,0,1.0
0,22,0,2,1.0
0,22,1,3,0.005538978529685909
0,23,3,2,1.0
0,23,0,1,1.0
0,23,1,3,0.9077000834100768
0,23,2,0,0.7584279706067762
0,24,3,2,1.0
0,24,2,3,1.0
0,24,0,0,1.0
0,24,1,1,0.4871413347274446
0,25,3,2,1.0
0,25,0,1,1.0
0,25,2,0,0.18716053651438563
1,2,3,3,1.0
1,2,0,2,1.0
1,2,1,1,0.800466041260722
1,2,2,0,0.15746351433877132
1,3,3,2,1.0
1,3,0,1,1.0
1,3,1,0,0.9254293981788739
1,3,2,3,0.5058055056160617
1,4,3,3,1.0
1,4,2,1,1.0
1,4,1,2,0.9512182781712036
1,4,0,0,0.0749063670411986
1,5,3,1,1.0
1,5,1,3,1.0
1,5,0,2,0.8551836242303731
1,5,2,0,0.4077759472817134
1,6,0,3,1.0
1,6,1,0,1.0
1,6,3,1,0.9330569198875371
1,6,2,2,0.9268553861033869
1,7,3,3,1.0
1,7,1,2,1.0
1,7,0,1,0.9518554068189523
1,7,2,0,0.4768764215314632
1,8,3,3,1.0
1,8,2,1,1.0
1,8,1,0,0.8572617724394913
1,8,0,2,0.5722129022418789
1,9,3,3,1.0
1,9,0,2,0.9525798830768871
1,9,1,0,0.9333154537269401
1,9,2,1,0.5208479421759533
1,10,3,3,1.0
1,10,0,0,1.0
1,10,1,2,0.9296947271045328
1,10,2,1,0.43353210771545
1,11,3,3,1.0
1,11,0,1,1.0
1,11,1,0,0.9493671686168222
1,11,2,2,0.5638595735515831
1,12,3,3,1.0
1,12,2,2,1.0
1,12,0,1,1.0
1,12,1,0,0.9506172839506173
1,13,3,3,1.0
1,13,2,1,1.0
1,13,0,0,1.0
1,13,1,2,0.9069715310468505
1,14,3,0,1.0
1,14,2,2,1.0
1,14,0,3,0.949936469664126
1,14,1,1,0.947364532929487
1,15,3,3,1.0
1,15,1,2,1.0
1,15,0,0,0.9502324564399114
1,15,2,1,0.43353210771545
1,16,3,0,1.0
1,16,0,1,1.0
1,16,1,3,0.9493671686168222
1,16,2,2,0.7406810860561436
1,17,3,2,1.0
1,17,2,1,1.0
1,17,1,0,1.0
1,17,0,3,0.3829006078324861
1,18,3,3,1.0
1,18,2,1,1.0
1,18,1,0,1.0
1,18,0,2,0.5680583342642713
1,19,3,3,1.0
1,19,2,0,1.0
1,19,0,1,1.0
1,19,1,2,0.9506172839506173
1,20,3,2,1.0
1,20,2,0,1.0
1,20,1,1,1.0
1,20,0,3,0.9489989089876502
1,21,3,3,1.0
1,21,2,1,1.0
1,21,0,2,1.0
1,21,1,0,0.9523743682984328
1,22,3,2,1.0
1,22,2,0,1.0
1,22,0,3,1.0
1,22,1,1,1.0
1,23,3,3,1.0
1,23,2,1,1.0
1,23,0,0,0.9468681100227708
1,23,1,2,0.8605438850711637
1,24,3,0,1.0
1,24,2,1,1.0
1,24,0,2,1.0
1,24,1,3,0.4874738951061761
1,25,3,2,1.0
1,25,2,1,1.0
1,25,0,0,0.6323381584238037
2,3,2,1,1.0
2,3,3,0,0.8946680003077633
2,3,1,3,0.8525873751484834
2,3,0,2,0.6207170831094921
2,4,2,0,1.0
2,4,1,1,1.0
2,4,3,2,0.5679433109410673
2,4,0,3,0.47399953433696956
2,5,2,1,1.0
2,5,1,0,1.0
2,5,3,3,0.8662460902295499
2,5,0,2,-0.09935713662790122
2,6,3,0,1.0
2,6,2,2,1.0
2,6,1,3,0.8511167472999591
2,6,0,1,0.6198448608284038
2,7,3,2,1.0
2,7,2,3,1.0
2,7,1,0,1.0
2,7,0,1,-0.08817077968622856
2,8,2,2,1.0
2,8,1,1,1.0
2,8,0,3,0.7586177354092408
2,8,3,0,0.6368818832913454
2,9,2,1,1.0
2,9,1,0,0.8788931410067707
2,9,3,2,0.770578811575956
2,9,0,3,0.6892605632014805
2,10,2,1,1.0
2,10,1,0,1.0
2,10,0,3,0.7586177354092408
2,10,3,2,0.4287729196050775
2,11,3,3,1.0
2,11,2,2,1.0
2,11,1,1,0.9233740064927796
2,11,0,0,0.23516871339296316
2,12,2,2,1.0
2,12,1,1,1.0
2,12,3,0,0.5629071401200665
2,12,0,3,0.38995095586027423
2,13,2,1,1.0
2,13,1,0,1.0
2,13,0,3,0.9078641206717675
2,13,3,2,0.5861813512445674
2,14,2,0,1.0
2,14,1,3,0.8500690681117841
2,14,3,2,0.676056338028169
2,14,0,1,0.2344804582088744
2,15,2,1,1.0
2,15,1,0,1.0
2,15,0,3,0.7728126769732352
2,15,3,2,0.5614973262032086
2,16,2,0,1.0
2,16,1,1,0.8465507438734978
2,16,0,2,0.7440680212850569
2,16,3,3,0.6778990963855422
2,17,2,0,1.0
2,17,1,1,1.0
2,17,3,3,0.5284099889363048
2,17,0,2,0.4066665734251321
2,18,2,0,1.0
2,18,1,1,1.0
2,18,3,2,0.6482709616295594
2,18,0,3,0.46987926436834404
2,19,2,0,1.0
2,19,1,1,1.0
2,19,3,3,0.5831167363543903
2,19,0,2,0.18528182975911242
2,20,2,0,1.0
2,20,0,2,0.9316250535169205
2,20,1,3,0.9261436842879784
2,20,3,1,0.5342879724766377
2,21,2,1,1.0
2,21,1,2,1.0
2,21,3,0,0.5774232999215833
2,21,0,3,0.36513899323816684
2,22,2,0,1.0
2,22,1,3,0.9212513025540693
2,22,0,2,0.7810077519379846
2,22,3,1,0.7484068689297004
2,23,2,1,1.0
2,23,1,0,1.0
2,23,0,3,0.9078641206717675
2,23,3,2,0.4715249667362115
2,24,2,1,1.0
2,24,1,3,1.0
2,24,3,2,0.7308548955721577
2,24,0,0,0.6625728391065069
2,25,3,2,1.0
2,25,2,1,1.0
2,25,1,0,0.41350064976604406
3,4,2,1,1.0
3,4,1,0,1.0
3,4,0,3,0.8856428983278878
3,4,3,2,0.5369874955108063
3,5,3,3,1.0
3,5,2,2,1.0
3,5,0,1,1.0
3,5,1,0,0.7336956521739131
3,6,0,2,1.0
3,6,1,0,1.0
3,6,2,3,0.9589210830987497
3,6,3,1,0.7321604014200627
3,7,3,0,1.0
3,7,1,2,1.0
3,7,2,1,0.9602669868869206
3,7,0,3,0.8918128654970761
3,8,3,3,1.0
3,8,2,1,1.0
3,8,0,2,1.0
3,8,1,0,0.7435764585689787
3,9,0,3,1.0
3,9,1,1,1.0
3,9,2,2,0.9610010662340235
3,9,3,0,0.7084402100891658
3,10,2,0,1.0
3,10,1,1,1.0
3,10,0,3,1.0
3,10,3,2,0.8229305002213368
3,11,2,1,1.0
3,11,0,3,1.0
3,11,1,2,1.0
3,11,3,0,0.5550964808165186
3,12,3,2,1.0
3,12,2,1,1.0
3,12,0,3,0.8999644844323429
3,12,1,0,0.8758036236119229
3,13,0,3,1.0
3,13,1,1,1.0
3,13,2,0,0.9552860029838416
3,13,3,2,0.5517200680468974
3,14,0,2,1.0
3,14,2,3,0.9583347582111202
3,14,1,1,0.8714019465727894
3,14,3,0,0.8222196301048511
3,15,3,3,1.0
3,15,2,0,1.0
3,15,1,1,1.0
3,15,0,2,-0.03246571508536251
3,16,2,1,1.0
3,16,0,0,1.0
3,16,1,2,1.0
3,16,3,3,0.6168386436299574
3,17,3,0,1.0
3,17,2,1,1.0
3,17,0,2,1.0
3,17,1,3,0.8792931452187545
3,18,2,1,1.0
3,18,0,0,1.0
3,18,1,2,0.8799058337901899
3,18,3,3,0.22405601280716472
3,19,2,1,1.0
3,19,0,0,1.0
3,19,1,2,0.8758036236119229
3,19,3,3,0.27967448304759346
3,20,0,2,1.0
3,20,2,3,0.9573975969777796
3,20,1,1,0.8714019465727894
3,20,3,0,0.8222196301048511
3,21,2,2,1.0
3,21,0,1,1.0
3,21,1,0,0.8779880405982596
3,21,3,3,0.18992248428192865
3,22,0,0,1.0
3,22,1,2,1.0
3,22,2,3,0.9523334624693621
3,22,3,1,0.4452223174446067
3,23,2,0,1.0
3,23,0,3,1.0
3,23,1,1,1.0
3,23,3,2,0.49485545551212123
3,24,2,3,1.0
3,24,1,0,1.0
3,24,0,1,1.0
3,24,3,2,0.4799304338011307
3,25,3,2,1.0
3,25,1,1,1.0
3,25,2,0,0.34026116797646827
4,5,3,3,1.0
4,5,0,0,1.0
4,5,1,1,1.0
4,5,2,2,0.5522800249973266
4,6,0,0,1.0
4,6,1,1,0.9492916908051734
4,6,2,2,0.7324801053669965
4,6,3,3,0.5645167311025198
4,7,0,0,1.0
4,7,1,2,1.0
4,7,2,1,0.5726329228161697
4,7,3,3,0.5484384906764643
4,8,3,1,1.0
4,8,0,0,1.0
4,8,1,3,1.0
4,8,2,2,0.9379164783492485
4,9,2,3,1.0
4,9,0,2,1.0
4,9,1,1,1.0
4,9,3,0,0.8051474213588403
4,10,3,2,1.0
4,10,2,3,1.0
4,10,1,1,1.0
4,10,0,0,1.0
4,11,3,3,1.0
4,11,0,1,1.0
4,11,1,2,1.0
4,11,2,0,-0.11236929600539675
4,12,3,2,1.0
4,12,2,3,1.0
4,12,0,0,1.0
4,12,1,1,-0.06716417910447751
4,13,2,1,1.0
4,13,0,0,1.0
4,13,1,3,1.0
4,13,3,2,0.6791675588592171
4,14,3,2,1.0
4,14,0,3,1.0
4,14,1,0,1.0
4,14,2,1,-0.0947588100896418
4,15,3,2,1.0
4,15,2,3,1.0
4,15,1,1,1.0
4,15,0,0,0.9037432407886096
4,16,2,0,1.0
4,16,0,1,1.0
4,16,1,2,1.0
4,16,3,3,0.6537073681759982
4,17,2,1,1.0
4,17,1,0,1.0
4,17,0,3,1.0
4,17,3,2,0.1877848678213309
4,18,3,1,1.0
4,18,0,2,1.0
4,18,1,0,1.0
4,18,2,3,0.9365730382048341
4,19,3,2,1.0
4,19,2,3,1.0
4,19,0,1,1.0
4,19,1,0,1.0
4,20,2,0,1.0
4,20,0,1,1.0
4,20,1,2,0.839913435105574
4,20,3,3,0.6137395327840174
4,21,3,2,1.0
4,21,0,0,1.0
4,21,1,1,1.0
4,21,2,3,0.9391489713046154
4,22,2,0,1.0
4,22,0,1,1.0
4,22,1,2,0.9470501715966662
4,22,3,3,0.6448712110101658
4,23,2,1,1.0
4,23,0,0,1.0
4,23,1,3,1.0
4,23,3,2,0.6147218907355124
4,24,2,3,1.0
4,24,0,2,1.0
4,24,1,0,1.0
4,24,3,1,0.1877848678213309
4,25,2,2,1.0
4,25,1,1,1.0
4,25,0,0,0.9110692812147186
5,6,3,3,1.0
5,6,0,2,1.0
5,6,2,0,0.9469702697480615
5,6,1,1,0.015276893698281398
5,7,3,1,1.0
5,7,2,0,1.0
5,7,0,2,1.0
5,7,1,3,0.031108072471553387
5,8,3,3,1.0
5,8,0,2,1.0
5,8,1,1,1.0
5,8,2,0,0.4489368483358376
5,9,3,3,1.0
5,9,0,1,1.0
5,9,1,2,1.0
5,9,2,0,0.7163821068030858
5,10,3,3,1.0
5,10,1,0,1.0
5,10,2,2,0.8276860890872856
5,10,0,1,0.745397904276409
5,11,3,3,1.0
5,11,1,1,1.0
5,11,0,2,0.6933333333333334
5,11,2,0,0.540120206203527
5,12,3,3,1.0
5,12,2,2,1.0
5,12,0,1,1.0
5,12,1,0,0.20338127681049706
5,13,3,3,1.0
5,13,0,1,1.0
5,13,1,0,0.9545211966424632
5,13,2,2,0.5666562705755969
5,14,3,2,1.0
5,14,1,3,1.0
5,14,0,0,1.0
5,14,2,1,0.5875559131491669
5,15,3,3,1.0
5,15,1,0,1.0
5,15,2,2,0.7626932202975517
5,15,0,1,0.745397904276409
5,16,3,2,1.0
5,16,1,1,1.0
5,16,0,0,1.0
5,16,2,3,0.6296442549398629
5,17,3,2,1.0
5,17,2,0,1.0
5,17,1,1,1.0
5,17,0,3,0.4456633527596845
5,18,3,3,1.0
5,18,1,1,1.0
5,18,0,0,1.0
5,18,2,2,0.46146074713150564
5,19,3,3,1.0
5,19,1,1,1.0
5,19,0,0,1.0
5,19,2,2,0.6660723143329186
5,20,3,2,1.0
5,20,1,3,1.0
5,20,0,0,1.0
5,20,2,1,0.5875559131491669
5,21,3,3,1.0
5,21,1,2,1.0
5,21,0,1,1.0
5,21,2,0,0.6167016945192575
5,22,3,3,1.0
5,22,0,2,1.0
5,22,2,0,0.6267750238597912
5,22,1,1,0.4403669724770642
5,23,3,3,1.0
5,23,1,0,1.0
5,23,2,1,0.9058427017902461
5,23,0,2,0.2313318127727094
5,24,3,1,1.0
5,24,1,3,1.0
5,24,2,0,0.8551836242303731
5,24,0,2,0.4121199817286706
5,25,3,2,1.0
5,25,0,1,1.0
5,25,1,0,0.3586026443244815
6,7,3,3,1.0
6,7,2,0,1.0
6,7,0,1,1.0
6,7,1,2,0.2272137107244871
6,8,0,3,1.0
6,8,1,1,0.9456559046289729
6,8,2,0,0.9350162459385154
6,8,3,2,0.4590611605060371
6,9,3,3,1.0
6,9,1,2,1.0
6,9,2,0,0.8051474213588403
6,9,0,1,0.714828897338403
6,10,3,3,1.0
6,10,2,2,1.0
6,10,1,0,0.8653731766038805
6,10,0,1,0.7841269841269841
6,11,1,1,1.0
6,11,0,3,1.0
6,11,3,0,0.7371973714678819
6,11,2,2,0.40885264997087944
6,12,3,2,1.0
6,12,0,1,1.0
6,12,2,0,0.7971682497644452
6,12,1,3,0.7218453188602443
6,13,3,1,1.0
6,13,0,0,1.0
6,13,1,3,0.8468809073724007
6,13,2,2,0.6791675588592171
6,14,3,2,1.0
6,14,2,3,1.0
6,14,0,0,1.0
6,14,1,1,0.00020218358269303937
6,15,3,3,1.0
6,15,2,2,1.0
6,15,0,0,0.8880100665108754
6,15,1,1,0.3030959082052393
6,16,3,0,1.0
6,16,0,2,1.0
6,16,1,1,0.95294587625746
6,16,2,3,0.7227241139680334
6,17,3,0,1.0
6,17,0,2,1.0
6,17,1,1,1.0
6,17,2,3,0.5505788796631973
6,18,3,0,1.0
6,18,0,3,1.0
6,18,1,1,0.9438185433011951
6,18,2,2,0.8738196520525213
6,19,3,0,1.0
6,19,0,1,1.0
6,19,2,2,0.7971682497644452
6,19,1,3,0.7012687427912342
6,20,3,0,1.0
6,20,2,3,1.0
6,20,0,2,1.0
6,20,1,1,0.012760404079462452
6,21,3,1,1.0
6,21,0,2,1.0
6,21,1,3,0.8096655160099988
6,21,2,0,0.7383279692133711
6,22,3,0,1.0
6,22,2,3,1.0
6,22,0,2,0.8823563054046325
6,22,1,1,0.16821277893559708
6,23,3,1,1.0
6,23,0,3,1.0
6,23,1,0,0.9033857596652979
6,23,2,2,0.6147218907355124
6,24,3,0,1.0
6,24,1,3,1.0
6,24,0,1,1.0
6,24,2,2,0.9279281604004851
6,25,3,2,1.0
6,25,1,1,1.0
6,25,2,0,0.6127086083869533
7,8,2,1,1.0
7,8,0,2,1.0
7,8,1,3,0.9228264538288958
7,8,3,0,0.3336259877085162
7,9,3,2,1.0
7,9,0,1,1.0
7,9,1,0,1.0
7,9,2,3,0.3307086614173228
7,10,0,3,1.0
7,10,1,2,0.9568486767353087
7,10,3,0,0.9519701670367419
7,10,2,1,0.3279648609077599
7,11,3,3,1.0
7,11,2,1,1.0
7,11,0,2,0.8571668486018977
7,11,1,0,0.7465658609306782
7,12,0,2,1.0
7,12,3,1,0.9447904527029592
7,12,2,3,0.7951565383494674
7,12,1,0,0.6288766147806637
7,13,0,0,1.0
7,13,1,1,0.9051951751393766
7,13,3,3,0.6668678334339168
7,13,2,2,0.2690969041949075
7,14,3,3,1.0
7,14,0,2,1.0
7,14,1,0,0.8230967998409859
7,14,2,1,0.1577464788732394
7,15,0,3,1.0
7,15,2,0,0.9502324564399114
7,15,1,2,0.839784245154407
7,15,3,1,0.34221510276831435
7,16,2,1,1.0
7,16,0,0,1.0
7,16,1,2,0.8727346610156618
7,16,3,3,0.41814960017268116
7,17,3,1,1.0
7,17,2,2,1.0
7,17,1,0,1.0
7,17,0,3,0.3497400637263123
7,18,2,1,1.0
7,18,0,3,1.0
7,18,1,0,1.0
7,18,3,2,0.34968255418119154
7,19,0,0,1.0
7,19,3,1,0.9447904527029592
7,19,2,3,0.88880820550059
7,19,1,2,0.6288766147806637
7,20,3,3,1.0
7,20,0,2,1.0
7,20,1,0,0.8230967998409859
7,20,2,1,0.1577464788732394
7,21,2,3,1.0
7,21,0,2,1.0
7,21,1,1,1.0
7,21,3,0,0.27952067284433024
7,22,3,3,1.0
7,22,0,0,1.0
7,22,1,2,0.8149532710280374
7,22,2,1,0.35551625027636524
7,23,0,3,1.0
7,23,3,0,0.9483089751458804
7,23,1,1,0.9051951751393766
7,23,2,2,0.2690969041949075
7,24,3,3,1.0
7,24,2,1,1.0
7,24,1,0,0.9518554068189523
7,24,0,2,0.4819347523699314
7,25,3,2,1.0
7,25,1,1,1.0
7,25,2,0,0.348688625463371
8,9,1,1,1.0
8,9,0,3,1.0
8,9,3,2,0.9234963294788943
8,9,2,0,0.9090852200344188
8,10,3,2,1.0
8,10,1,3,1.0
8,10,2,0,0.7117752226817633
8,10,0,1,0.49358739738715385
8,11,3,1,1.0
8,11,1,3,1.0
8,11,2,0,0.8707415103625527
8,11,0,2,0.6726363887270386
8,12,3,1,1.0
8,12,2,2,1.0
8,12,1,3,1.0
8,12,0,0,-0.1027937441518515
8,13,3,0,1.0
8,13,0,1,1.0
8,13,1,3,1.0
8,13,2,2,0.7627476328926996
8,14,0,2,1.0
8,14,1,0,1.0
8,14,3,3,0.9210491397231191
8,14,2,1,0.8651095629514985
8,15,3,2,1.0
8,15,2,3,1.0
8,15,1,1,1.0
8,15,0,0,0.5614145136629161
8,16,3,1,1.0
8,16,1,0,1.0
8,16,2,3,0.7418212127526568
8,16,0,2,0.6820334701610357
8,17,3,2,1.0
8,17,1,0,1.0
8,17,2,1,0.9394384047476012
8,17,0,3,-0.09917355371900817
8,18,3,1,1.0
8,18,1,0,1.0
8,18,0,3,0.938108361898509
8,18,2,2,0.8240702585762851
8,19,3,1,1.0
8,19,0,0,1.0
8,19,1,3,1.0
8,19,2,2,0.9371102460410446
8,20,0,2,1.0
8,20,3,3,0.9201787159266015
8,20,1,1,0.9157998150716598
8,20,2,0,0.5458715596330276
8,21,3,3,1.0
8,21,0,1,1.0
8,21,2,2,0.9427812493196019
8,21,1,0,0.883562256195975
8,22,3,1,1.0
8,22,0,0,1.0
8,22,1,2,0.9433805466018651
8,22,2,3,0.5132877222064752
8,23,3,0,1.0
8,23,0,3,1.0
8,23,1,1,1.0
8,23,2,2,0.6446194833777366
8,24,3,3,1.0
8,24,1,0,1.0
8,24,2,2,0.8651095629514985
8,24,0,1,0.8341805193021019
8,25,3,2,1.0
8,25,1,1,1.0
8,25,2,0,0.12956386347334697
9,10,3,2,1.0
9,10,2,3,1.0
9,10,1,0,1.0
9,10,0,1,0.7453973955994612
9,11,0,3,1.0
9,11,1,1,1.0
9,11,3,0,0.8874243478489189
9,11,2,2,0.5771227050742272
9,12,3,0,1.0
9,12,2,2,1.0
9,12,1,1,1.0
9,12,0,3,0.8262236192186798
9,13,3,2,1.0
9,13,2,1,1.0
9,13,0,3,1.0
9,13,1,0,0.9389384333562
9,14,3,3,1.0
9,14,2,0,1.0
9,14,1,2,1.0
9,14,0,1,-0.02006425194604979
9,15,3,2,1.0
9,15,2,3,1.0
9,15,1,0,1.0
9,15,0,1,0.7453973955994612
9,16,3,3,1.0
9,16,2,0,1.0
9,16,1,1,1.0
9,16,0,2,0.45042678923177937
9,17,3,3,1.0
9,17,1,1,1.0
9,17,0,2,0.9183333333333333
9,17,2,0,0.9158588450951036
9,18,3,2,1.0
9,18,2,0,1.0
9,18,1,1,1.0
9,18,0,3,1.0
9,19,3,2,1.0
9,19,2,0,1.0
9,19,1,1,1.0
9,19,0,3,0.8142054098378343
9,20,3,3,1.0
9,20,2,0,0.9158588450951036
9,20,0,2,0.8788931410067707
9,20,1,1,0.22943149167830482
9,21,3,2,1.0
9,21,2,1,1.0
9,21,0,3,1.0
9,21,1,0,0.3395798553936791
9,22,3,3,1.0
9,22,1,0,1.0
9,22,2,2,0.8641970101832912
9,22,0,1,0.09334152118606881
9,23,3,2,1.0
9,23,1,0,1.0
9,23,0,3,1.0
9,23,2,1,0.9058427017902461
9,24,3,3,1.0
9,24,2,0,0.9525798830768871
9,24,0,1,0.9183333333333333
9,24,1,2,0.5263157894736842
9,25,3,2,1.0
9,25,2,1,1.0
9,25,1,0,0.2029840205463118
10,11,2,1,1.0
10,11,0,3,1.0
10,11,3,2,0.8394004282655246
10,11,1,0,0.5195566714016716
10,12,3,0,1.0
10,12,2,2,1.0
10,12,1,1,1.0
10,12,0,3,0.727650046569899
10,13,3,2,1.0
10,13,2,3,1.0
10,13,0,1,1.0
10,13,1,0,0.9053781574220039
10,14,3,3,1.0
10,14,2,0,1.0
10,14,1,2,1.0
10,14,0,1,0.6299121113093434
10,15,3,2,1.0
10,15,2,1,1.0
10,15,1,0,1.0
10,15,0,3,1.0
10,16,3,3,1.0
10,16,2,0,1.0
10,16,0,2,0.870264564448838
10,16,1,1,0.8610029674506153
10,17,3,1,1.0
10,17,2,0,1.0
10,17,0,3,0.5420846235998478
10,17,1,2,0.4983546065621527
10,18,3,2,1.0
10,18,2,0,1.0
10,18,1,1,1.0
10,18,0,3,0.5452768477482532
10,19,3,2,1.0
10,19,2,0,1.0
10,19,1,1,1.0
10,19,0,3,0.7023229814999946
10,20,3,3,1.0
10,20,2,0,1.0
10,20,0,2,0.8511167472999591
10,20,1,1,0.2774120889974729
10,21,3,2,1.0
10,21,2,1,1.0
10,21,0,0,0.5347762523315801
10,21,1,3,0.28888888888888886
10,22,3,3,1.0
10,22,2,0,1.0
10,22,0,2,0.9060024787192263
10,22,1,1,0.5881267399818626
10,23,2,1,1.0
10,23,0,3,1.0
10,23,1,0,0.9528044506510615
10,23,3,2,0.9098523125110143
10,24,3,3,1.0
10,24,0,0,1.0
10,24,2,1,0.9130179006639213
10,24,1,2,0.44131433213803434
10,25,3,2,1.0
10,25,2,1,1.0
10,25,1,0,0.15738962485441682
11,12,3,1,1.0
11,12,1,2,1.0
11,12,0,3,0.8756684491978609
11,12,2,0,0.7293671381160812
11,13,3,0,1.0
11,13,1,1,1.0
11,13,0,3,0.8874243478489189
11,13,2,2,0.486971535113939
11,14,3,0,1.0
11,14,2,2,1.0
11,14,1,1,0.9621823653617455
11,14,0,3,0.7662510637099966
11,15,3,2,1.0
11,15,1,3,1.0
11,15,2,0,0.9486049670372518
11,15,0,1,0.5195566714016716
11,16,3,2,1.0
11,16,1,0,1.0
11,16,0,1,0.8945381522437088
11,16,2,3,0.4514331210191082
11,17,3,1,1.0
11,17,1,0,1.0
11,17,0,2,0.9409346219724476
11,17,2,3,0.486971535113939
11,18,3,1,1.0
11,18,1,0,1.0
11,18,0,3,0.9340282563650599
11,18,2,2,0.5545374724276234
11,19,3,3,1.0
11,19,2,1,1.0
11,19,1,0,1.0
11,19,0,2,-0.11083635175249884
11,20,1,1,0.9621823653617455
11,20,3,3,0.8890154286094301
11,20,0,2,0.8178551412652887
11,20,2,0,0.6646468471880326
11,21,3,2,1.0
11,21,0,3,1.0
11,21,1,1,1.0
11,21,2,0,0.6071737304795868
11,22,3,1,1.0
11,22,0,0,1.0
11,22,1,2,0.84527440150679
11,22,2,3,0.705286322688916
11,23,3,0,1.0
11,23,1,1,1.0
11,23,0,3,0.8874243478489189
11,23,2,2,0.486971535113939
11,24,3,3,1.0
11,24,1,0,1.0
11,24,0,1,0.9409346219724476
11,24,2,2,0.569594945819505
11,25,3,2,1.0
11,25,1,1,1.0
11,25,2,0,0.3048841612537533
12,13,2,0,1.0
12,13,0,1,1.0
12,13,1,2,1.0
12,13,3,3,0.38488576449912126
12,14,2,1,1.0
12,14,0,2,1.0
12,14,1,0,1.0
12,14,3,3,0.48866498740554154
12,15,3,2,1.0
12,15,2,0,1.0
12,15,1,3,1.0
12,15,0,1,0.3690192195664356
12,16,2,1,1.0
12,16,1,0,1.0
12,16,3,3,0.6904698044957992
12,16,0,2,0.6736185236883159
12,17,2,1,1.0
12,17,0,2,1.0
12,17,1,0,1.0
12,17,3,3,0.7158761998357588
12,18,2,1,1.0
12,18,0,3,1.0
12,18,1,0,1.0
12,18,3,2,0.7750196905409182
12,19,3,2,1.0
12,19,2,3,1.0
12,19,1,1,1.0
12,19,0,0,1.0
12,20,2,1,1.0
12,20,0,2,1.0
12,20,1,0,0.9073916122792455
12,20,3,3,0.5762275961603007
12,21,3,2,1.0
12,21,2,0,1.0
12,21,0,3,1.0
12,21,1,1,1.0
12,22,2,1,1.0
12,22,0,0,1.0
12,22,1,2,0.891863770752786
12,22,3,3,0.5884306795957467
12,23,2,0,1.0
12,23,1,1,1.0
12,23,0,3,1.0
12,23,3,2,0.6596152244524027
12,24,2,2,1.0
12,24,1,0,1.0
12,24,0,1,1.0
12,24,3,3,0.9417772788307028
12,25,2,2,1.0
12,25,1,1,1.0
12,25,3,0,0.2725804719747673
13,14,3,1,1.0
13,14,2,2,1.0
13,14,1,3,1.0
13,14,0,0,0.814549074805177
13,15,3,2,1.0
13,15,2,3,1.0
13,15,0,1,0.9053781574220039
13,15,1,0,0.7975153217175016
13,16,3,3,1.0
13,16,2,0,1.0
13,16,1,1,1.0
13,16,0,2,0.8634712571067593
13,17,3,1,1.0
13,17,0,0,1.0
13,17,2,2,0.9460365012416729
13,17,1,3,0.8926770223925762
13,18,3,1,1.0
13,18,0,0,1.0
13,18,1,2,1.0
13,18,2,3,0.8788244159758855
13,19,3,2,1.0
13,19,2,1,1.0
13,19,0,0,1.0
13,19,1,3,0.6668678334339168
13,20,3,0,1.0
13,20,2,2,1.0
13,20,1,1,1.0
13,20,0,3,-0.09580507822108263
13,21,3,2,1.0
13,21,2,1,1.0
13,21,0,0,1.0
13,21,1,3,0.8428881313913852
13,22,3,1,1.0
13,22,2,0,1.0
13,22,1,3,1.0
13,22,0,2,0.7960497063022162
13,23,3,3,1.0
13,23,0,1,1.0
13,23,1,0,1.0
13,23,2,2,-0.05385252692626353
13,24,3,3,1.0
13,24,0,0,1.0
13,24,1,2,1.0
13,24,2,1,0.9460365012416729
13,25,3,2,1.0
13,25,0,1,1.0
13,25,1,0,0.9110692812147186
14,15,3,3,1.0
14,15,2,2,1.0
14,15,0,0,0.8203232838275116
14,15,1,1,0.3297411342589668
14,16,3,0,1.0
14,16,2,3,1.0
14,16,0,1,0.911660645088826
14,16,1,2,0.5692851967094328
14,17,2,3,1.0
14,17,1,0,1.0
14,17,0,1,1.0
14,17,3,2,0.16193709094461256
14,18,3,0,1.0
14,18,2,2,1.0
14,18,0,1,1.0
14,18,1,3,0.931147741164684
14,19,3,0,1.0
14,19,2,3,1.0
14,19,0,2,1.0
14,19,1,1,0.8799947483500224
14,20,3,0,1.0
14,20,2,1,1.0
14,20,0,3,1.0
14,20,1,2,0.9072005565647586
14,21,3,1,1.0
14,21,2,0,1.0
14,21,0,2,1.0
14,21,1,3,0.9338633899530177
14,22,3,0,1.0
14,22,2,3,1.0
14,22,0,1,1.0
14,22,1,2,0.4711390850475898
14,23,2,2,1.0
14,23,1,3,1.0
14,23,0,0,0.9106407754822831
14,23,3,1,0.9034781567989639
14,24,2,2,1.0
14,24,0,3,1.0
14,24,3,0,0.949936469664126
14,24,1,1,0.9383338274533056
14,25,3,1,1.0
14,25,2,2,1.0
14,25,0,0,0.629216150139648
15,16,3,3,1.0
15,16,2,1,1.0
15,16,0,0,0.8900959276816506
15,16,1,2,0.4242559003843589
15,17,3,3,1.0
15,17,2,2,1.0
15,17,1,1,1.0
15,17,0,0,1.0
15,18,3,2,1.0
15,18,2,1,1.0
15,18,0,0,0.9273045991659572
15,18,1,3,0.34221510276831435
15,19,3,2,1.0
15,19,2,1,1.0
15,19,0,0,0.9137201827102014
15,19,1,3,0.11231147194246938
15,20,3,3,1.0
15,20,2,0,1.0
15,20,0,1,0.7612936151857211
15,20,1,2,0.49707660291348726
15,21,3,3,1.0
15,21,2,1,1.0
15,21,1,2,1.0
15,21,0,0,0.684057262712037
15,22,3,3,1.0
15,22,2,0,1.0
15,22,0,2,0.8088021299614776
15,22,1,1,0.5881267399818626
15,23,3,2,1.0
15,23,2,1,1.0
15,23,0,3,1.0
15,23,1,0,0.9528044506510615
15,24,3,3,1.0
15,24,2,1,1.0
15,24,0,0,0.9502324564399114
15,24,1,2,0.44131433213803434
15,25,3,2,1.0
15,25,2,1,1.0
15,25,1,0,0.15738962485441682
16,17,2,1,1.0
16,17,0,3,1.0
16,17,1,0,1.0
16,17,3,2,0.9409346219724476
16,18,3,1,1.0
16,18,0,2,1.0
16,18,1,0,1.0
16,18,2,3,0.7340740381349765
16,19,3,0,1.0
16,19,0,2,1.0
16,19,2,1,0.92942975836944
16,19,1,3,0.5275990243814632
16,20,3,2,1.0
16,20,0,3,1.0
16,20,1,1,0.9276298317197421
16,20,2,0,0.38659793814432986
16,21,3,2,1.0
16,21,1,1,1.0
16,21,0,0,1.0
16,21,2,3,0.7500695023630803
16,22,3,0,1.0
16,22,0,3,1.0
16,22,1,2,0.8002629684688712
16,22,2,1,0.7571194021400668
16,23,3,3,1.0
16,23,0,0,1.0
16,23,1,1,1.0
16,23,2,2,0.5210760432111842
16,24,2,3,1.0
16,24,0,2,1.0
16,24,1,0,1.0
16,24,3,1,0.9409346219724476
16,25,3,1,1.0
16,25,2,2,1.0
16,25,0,0,0.7785088287526933
17,18,3,1,1.0
17,18,2,0,1.0
17,18,1,3,0.938108361898509
17,18,0,2,0.9030753964378221
17,19,2,2,1.0
17,19,0,1,1.0
17,19,1,0,1.0
17,19,3,3,0.6963456365257269
17,20,2,1,1.0
17,20,1,2,1.0
17,20,0,3,0.9125935437922532
17,20,3,0,0.9024345540792837
17,21,2,1,1.0
17,21,0,3,1.0
17,21,3,2,0.8846752707518771
17,21,1,0,0.8352648538639833
17,22,3,0,1.0
17,22,2,1,1.0
17,22,0,3,1.0
17,22,1,2,1.0
17,23,3,1,1.0
17,23,0,0,1.0
17,23,1,3,1.0
17,23,2,2,0.8920543924368358
17,24,3,3,1.0
17,24,2,2,1.0
17,24,1,1,1.0
17,24,0,0,0.0
17,25,3,2,1.0
17,25,2,1,1.0
17,25,0,0,1.0
18,19,3,2,1.0
18,19,2,0,1.0
18,19,0,1,1.0
18,19,1,3,0.9402014708209662
18,20,2,0,1.0
18,20,0,3,1.0
18,20,1,1,0.9565214810770066
18,20,3,2,0.10850148858749598
18,21,3,0,1.0
18,21,2,1,1.0
18,21,0,3,1.0
18,21,1,2,-0.08645439049598379
18,22,2,0,1.0
18,22,0,1,1.0
18,22,1,2,0.9415168305114378
18,22,3,3,0.4431223885553004
18,23,0,0,1.0
18,23,1,1,1.0
18,23,2,3,0.8933052047981574
18,23,3,2,0.8179797480859472
18,24,0,3,1.0
18,24,1,0,1.0
18,24,2,1,0.9466711575165601
18,24,3,2,0.931147741164684
18,25,3,2,1.0
18,25,1,1,1.0
18,25,0,0,0.8652279083691857
19,20,2,0,1.0
19,20,0,3,1.0
19,20,1,1,0.9199612382333084
19,20,3,2,0.3146889702038682
19,21,3,2,1.0
19,21,2,1,1.0
19,21,0,0,1.0
19,21,1,3,0.6811539902585239
19,22,2,0,1.0
19,22,0,1,1.0
19,22,1,2,0.891863770752786
19,22,3,3,0.5545058609587367
19,23,2,1,1.0
19,23,1,3,1.0
19,23,0,2,1.0
19,23,3,0,0.6287491562271813
19,24,2,1,1.0
19,24,0,2,1.0
19,24,1,0,1.0
19,24,3,3,0.938108361898509
19,25,2,2,1.0
19,25,1,1,1.0
19,25,0,0,0.9211762254789972
20,21,3,1,1.0
20,21,2,0,1.0
20,21,1,3,0.9338633899530177
20,21,0,2,0.9042816942663165
20,22,3,0,1.0
20,22,2,1,1.0
20,22,1,3,1.0
20,22,0,2,0.40207972270363956
20,23,2,1,1.0
20,23,0,3,1.0
20,23,1,0,0.8886132336742569
20,23,3,2,0.6481249903263524
20,24,2,2,1.0
20,24,1,1,1.0
20,24,3,0,0.9489989089876502
20,24,0,3,0.901069431271871
20,25,3,1,1.0
20,25,2,2,1.0
20,25,0,0,0.8343055228963917
21,22,1,1,1.0
21,22,0,0,1.0
21,22,2,2,0.9427812493196019
21,22,3,3,0.32382508884285727
21,23,2,1,1.0
21,23,0,3,1.0
21,23,1,0,1.0
21,23,3,2,0.8258774948382657
21,24,3,0,1.0
21,24,1,2,1.0
21,24,0,1,1.0
21,24,2,3,-0.09813976463159398
21,25,3,2,1.0
21,25,2,1,1.0
21,25,1,0,1.0
22,23,3,1,1.0
22,23,1,3,1.0
22,23,0,2,1.0
22,23,2,0,0.7960497063022162
22,24,3,0,1.0
22,24,2,3,1.0
22,24,0,2,1.0
22,24,1,1,1.0
22,25,3,2,1.0
22,25,1,1,1.0
22,25,0,0,0.6387756129486983
23,24,3,3,1.0
23,24,1,2,1.0
23,24,0,0,0.9468681100227708
23,24,2,1,0.8920543924368358
23,25,3,2,1.0
23,25,0,1,1.0
23,25,1,0,0.9110692812147186
24,25,3,2,1.0
24,25,2,1,1.0
24,25,0,0,0.6323381584238037
