11177,11279,7728,57106,55761,2958,23600,51095,4302,56731,92126,55034,9584,115509,51351,400961,54363,51742,92935,63974,494143,84271,169792,10492,54487,139324,11198,55699,92105,144348,51053,201501,3234,3842,55900,162417,23181,166968,10771,80208,11056,88455,9589,136332,65065,58155,169841,6426,51203,91746,10138,84071,27010,125,28982,404672,81490,90624,6444,10395,51747,2710,79042,54531,4534,54552,24149,79871,64421,3739,6601,6913,144108,123016,1267,4175,81615,10772,23468,5570,89765,7536,4784,1068,23248,345462,50628,51340,81034,157724,140690,27085,79842,2235,63934,2110,54763,65061,206412,57461,10606
1.0,0.577,0.611,0.524,0.2,0.574,0.164,0.333,0.608,0.608,0.239,0.254,0.284,1.0,1.0,0.343,0.087,0.446,0.273,0.436,0.206,0.331,0.633,0.336,0.254,1.0,0.658,0.304,0.462,0.556,0.6,0.522,0.532,0.052,1.0,0.204,0.247,0.808,0.399,0.161,0.224,0.225,0.254,0.12,0.081,0.345,1.0,0.337,0.178,0.304,0.626,0.167,0.228,0.14,0.174,0.441,0.244,0.204,0.032,0.186,0.246,0.186,0.288,0.808,0.268,0.292,0.543,0.338,0.252,0.057,0.543,0.52,0.769,0.129,0.05,0.559,0.07,0.492,0.577,0.357,0.126,0.295,0.633,0.195,0.269,1.0,0.289,0.208,0.114,0.064,0.529,0.068,1.0,0.226,1.0,0.15,0.238,0.161,0.245,0.217,0.212
0.577,1.0,0.968,0.72,0.034,0.705,0.162,0.334,0.937,0.937,0.212,0.32,0.408,1.0,0.939,0.51,0.077,0.49,0.342,0.482,0.159,0.352,0.922,0.334,0.294,1.0,0.497,0.343,0.655,0.685,0.487,0.748,0.732,0.026,1.0,0.199,0.252,1.0,0.437,0.045,0.209,0.257,0.338,0.028,0.031,0.554,1.0,0.343,0.051,0.309,0.905,0.036,0.314,0.122,0.121,0.487,0.173,0.076,0.018,0.089,0.275,0.144,0.282,1.0,0.102,0.246,0.858,0.411,0.265,0.038,0.393,0.718,0.662,0.024,0.026,0.377,0.035,0.486,0.744,0.39,0.034,0.306,0.922,0.058,0.259,1.0,0.188,0.222,0.105,0.025,0.616,0.043,1.0,0.201,1.0,0.093,0.129,0.116,0.083,0.207,0.249
0.611,0.968,1.0,0.79,0.034,0.777,0.165,0.349,0.917,0.917,0.213,0.319,0.401,1.0,0.939,0.484,0.077,0.526,0.339,0.595,0.163,0.409,0.956,0.35,0.336,1.0,0.554,0.34,0.666,0.71,0.5,0.766,0.804,0.026,1.0,0.202,0.26,1.0,0.464,0.047,0.209,0.249,0.336,0.027,0.031,0.542,1.0,0.36,0.058,0.315,0.932,0.035,0.313,0.121,0.134,0.509,0.173,0.077,0.018,0.095,0.277,0.144,0.282,1.0,0.106,0.263,0.9,0.426,0.264,0.039,0.444,0.742,0.683,0.024,0.025,0.391,0.036,0.518,0.735,0.44,0.033,0.315,0.956,0.057,0.259,1.0,0.188,0.221,0.114,0.025,0.689,0.048,1.0,0.209,1.0,0.095,0.141,0.116,0.083,0.208,0.256
0.524,0.72,0.79,1.0,0.038,0.883,0.2,0.383,0.791,0.791,0.262,0.384,0.466,0.784,0.854,0.381,0.093,0.358,0.465,0.501,0.191,0.399,0.848,0.378,0.342,0.784,0.651,0.463,0.626,0.618,0.386,0.586,0.662,0.03,0.784,0.242,0.253,0.653,0.345,0.052,0.331,0.171,0.403,0.031,0.033,0.45,0.784,0.401,0.058,0.312,0.845,0.039,0.365,0.136,0.15,0.606,0.217,0.085,0.02,0.08,0.381,0.178,0.404,0.653,0.113,0.208,0.828,0.574,0.344,0.033,0.364,0.575,0.679,0.027,0.029,0.412,0.038,0.497,0.538,0.469,0.038,0.353,0.848,0.063,0.397,0.784,0.296,0.32,0.125,0.029,0.611,0.048,0.784,0.257,0.784,0.106,0.115,0.091,0.091,0.31,0.358
0.2,0.034,0.034,0.038,1.0,0.101,0.057,0.045,0.036,0.036,0.071,0.067,0.055,0.039,0.038,0.037,0.047,0.097,0.039,0.195,0.145,0.038,0.042,0.062,0.086,0.039,0.197,0.044,0.045,0.161,0.122,0.098,0.033,0.051,0.039,0.057,0.11,0.031,0.061,0.23,0.109,0.094,0.052,0.353,0.077,0.044,0.039,0.153,0.209,0.111,0.033,0.634,0.038,0.074,0.055,0.167,0.054,0.296,0.041,0.171,0.206,0.073,0.049,0.031,0.268,0.138,0.029,0.063,0.139,0.058,0.141,0.11,0.199,0.384,0.066,0.123,0.082,0.139,0.104,0.113,0.358,0.185,0.042,0.389,0.055,0.039,0.29,0.193,0.062,0.061,0.048,0.058,0.039,0.11,0.039,0.098,0.366,0.108,0.228,0.219,0.036
0.574,0.705,0.777,0.883,0.101,1.0,0.207,0.353,0.723,0.723,0.261,0.38,0.449,0.839,0.808,0.324,0.092,0.442,0.418,0.575,0.205,0.364,0.891,0.383,0.326,0.839,0.747,0.426,0.601,0.599,0.411,0.625,0.694,0.034,0.839,0.256,0.248,0.68,0.397,0.074,0.309,0.168,0.377,0.068,0.042,0.412,0.839,0.412,0.071,0.32,0.732,0.069,0.357,0.139,0.19,0.71,0.233,0.142,0.022,0.095,0.384,0.185,0.395,0.68,0.143,0.234,0.697,0.571,0.331,0.035,0.415,0.621,0.709,0.063,0.031,0.435,0.047,0.52,0.524,0.403,0.075,0.36,0.891,0.096,0.385,0.839,0.376,0.32,0.151,0.035,0.634,0.042,0.839,0.28,0.839,0.125,0.134,0.093,0.118,0.319,0.337
0.164,0.162,0.165,0.2,0.057,0.207,1.0,0.189,0.171,0.171,0.208,0.286,0.212,0.201,0.205,0.131,0.562,0.119,0.246,0.109,0.192,0.114,0.203,0.173,0.137,0.201,0.172,0.24,0.188,0.17,0.144,0.147,0.141,0.04,0.201,0.353,0.135,0.173,0.102,0.093,0.199,0.107,0.199,0.043,0.061,0.167,0.201,0.194,0.061,0.155,0.168,0.056,0.229,0.392,0.166,0.225,0.273,0.132,0.034,0.067,0.197,0.298,0.213,0.173,0.159,0.099,0.15,0.178,0.207,0.043,0.113,0.151,0.18,0.042,0.045,0.208,0.06,0.19,0.138,0.139,0.05,0.168,0.203,0.089,0.227,0.201,0.172,0.165,0.188,0.044,0.188,0.038,0.201,0.232,0.201,0.404,0.093,0.078,0.155,0.167,0.206
0.333,0.334,0.349,0.383,0.045,0.353,0.189,1.0,0.368,0.368,0.237,0.339,0.524,0.531,0.573,0.398,0.128,0.23,0.403,0.213,0.233,0.31,0.397,0.498,0.341,0.531,0.29,0.438,0.499,0.316,0.31,0.291,0.297,0.031,0.531,0.229,0.217,0.436,0.217,0.079,0.436,0.156,0.424,0.034,0.048,0.379,0.531,0.402,0.057,0.312,0.374,0.045,0.237,0.143,0.122,0.336,0.229,0.11,0.024,0.093,0.427,0.162,0.675,0.436,0.134,0.179,0.317,0.271,0.326,0.035,0.224,0.286,0.351,0.032,0.033,0.31,0.054,0.395,0.282,0.254,0.041,0.327,0.397,0.08,0.516,0.531,0.272,0.321,0.165,0.032,0.4,0.034,0.531,0.229,0.531,0.148,0.148,0.108,0.162,0.308,0.202
0.608,0.937,0.917,0.791,0.036,0.723,0.171,0.368,1.0,1.0,0.225,0.332,0.442,1.0,1.0,0.466,0.084,0.457,0.37,0.507,0.167,0.389,0.88,0.329,0.318,1.0,0.538,0.368,0.716,0.756,0.457,0.771,0.759,0.027,1.0,0.208,0.253,0.808,0.42,0.048,0.224,0.219,0.369,0.029,0.031,0.558,1.0,0.368,0.054,0.333,0.922,0.037,0.332,0.128,0.127,0.498,0.178,0.081,0.019,0.089,0.294,0.151,0.288,0.808,0.105,0.235,0.827,0.449,0.277,0.041,0.394,0.751,0.708,0.026,0.028,0.408,0.037,0.524,0.658,0.432,0.036,0.336,0.88,0.06,0.269,1.0,0.204,0.242,0.109,0.026,0.64,0.05,1.0,0.21,1.0,0.097,0.142,0.116,0.083,0.228,0.266
0.608,0.937,0.917,0.791,0.036,0.723,0.171,0.368,1.0,1.0,0.225,0.332,0.442,1.0,1.0,0.466,0.084,0.457,0.37,0.507,0.167,0.389,0.88,0.329,0.318,1.0,0.538,0.368,0.716,0.756,0.457,0.771,0.759,0.027,1.0,0.208,0.253,0.808,0.42,0.048,0.224,0.219,0.369,0.029,0.031,0.558,1.0,0.368,0.054,0.333,0.922,0.037,0.332,0.128,0.127,0.498,0.178,0.081,0.019,0.089,0.294,0.151,0.288,0.808,0.105,0.235,0.827,0.449,0.277,0.041,0.394,0.751,0.708,0.026,0.028,0.408,0.037,0.524,0.658,0.432,0.036,0.336,0.88,0.06,0.269,1.0,0.204,0.242,0.109,0.026,0.64,0.05,1.0,0.21,1.0,0.097,0.142,0.116,0.083,0.228,0.266
0.239,0.212,0.213,0.262,0.071,0.261,0.208,0.237,0.225,0.225,1.0,0.39,0.248,0.24,0.254,0.241,0.145,0.138,0.31,0.144,0.295,0.207,0.262,0.214,0.158,0.24,0.222,0.346,0.223,0.205,0.205,0.192,0.183,0.05,0.24,0.283,0.203,0.208,0.128,0.102,0.195,0.16,0.224,0.052,0.056,0.194,0.24,0.209,0.073,0.17,0.222,0.069,0.276,0.2,0.137,0.287,0.273,0.167,0.034,0.091,0.227,0.245,0.218,0.208,0.179,0.149,0.203,0.233,0.262,0.051,0.142,0.194,0.236,0.051,0.059,0.309,0.071,0.212,0.176,0.181,0.061,0.184,0.262,0.101,0.226,0.24,0.17,0.189,0.138,0.057,0.222,0.054,0.24,0.25,0.24,0.191,0.156,0.09,0.14,0.186,0.213
0.254,0.32,0.319,0.384,0.067,0.38,0.286,0.339,0.332,0.332,0.39,1.0,0.361,0.346,0.347,0.292,0.158,0.176,0.436,0.197,0.27,0.245,0.374,0.289,0.231,0.346,0.303,0.44,0.348,0.274,0.219,0.269,0.264,0.05,0.346,0.356,0.29,0.301,0.169,0.093,0.315,0.16,0.343,0.051,0.055,0.294,0.346,0.326,0.069,0.247,0.318,0.065,0.512,0.212,0.215,0.415,0.474,0.15,0.036,0.096,0.343,0.327,0.341,0.301,0.245,0.189,0.296,0.33,0.382,0.05,0.183,0.271,0.324,0.05,0.055,0.33,0.062,0.322,0.25,0.268,0.059,0.294,0.374,0.094,0.359,0.346,0.28,0.299,0.193,0.056,0.292,0.052,0.346,0.37,0.346,0.176,0.209,0.084,0.122,0.297,0.447
0.284,0.408,0.401,0.466,0.055,0.449,0.212,0.524,0.442,0.442,0.248,0.361,1.0,0.44,0.466,0.258,0.126,0.231,0.397,0.236,0.178,0.242,0.454,0.525,0.442,0.44,0.352,0.383,0.586,0.371,0.244,0.356,0.335,0.038,0.44,0.202,0.241,0.357,0.218,0.073,0.614,0.183,0.838,0.042,0.059,0.726,0.44,0.72,0.067,0.633,0.416,0.055,0.239,0.191,0.116,0.457,0.181,0.126,0.032,0.093,0.716,0.196,0.725,0.357,0.136,0.159,0.374,0.369,0.444,0.047,0.226,0.346,0.397,0.04,0.044,0.334,0.056,0.748,0.303,0.307,0.048,0.748,0.454,0.089,0.76,0.44,0.528,0.659,0.166,0.042,0.398,0.049,0.44,0.265,0.44,0.158,0.139,0.116,0.164,0.632,0.236
1.0,1.0,1.0,0.784,0.039,0.839,0.201,0.531,1.0,1.0,0.24,0.346,0.44,1.0,0.939,0.437,0.085,1.0,0.36,0.839,0.207,0.452,1.0,0.437,0.386,1.0,0.744,0.36,0.842,0.939,0.746,1.0,1.0,0.026,1.0,0.25,0.34,0.808,0.842,0.077,0.209,0.253,0.396,0.03,0.031,0.576,1.0,0.576,0.072,0.44,0.939,0.039,0.339,0.135,0.289,0.695,0.173,0.1,0.021,0.193,0.329,0.166,0.282,0.808,0.167,0.42,0.784,0.546,0.298,0.054,1.0,1.0,0.939,0.027,0.03,0.573,0.05,0.939,0.808,0.434,0.037,0.44,1.0,0.064,0.259,1.0,0.188,0.248,0.189,0.025,1.0,0.054,1.0,0.289,1.0,0.128,0.268,0.116,0.083,0.248,0.339
1.0,0.939,0.939,0.854,0.038,0.808,0.205,0.573,1.0,1.0,0.254,0.347,0.466,0.939,1.0,0.477,0.09,0.939,0.38,0.808,0.211,0.49,0.939,0.477,0.413,0.939,0.82,0.38,0.877,1.0,0.817,0.939,0.939,0.027,0.939,0.249,0.342,0.781,0.877,0.078,0.224,0.264,0.429,0.031,0.029,0.589,0.939,0.589,0.075,0.466,1.0,0.038,0.338,0.136,0.294,0.635,0.178,0.098,0.021,0.224,0.329,0.171,0.288,0.781,0.172,0.466,0.854,0.578,0.299,0.051,0.939,0.939,1.0,0.028,0.031,0.608,0.048,1.0,0.817,0.477,0.037,0.466,0.939,0.06,0.269,0.939,0.204,0.258,0.187,0.026,0.939,0.06,0.939,0.294,0.939,0.121,0.286,0.114,0.072,0.258,0.34
0.343,0.51,0.484,0.381,0.037,0.324,0.131,0.398,0.466,0.466,0.241,0.292,0.258,0.437,0.477,1.0,0.088,0.269,0.462,0.236,0.249,0.52,0.455,0.417,0.244,0.437,0.25,0.491,0.333,0.371,0.371,0.37,0.339,0.031,0.437,0.274,0.276,0.546,0.278,0.052,0.147,0.278,0.218,0.03,0.026,0.404,0.437,0.22,0.05,0.218,0.521,0.038,0.267,0.122,0.099,0.246,0.209,0.079,0.018,0.095,0.173,0.14,0.174,0.546,0.119,0.269,0.532,0.226,0.181,0.033,0.237,0.34,0.371,0.027,0.029,0.29,0.034,0.294,0.463,0.286,0.036,0.206,0.455,0.053,0.166,0.437,0.136,0.151,0.108,0.032,0.318,0.044,0.437,0.157,0.437,0.093,0.166,0.093,0.06,0.145,0.184
0.087,0.077,0.077,0.093,0.047,0.092,0.562,0.128,0.084,0.084,0.145,0.158,0.126,0.085,0.09,0.088,1.0,0.068,0.156,0.054,0.173,0.07,0.093,0.107,0.084,0.085,0.081,0.147,0.094,0.105,0.082,0.08,0.066,0.033,0.085,0.227,0.076,0.07,0.053,0.09,0.098,0.089,0.112,0.036,0.039,0.104,0.085,0.104,0.051,0.084,0.081,0.048,0.147,0.317,0.09,0.115,0.173,0.107,0.024,0.048,0.112,0.214,0.11,0.07,0.114,0.06,0.072,0.088,0.122,0.032,0.062,0.083,0.085,0.032,0.036,0.117,0.048,0.095,0.068,0.076,0.044,0.091,0.093,0.077,0.109,0.085,0.087,0.093,0.132,0.033,0.1,0.03,0.085,0.152,0.085,0.412,0.068,0.061,0.11,0.091,0.094
0.446,0.49,0.526,0.358,0.097,0.442,0.119,0.23,0.457,0.457,0.138,0.176,0.231,1.0,0.939,0.269,0.068,1.0,0.175,0.352,0.322,0.193,0.544,0.314,0.236,1.0,0.337,0.194,0.337,0.575,0.434,0.476,0.431,0.09,1.0,0.137,0.203,1.0,0.474,0.149,0.209,0.219,0.213,0.109,0.38,0.302,1.0,0.25,0.116,0.243,0.493,0.116,0.17,0.124,0.199,0.277,0.173,0.123,0.135,0.297,0.159,0.129,0.282,1.0,0.178,0.271,0.425,0.287,0.173,0.156,0.415,0.419,0.406,0.143,0.133,0.261,0.116,0.35,0.484,0.213,0.087,0.205,0.544,0.116,0.259,1.0,0.188,0.129,0.114,0.152,0.452,0.111,1.0,0.212,1.0,0.176,0.203,0.205,1.0,0.131,0.163
0.273,0.342,0.339,0.465,0.039,0.418,0.246,0.403,0.37,0.37,0.31,0.436,0.397,0.36,0.38,0.462,0.156,0.175,1.0,0.201,0.321,0.382,0.412,0.306,0.24,0.36,0.332,0.926,0.347,0.304,0.229,0.28,0.279,0.028,0.36,0.419,0.211,0.314,0.168,0.051,0.281,0.12,0.323,0.03,0.034,0.308,0.36,0.295,0.044,0.22,0.359,0.04,0.316,0.188,0.132,0.398,0.258,0.089,0.02,0.058,0.333,0.174,0.385,0.314,0.13,0.139,0.336,0.346,0.297,0.027,0.164,0.282,0.356,0.027,0.03,0.342,0.041,0.291,0.266,0.24,0.038,0.255,0.412,0.066,0.3,0.36,0.223,0.27,0.198,0.027,0.281,0.025,0.36,0.23,0.36,0.12,0.119,0.052,0.098,0.253,0.28
0.436,0.482,0.595,0.501,0.195,0.575,0.109,0.213,0.507,0.507,0.144,0.197,0.236,0.839,0.808,0.236,0.054,0.352,0.201,1.0,0.191,0.25,0.601,0.312,0.239,0.839,0.407,0.22,0.341,0.458,0.299,0.391,0.568,0.039,0.839,0.129,0.322,0.68,0.252,0.237,0.183,0.126,0.207,0.17,0.091,0.288,0.839,0.233,0.094,0.217,0.559,0.236,0.185,0.088,0.176,0.293,0.154,0.088,0.378,0.216,0.171,0.105,0.249,0.68,0.138,0.17,0.507,0.227,0.179,0.056,0.35,0.506,0.41,0.247,0.261,0.25,0.228,0.318,0.388,0.296,0.202,0.198,0.601,0.137,0.225,0.839,0.166,0.144,0.084,0.042,0.497,0.051,0.839,0.157,0.839,0.09,0.225,0.093,0.256,0.142,0.171
0.206,0.159,0.163,0.191,0.145,0.205,0.192,0.233,0.167,0.167,0.295,0.27,0.178,0.207,0.211,0.249,0.173,0.322,0.321,0.191,1.0,0.206,0.2,0.215,0.177,0.207,0.191,0.367,0.174,0.509,0.2,0.19,0.165,0.09,0.207,0.347,0.21,0.177,0.147,0.196,0.142,0.12,0.164,0.118,0.38,0.141,0.207,0.155,0.127,0.157,0.164,0.127,0.301,0.183,0.243,0.2,0.425,0.204,0.16,0.168,0.169,0.209,0.155,0.177,0.206,0.192,0.144,0.188,0.168,0.198,0.16,0.21,0.187,0.161,0.159,0.217,0.13,0.161,0.189,0.124,0.092,0.138,0.2,0.165,0.159,0.207,0.125,0.142,0.213,0.152,0.192,0.131,0.207,0.31,0.207,0.269,0.172,0.205,1.0,0.139,0.236
0.331,0.352,0.409,0.399,0.038,0.364,0.114,0.31,0.389,0.389,0.207,0.245,0.242,0.452,0.49,0.52,0.07,0.193,0.382,0.25,0.206,1.0,0.399,0.344,0.221,0.452,0.266,0.422,0.284,0.302,0.26,0.28,0.335,0.482,0.452,0.212,0.249,0.386,0.179,0.108,0.137,0.191,0.198,0.031,0.249,0.265,0.452,0.192,0.086,0.376,0.435,0.041,0.218,0.099,0.187,0.211,0.198,0.066,0.021,0.088,0.168,0.117,0.162,0.386,0.138,0.188,0.418,0.194,0.15,0.096,0.217,0.275,0.301,0.028,0.029,0.253,0.039,0.244,0.283,0.338,0.037,0.177,0.399,0.064,0.159,0.452,0.122,0.142,0.201,0.199,0.388,0.111,0.452,0.137,0.452,0.08,0.181,0.077,0.104,0.135,0.161
0.633,0.922,0.956,0.848,0.042,0.891,0.203,0.397,0.88,0.88,0.262,0.374,0.454,1.0,0.939,0.455,0.093,0.544,0.412,0.601,0.2,0.399,1.0,0.403,0.339,1.0,0.67,0.422,0.689,0.703,0.511,0.754,0.789,0.034,1.0,0.25,0.275,1.0,0.484,0.062,0.309,0.236,0.391,0.032,0.042,0.515,1.0,0.424,0.064,0.342,0.89,0.042,0.349,0.142,0.173,0.65,0.233,0.097,0.022,0.101,0.35,0.186,0.395,1.0,0.133,0.27,0.845,0.538,0.323,0.042,0.46,0.738,0.742,0.03,0.032,0.466,0.045,0.568,0.72,0.424,0.039,0.358,1.0,0.069,0.385,1.0,0.271,0.278,0.141,0.035,0.691,0.048,1.0,0.266,1.0,0.123,0.151,0.116,0.118,0.272,0.323
0.336,0.334,0.35,0.378,0.062,0.383,0.173,0.498,0.329,0.329,0.214,0.289,0.525,0.437,0.477,0.417,0.107,0.314,0.306,0.312,0.215,0.344,0.403,1.0,0.388,0.437,0.339,0.328,0.404,0.337,0.335,0.304,0.313,0.067,0.437,0.194,0.296,0.546,0.318,0.119,0.614,0.206,0.545,0.064,0.099,0.465,0.437,0.6,0.084,0.482,0.371,0.076,0.202,0.148,0.177,0.34,0.195,0.116,0.073,0.16,0.471,0.16,0.733,0.546,0.189,0.231,0.351,0.313,0.319,0.058,0.317,0.362,0.367,0.077,0.065,0.306,0.088,0.601,0.362,0.279,0.09,0.523,0.403,0.093,0.76,0.437,0.703,0.443,0.179,0.086,0.416,0.056,0.437,0.238,0.437,0.164,0.209,0.134,0.248,0.454,0.204
0.254,0.294,0.336,0.342,0.086,0.326,0.137,0.341,0.318,0.318,0.158,0.231,0.442,0.386,0.413,0.244,0.084,0.236,0.24,0.239,0.177,0.221,0.339,0.388,1.0,0.386,0.262,0.235,0.392,0.338,0.22,0.277,0.285,0.063,0.386,0.132,0.28,0.344,0.268,0.098,0.438,0.192,0.375,0.057,0.095,0.456,0.386,0.386,0.1,0.329,0.356,0.08,0.168,0.132,0.104,0.392,0.122,0.116,0.044,0.136,0.349,0.126,0.521,0.344,0.137,0.165,0.336,0.307,0.408,0.07,0.251,0.287,0.272,0.063,0.071,0.302,0.084,0.364,0.522,0.311,0.068,0.329,0.339,0.122,0.401,0.386,0.282,0.285,0.136,0.082,0.372,0.078,0.386,0.206,0.386,0.213,0.151,0.135,0.269,0.277,0.15
1.0,1.0,1.0,0.784,0.039,0.839,0.201,0.531,1.0,1.0,0.24,0.346,0.44,1.0,0.939,0.437,0.085,1.0,0.36,0.839,0.207,0.452,1.0,0.437,0.386,1.0,0.744,0.36,0.842,0.939,0.746,1.0,1.0,0.026,1.0,0.25,0.34,0.808,0.842,0.077,0.209,0.253,0.396,0.03,0.031,0.576,1.0,0.576,0.072,0.44,0.939,0.039,0.339,0.135,0.289,0.695,0.173,0.1,0.021,0.193,0.329,0.166,0.282,0.808,0.167,0.42,0.784,0.546,0.298,0.054,1.0,1.0,0.939,0.027,0.03,0.573,0.05,0.939,0.808,0.434,0.037,0.44,1.0,0.064,0.259,1.0,0.188,0.248,0.189,0.025,1.0,0.054,1.0,0.289,1.0,0.128,0.268,0.116,0.083,0.248,0.339
0.658,0.497,0.554,0.651,0.197,0.747,0.172,0.29,0.538,0.538,0.222,0.303,0.352,0.744,0.82,0.25,0.081,0.337,0.332,0.407,0.191,0.266,0.67,0.339,0.262,0.744,1.0,0.352,0.489,0.465,0.381,0.442,0.48,0.036,0.744,0.208,0.209,0.614,0.339,0.114,0.309,0.137,0.308,0.119,0.047,0.312,0.744,0.365,0.147,0.291,0.579,0.15,0.277,0.123,0.157,0.612,0.233,0.205,0.025,0.12,0.349,0.164,0.395,0.614,0.2,0.233,0.526,0.442,0.303,0.037,0.486,0.442,0.8,0.123,0.038,0.387,0.055,0.446,0.472,0.333,0.125,0.313,0.67,0.175,0.385,0.744,0.289,0.288,0.125,0.038,0.498,0.041,0.744,0.243,0.744,0.117,0.167,0.085,0.134,0.291,0.279
0.304,0.343,0.34,0.463,0.044,0.426,0.24,0.438,0.368,0.368,0.346,0.44,0.383,0.36,0.38,0.491,0.147,0.194,0.926,0.22,0.367,0.422,0.422,0.328,0.235,0.36,0.352,1.0,0.342,0.316,0.254,0.294,0.29,0.032,0.36,0.441,0.23,0.314,0.186,0.061,0.281,0.133,0.316,0.033,0.037,0.294,0.36,0.293,0.049,0.228,0.359,0.044,0.317,0.187,0.152,0.412,0.296,0.102,0.022,0.072,0.324,0.195,0.385,0.314,0.159,0.156,0.334,0.368,0.289,0.03,0.177,0.296,0.375,0.03,0.034,0.384,0.047,0.297,0.273,0.238,0.041,0.251,0.422,0.071,0.3,0.36,0.223,0.261,0.206,0.032,0.293,0.028,0.36,0.244,0.36,0.132,0.144,0.058,0.103,0.249,0.285
0.462,0.655,0.666,0.626,0.045,0.601,0.188,0.499,0.716,0.716,0.223,0.348,0.586,0.842,0.877,0.333,0.094,0.337,0.347,0.341,0.174,0.284,0.689,0.404,0.392,0.842,0.489,0.342,1.0,0.545,0.353,0.519,0.534,0.031,0.842,0.196,0.215,0.679,0.365,0.058,0.543,0.17,0.48,0.034,0.05,0.499,0.842,0.482,0.057,0.348,0.688,0.046,0.292,0.15,0.118,0.47,0.161,0.103,0.026,0.077,0.486,0.164,0.642,0.679,0.112,0.174,0.595,0.38,0.334,0.039,0.303,0.51,0.546,0.032,0.034,0.334,0.048,0.527,0.477,0.335,0.041,0.404,0.689,0.08,0.51,0.842,0.337,0.384,0.136,0.031,0.521,0.038,0.842,0.246,0.842,0.132,0.116,0.105,0.157,0.365,0.248
0.556,0.685,0.71,0.618,0.161,0.599,0.17,0.316,0.756,0.756,0.205,0.274,0.371,0.939,1.0,0.371,0.105,0.575,0.304,0.458,0.509,0.302,0.703,0.337,0.338,0.939,0.465,0.316,0.545,1.0,0.441,0.573,0.592,0.09,0.939,0.2,0.233,0.781,0.373,0.184,0.224,0.194,0.322,0.133,0.38,0.438,0.939,0.316,0.137,0.309,0.749,0.14,0.266,0.174,0.231,0.376,0.178,0.204,0.185,0.18,0.256,0.184,0.288,0.781,0.198,0.292,0.646,0.352,0.247,0.231,0.375,0.599,0.586,0.178,0.182,0.352,0.138,0.44,0.6,0.339,0.098,0.287,0.703,0.178,0.269,0.939,0.204,0.215,0.148,0.152,0.552,0.159,0.939,0.297,0.939,0.254,0.217,0.205,1.0,0.206,0.231
0.6,0.487,0.5,0.386,0.122,0.411,0.144,0.31,0.457,0.457,0.205,0.219,0.244,0.746,0.817,0.371,0.082,0.434,0.229,0.299,0.2,0.26,0.511,0.335,0.22,0.746,0.381,0.254,0.353,0.441,1.0,0.477,0.389,0.071,0.746,0.173,0.235,0.931,0.43,0.11,0.236,0.303,0.233,0.082,0.085,0.326,0.746,0.297,0.202,0.27,0.533,0.092,0.191,0.135,0.167,0.336,0.2,0.155,0.039,0.233,0.199,0.158,0.281,0.931,0.196,0.342,0.484,0.292,0.24,0.09,0.482,0.385,0.484,0.087,0.063,0.53,0.079,0.405,0.502,0.296,0.088,0.258,0.511,0.154,0.275,0.746,0.323,0.17,0.115,0.09,0.412,0.158,0.746,0.201,0.746,0.14,0.19,0.522,0.228,0.183,0.171
0.522,0.748,0.766,0.586,0.098,0.625,0.147,0.291,0.771,0.771,0.192,0.269,0.356,1.0,0.939,0.37,0.08,0.476,0.28,0.391,0.19,0.28,0.754,0.304,0.277,1.0,0.442,0.294,0.519,0.573,0.477,1.0,0.605,0.071,1.0,0.175,0.229,0.808,0.432,0.104,0.209,0.308,0.306,0.066,0.085,0.457,1.0,0.306,0.119,0.286,0.716,0.09,0.263,0.129,0.139,0.386,0.173,0.119,0.048,0.264,0.231,0.141,0.282,0.808,0.178,0.251,0.621,0.38,0.237,0.098,0.4,0.586,0.548,0.071,0.081,0.331,0.088,0.414,0.543,0.328,0.078,0.271,0.754,0.131,0.259,1.0,0.188,0.191,0.119,0.09,0.554,0.123,1.0,0.205,1.0,0.125,0.164,0.307,0.207,0.182,0.216
0.532,0.732,0.804,0.662,0.033,0.694,0.141,0.297,0.759,0.759,0.183,0.264,0.335,1.0,0.939,0.339,0.066,0.431,0.279,0.568,0.165,0.335,0.789,0.313,0.285,1.0,0.48,0.29,0.534,0.592,0.389,0.605,1.0,0.026,1.0,0.171,0.231,0.808,0.354,0.058,0.209,0.169,0.288,0.062,0.051,0.424,1.0,0.31,0.055,0.282,0.748,0.052,0.257,0.107,0.132,0.413,0.173,0.067,0.116,0.123,0.227,0.128,0.282,0.808,0.096,0.202,0.679,0.338,0.226,0.041,0.38,0.606,0.557,0.139,0.086,0.336,0.08,0.437,0.527,0.369,0.063,0.267,0.789,0.055,0.259,1.0,0.188,0.184,0.096,0.025,0.611,0.044,1.0,0.183,1.0,0.091,0.137,0.116,0.137,0.177,0.222
0.052,0.026,0.026,0.03,0.051,0.034,0.04,0.031,0.027,0.027,0.05,0.05,0.038,0.026,0.027,0.031,0.033,0.09,0.028,0.039,0.09,0.482,0.034,0.067,0.063,0.026,0.036,0.032,0.031,0.09,0.071,0.071,0.026,1.0,0.026,0.039,0.031,0.022,0.062,0.262,0.035,0.276,0.034,0.039,0.242,0.032,0.026,0.034,0.169,0.476,0.027,0.051,0.032,0.048,0.288,0.037,0.036,0.054,0.025,0.076,0.035,0.047,0.03,0.022,0.334,0.265,0.023,0.046,0.038,0.171,0.063,0.077,0.034,0.037,0.042,0.054,0.062,0.033,0.063,0.027,0.046,0.032,0.034,0.076,0.031,0.026,0.032,0.032,0.275,0.232,0.406,0.274,0.026,0.083,0.026,0.066,0.361,0.058,0.09,0.033,0.033
1.0,1.0,1.0,0.784,0.039,0.839,0.201,0.531,1.0,1.0,0.24,0.346,0.44,1.0,0.939,0.437,0.085,1.0,0.36,0.839,0.207,0.452,1.0,0.437,0.386,1.0,0.744,0.36,0.842,0.939,0.746,1.0,1.0,0.026,1.0,0.25,0.34,0.808,0.842,0.077,0.209,0.253,0.396,0.03,0.031,0.576,1.0,0.576,0.072,0.44,0.939,0.039,0.339,0.135,0.289,0.695,0.173,0.1,0.021,0.193,0.329,0.166,0.282,0.808,0.167,0.42,0.784,0.546,0.298,0.054,1.0,1.0,0.939,0.027,0.03,0.573,0.05,0.939,0.808,0.434,0.037,0.44,1.0,0.064,0.259,1.0,0.188,0.248,0.189,0.025,1.0,0.054,1.0,0.289,1.0,0.128,0.268,0.116,0.083,0.248,0.339
0.204,0.199,0.202,0.242,0.057,0.256,0.353,0.229,0.208,0.208,0.283,0.356,0.202,0.25,0.249,0.274,0.227,0.137,0.419,0.129,0.347,0.212,0.25,0.194,0.132,0.25,0.208,0.441,0.196,0.2,0.173,0.175,0.171,0.039,0.25,1.0,0.209,0.212,0.118,0.079,0.166,0.105,0.184,0.043,0.055,0.163,0.25,0.174,0.061,0.138,0.203,0.057,0.317,0.268,0.174,0.243,0.369,0.136,0.032,0.071,0.187,0.246,0.178,0.212,0.141,0.113,0.181,0.217,0.19,0.042,0.122,0.177,0.219,0.041,0.046,0.253,0.062,0.179,0.163,0.15,0.05,0.153,0.25,0.091,0.186,0.25,0.146,0.155,0.24,0.043,0.193,0.039,0.25,0.289,0.25,0.192,0.11,0.075,0.163,0.154,0.333
0.247,0.252,0.26,0.253,0.11,0.248,0.135,0.217,0.253,0.253,0.203,0.29,0.241,0.34,0.342,0.276,0.076,0.203,0.211,0.322,0.21,0.249,0.275,0.296,0.28,0.34,0.209,0.23,0.215,0.233,0.235,0.229,0.231,0.031,0.34,0.209,1.0,0.358,0.175,0.195,0.201,0.208,0.217,0.084,0.064,0.328,0.34,0.244,0.077,0.329,0.264,0.132,0.37,0.118,0.149,0.194,0.261,0.091,0.089,0.155,0.19,0.165,0.234,0.358,0.166,0.231,0.247,0.172,0.16,0.056,0.205,0.254,0.246,0.111,0.076,0.186,0.084,0.268,0.233,0.217,0.113,0.211,0.275,0.09,0.246,0.34,0.173,0.158,0.111,0.032,0.337,0.048,0.34,0.186,0.34,0.098,0.23,0.111,0.163,0.161,0.392
0.808,1.0,1.0,0.653,0.031,0.68,0.173,0.436,0.808,0.808,0.208,0.301,0.357,0.808,0.781,0.546,0.07,1.0,0.314,0.68,0.177,0.386,1.0,0.546,0.344,0.808,0.614,0.314,0.679,0.781,0.931,0.808,0.808,0.022,0.808,0.212,0.358,1.0,0.931,0.061,0.175,0.327,0.313,0.025,0.023,0.532,0.808,0.473,0.058,0.357,0.931,0.031,0.297,0.112,0.247,0.594,0.148,0.078,0.016,0.183,0.271,0.137,0.238,1.0,0.138,0.508,0.931,0.461,0.253,0.04,0.931,0.808,0.781,0.022,0.023,0.472,0.04,0.781,1.0,0.37,0.031,0.357,1.0,0.051,0.214,0.808,0.159,0.206,0.16,0.02,0.808,0.04,0.808,0.247,0.808,0.101,0.214,0.089,0.064,0.206,0.295
0.399,0.437,0.464,0.345,0.061,0.397,0.102,0.217,0.42,0.42,0.128,0.169,0.218,0.842,0.877,0.278,0.053,0.474,0.168,0.252,0.147,0.179,0.484,0.318,0.268,0.842,0.339,0.186,0.365,0.373,0.43,0.432,0.354,0.062,0.842,0.118,0.175,0.931,1.0,0.1,0.208,0.206,0.202,0.047,0.073,0.297,0.842,0.241,0.091,0.214,0.487,0.059,0.167,0.092,0.123,0.292,0.161,0.075,0.035,0.279,0.146,0.098,0.281,0.931,0.14,0.233,0.424,0.373,0.188,0.07,0.361,0.334,0.398,0.05,0.094,0.248,0.063,0.335,0.517,0.206,0.052,0.196,0.484,0.086,0.258,0.842,0.187,0.12,0.091,0.075,0.387,0.08,0.842,0.166,0.842,0.135,0.124,0.269,0.172,0.123,0.164
0.161,0.045,0.047,0.052,0.23,0.074,0.093,0.079,0.048,0.048,0.102,0.093,0.073,0.077,0.078,0.052,0.09,0.149,0.051,0.237,0.196,0.108,0.062,0.119,0.098,0.077,0.114,0.061,0.058,0.184,0.11,0.104,0.058,0.262,0.077,0.079,0.195,0.061,0.1,1.0,0.13,0.113,0.07,0.136,0.156,0.058,0.077,0.097,0.203,0.117,0.048,0.237,0.053,0.102,0.199,0.096,0.108,0.148,0.087,0.174,0.095,0.105,0.093,0.061,0.316,0.11,0.04,0.09,0.122,0.14,0.148,0.152,0.107,0.161,0.326,0.126,0.115,0.093,0.103,0.079,0.164,0.093,0.062,0.245,0.1,0.077,0.149,0.086,0.145,0.232,0.103,0.082,0.077,0.166,0.077,0.147,0.238,0.097,0.261,0.096,0.057
0.224,0.209,0.209,0.331,0.109,0.309,0.199,0.436,0.224,0.224,0.195,0.315,0.614,0.209,0.224,0.147,0.098,0.209,0.281,0.183,0.142,0.137,0.309,0.614,0.438,0.209,0.309,0.281,0.543,0.224,0.236,0.209,0.209,0.035,0.209,0.166,0.201,0.175,0.208,0.13,1.0,0.144,0.485,0.129,0.046,0.39,0.209,0.485,0.082,0.37,0.224,0.109,0.191,0.146,0.179,0.309,0.125,0.132,0.03,0.135,0.511,0.163,0.506,0.175,0.162,0.143,0.198,0.28,0.327,0.043,0.215,0.209,0.309,0.122,0.048,0.236,0.076,0.431,0.187,0.21,0.129,0.387,0.309,0.137,0.393,0.209,0.387,0.387,0.227,0.037,0.429,0.038,0.209,0.248,0.209,0.172,0.116,0.069,0.13,0.37,0.215
0.225,0.257,0.249,0.171,0.094,0.168,0.107,0.156,0.219,0.219,0.16,0.16,0.183,0.253,0.264,0.278,0.089,0.219,0.12,0.126,0.12,0.191,0.236,0.206,0.192,0.253,0.137,0.133,0.17,0.194,0.303,0.308,0.169,0.276,0.253,0.105,0.208,0.327,0.206,0.113,0.144,1.0,0.17,0.069,0.306,0.295,0.253,0.172,0.104,0.197,0.254,0.094,0.11,0.132,0.102,0.153,0.111,0.102,0.031,0.161,0.13,0.12,0.138,0.327,0.172,0.317,0.252,0.153,0.175,0.086,0.192,0.18,0.207,0.062,0.052,0.197,0.06,0.203,0.252,0.209,0.077,0.165,0.236,0.111,0.138,0.253,0.15,0.12,0.099,0.094,0.262,0.214,0.253,0.127,0.253,0.111,0.243,0.19,0.124,0.125,0.078
0.254,0.338,0.336,0.403,0.052,0.377,0.199,0.424,0.369,0.369,0.224,0.343,0.838,0.396,0.429,0.218,0.112,0.213,0.323,0.207,0.164,0.198,0.391,0.545,0.375,0.396,0.308,0.316,0.48,0.322,0.233,0.306,0.288,0.034,0.396,0.184,0.217,0.313,0.202,0.07,0.485,0.17,1.0,0.038,0.054,0.621,0.396,0.759,0.062,0.636,0.355,0.052,0.217,0.17,0.114,0.387,0.156,0.124,0.03,0.088,0.627,0.177,0.603,0.313,0.138,0.148,0.311,0.32,0.384,0.044,0.211,0.296,0.349,0.037,0.04,0.293,0.058,0.693,0.257,0.273,0.046,0.729,0.391,0.088,0.857,0.396,0.577,0.668,0.17,0.035,0.386,0.041,0.396,0.251,0.396,0.154,0.135,0.118,0.16,0.646,0.209
0.12,0.028,0.027,0.031,0.353,0.068,0.043,0.034,0.029,0.029,0.052,0.051,0.042,0.03,0.031,0.03,0.036,0.109,0.03,0.17,0.118,0.031,0.032,0.064,0.057,0.03,0.119,0.033,0.034,0.133,0.082,0.066,0.062,0.039,0.03,0.043,0.084,0.025,0.047,0.136,0.129,0.069,0.038,1.0,0.08,0.034,0.03,0.1,0.164,0.077,0.027,0.504,0.03,0.053,0.061,0.103,0.041,0.173,0.121,0.145,0.126,0.051,0.036,0.025,0.162,0.104,0.024,0.046,0.084,0.056,0.096,0.112,0.137,0.475,0.098,0.075,0.094,0.092,0.093,0.074,0.843,0.12,0.032,0.407,0.037,0.03,0.204,0.119,0.048,0.043,0.04,0.042,0.03,0.074,0.03,0.071,0.361,0.072,0.19,0.14,0.029
0.081,0.031,0.031,0.033,0.077,0.042,0.061,0.048,0.031,0.031,0.056,0.055,0.059,0.031,0.029,0.026,0.039,0.38,0.034,0.091,0.38,0.249,0.042,0.099,0.095,0.031,0.047,0.037,0.05,0.38,0.085,0.085,0.051,0.242,0.031,0.055,0.064,0.023,0.073,0.156,0.046,0.306,0.054,0.08,1.0,0.037,0.031,0.054,0.111,0.219,0.029,0.077,0.032,0.069,0.267,0.05,0.038,0.089,0.083,0.113,0.059,0.067,0.043,0.023,0.167,0.297,0.023,0.048,0.05,0.2,0.081,0.102,0.042,0.092,0.078,0.066,0.09,0.059,0.095,0.028,0.048,0.046,0.042,0.1,0.05,0.031,0.037,0.046,0.116,0.126,0.396,0.485,0.031,0.123,0.031,0.135,0.536,0.077,0.38,0.046,0.038
0.345,0.554,0.542,0.45,0.044,0.412,0.167,0.379,0.558,0.558,0.194,0.294,0.726,0.576,0.589,0.404,0.104,0.302,0.308,0.288,0.141,0.265,0.515,0.465,0.456,0.576,0.312,0.294,0.499,0.438,0.326,0.457,0.424,0.032,0.576,0.163,0.328,0.532,0.297,0.058,0.39,0.295,0.621,0.034,0.037,1.0,0.576,0.635,0.063,0.539,0.554,0.044,0.241,0.158,0.096,0.343,0.144,0.097,0.023,0.115,0.568,0.146,0.534,0.532,0.119,0.234,0.524,0.289,0.343,0.048,0.293,0.421,0.42,0.031,0.034,0.316,0.043,0.63,0.435,0.377,0.041,0.589,0.515,0.069,0.471,0.576,0.393,0.459,0.138,0.033,0.455,0.057,0.576,0.2,0.576,0.118,0.163,0.144,0.097,0.439,0.198
1.0,1.0,1.0,0.784,0.039,0.839,0.201,0.531,1.0,1.0,0.24,0.346,0.44,1.0,0.939,0.437,0.085,1.0,0.36,0.839,0.207,0.452,1.0,0.437,0.386,1.0,0.744,0.36,0.842,0.939,0.746,1.0,1.0,0.026,1.0,0.25,0.34,0.808,0.842,0.077,0.209,0.253,0.396,0.03,0.031,0.576,1.0,0.576,0.072,0.44,0.939,0.039,0.339,0.135,0.289,0.695,0.173,0.1,0.021,0.193,0.329,0.166,0.282,0.808,0.167,0.42,0.784,0.546,0.298,0.054,1.0,1.0,0.939,0.027,0.03,0.573,0.05,0.939,0.808,0.434,0.037,0.44,1.0,0.064,0.259,1.0,0.188,0.248,0.189,0.025,1.0,0.054,1.0,0.289,1.0,0.128,0.268,0.116,0.083,0.248,0.339
0.337,0.343,0.36,0.401,0.153,0.412,0.194,0.402,0.368,0.368,0.209,0.326,0.72,0.576,0.589,0.22,0.104,0.25,0.295,0.233,0.155,0.192,0.424,0.6,0.386,0.576,0.365,0.293,0.482,0.316,0.297,0.306,0.31,0.034,0.576,0.174,0.244,0.473,0.241,0.097,0.485,0.172,0.759,0.1,0.054,0.635,0.576,1.0,0.083,0.768,0.371,0.096,0.217,0.159,0.127,0.397,0.156,0.2,0.028,0.124,0.814,0.168,0.603,0.473,0.154,0.214,0.315,0.306,0.36,0.043,0.271,0.297,0.405,0.095,0.039,0.288,0.061,0.848,0.297,0.278,0.106,0.904,0.424,0.134,0.857,0.576,0.857,0.874,0.183,0.035,0.448,0.041,0.576,0.244,0.576,0.154,0.153,0.144,0.16,0.862,0.209
0.178,0.051,0.058,0.058,0.209,0.071,0.061,0.057,0.054,0.054,0.073,0.069,0.067,0.072,0.075,0.05,0.051,0.116,0.044,0.094,0.127,0.086,0.064,0.084,0.1,0.072,0.147,0.049,0.057,0.137,0.202,0.119,0.055,0.169,0.072,0.061,0.077,0.058,0.091,0.203,0.082,0.104,0.062,0.164,0.111,0.063,0.072,0.083,1.0,0.086,0.058,0.212,0.048,0.076,0.092,0.079,0.062,0.138,0.04,0.152,0.087,0.076,0.059,0.058,0.226,0.137,0.053,0.078,0.128,0.082,0.257,0.111,0.149,0.13,0.069,0.26,0.085,0.081,0.123,0.146,0.169,0.082,0.064,0.354,0.066,0.072,0.099,0.081,0.086,0.109,0.092,0.25,0.072,0.111,0.072,0.098,0.173,0.35,0.202,0.085,0.043
0.304,0.309,0.315,0.312,0.111,0.32,0.155,0.312,0.333,0.333,0.17,0.247,0.633,0.44,0.466,0.218,0.084,0.243,0.22,0.217,0.157,0.376,0.342,0.482,0.329,0.44,0.291,0.228,0.348,0.309,0.27,0.286,0.282,0.476,0.44,0.138,0.329,0.357,0.214,0.117,0.37,0.197,0.636,0.077,0.219,0.539,0.44,0.768,0.086,1.0,0.332,0.074,0.156,0.134,0.165,0.3,0.133,0.151,0.033,0.122,0.578,0.135,0.533,0.357,0.155,0.204,0.278,0.228,0.262,0.095,0.238,0.279,0.343,0.081,0.037,0.253,0.05,0.753,0.253,0.232,0.076,0.774,0.342,0.105,0.665,0.44,0.857,0.642,0.191,0.193,0.463,0.07,0.44,0.193,0.44,0.127,0.18,0.129,0.222,0.657,0.15
0.626,0.905,0.932,0.845,0.033,0.732,0.168,0.374,0.922,0.922,0.222,0.318,0.416,0.939,1.0,0.521,0.081,0.493,0.359,0.559,0.164,0.435,0.89,0.371,0.356,0.939,0.579,0.359,0.688,0.749,0.533,0.716,0.748,0.027,0.939,0.203,0.264,0.931,0.487,0.048,0.224,0.254,0.355,0.027,0.029,0.554,0.939,0.371,0.058,0.332,1.0,0.034,0.318,0.122,0.135,0.475,0.178,0.075,0.018,0.098,0.282,0.147,0.288,0.931,0.108,0.284,0.971,0.451,0.268,0.038,0.456,0.694,0.728,0.024,0.026,0.411,0.035,0.549,0.752,0.475,0.033,0.334,0.89,0.054,0.269,0.939,0.204,0.233,0.113,0.026,0.67,0.052,0.939,0.209,0.939,0.092,0.148,0.114,0.072,0.222,0.266
0.167,0.036,0.035,0.039,0.634,0.069,0.056,0.045,0.037,0.037,0.069,0.065,0.055,0.039,0.038,0.038,0.048,0.116,0.04,0.236,0.127,0.041,0.042,0.076,0.08,0.039,0.15,0.044,0.046,0.14,0.092,0.09,0.052,0.051,0.039,0.057,0.132,0.031,0.059,0.237,0.109,0.094,0.052,0.504,0.077,0.044,0.039,0.096,0.212,0.074,0.034,1.0,0.038,0.072,0.073,0.104,0.054,0.211,0.081,0.154,0.122,0.072,0.049,0.031,0.25,0.103,0.031,0.062,0.133,0.059,0.148,0.138,0.144,0.422,0.094,0.119,0.092,0.088,0.101,0.111,0.577,0.11,0.042,0.372,0.055,0.039,0.144,0.114,0.064,0.061,0.048,0.06,0.039,0.102,0.039,0.093,0.54,0.108,0.228,0.126,0.037
0.228,0.314,0.313,0.365,0.038,0.357,0.229,0.237,0.332,0.332,0.276,0.512,0.239,0.339,0.338,0.267,0.147,0.17,0.316,0.185,0.301,0.218,0.349,0.202,0.168,0.339,0.277,0.317,0.292,0.266,0.191,0.263,0.257,0.032,0.339,0.317,0.37,0.297,0.167,0.053,0.191,0.11,0.217,0.03,0.032,0.241,0.339,0.217,0.048,0.156,0.318,0.038,1.0,0.16,0.192,0.302,0.407,0.083,0.019,0.061,0.198,0.245,0.212,0.297,0.145,0.139,0.295,0.276,0.215,0.03,0.161,0.257,0.301,0.028,0.029,0.243,0.036,0.239,0.244,0.252,0.037,0.196,0.349,0.059,0.214,0.339,0.172,0.173,0.156,0.032,0.231,0.036,0.339,0.301,0.339,0.126,0.116,0.074,0.08,0.172,0.475
0.14,0.122,0.121,0.136,0.074,0.139,0.392,0.143,0.128,0.128,0.2,0.212,0.191,0.135,0.136,0.122,0.317,0.124,0.188,0.088,0.183,0.099,0.142,0.148,0.132,0.135,0.123,0.187,0.15,0.174,0.135,0.129,0.107,0.048,0.135,0.268,0.118,0.112,0.092,0.102,0.146,0.132,0.17,0.053,0.069,0.158,0.135,0.159,0.076,0.134,0.122,0.072,0.16,1.0,0.155,0.169,0.206,0.179,0.035,0.092,0.174,0.305,0.156,0.112,0.163,0.13,0.108,0.139,0.2,0.099,0.105,0.133,0.131,0.051,0.06,0.179,0.078,0.15,0.108,0.137,0.062,0.141,0.142,0.113,0.163,0.135,0.128,0.143,0.152,0.055,0.164,0.056,0.135,0.248,0.135,0.253,0.107,0.11,0.232,0.141,0.139
0.174,0.121,0.134,0.15,0.055,0.19,0.166,0.122,0.127,0.127,0.137,0.215,0.116,0.289,0.294,0.099,0.09,0.199,0.132,0.176,0.243,0.187,0.173,0.177,0.104,0.289,0.157,0.152,0.118,0.231,0.167,0.139,0.132,0.288,0.289,0.174,0.149,0.247,0.123,0.199,0.179,0.102,0.114,0.061,0.267,0.096,0.289,0.127,0.092,0.165,0.135,0.073,0.192,0.155,1.0,0.156,0.703,0.091,0.116,0.126,0.106,0.217,0.205,0.247,0.29,0.136,0.111,0.141,0.134,0.285,0.16,0.184,0.153,0.082,0.086,0.183,0.089,0.138,0.136,0.105,0.081,0.102,0.173,0.082,0.207,0.289,0.159,0.089,0.306,0.448,0.186,0.063,0.289,0.302,0.289,0.14,0.136,0.107,0.329,0.095,0.232
0.441,0.487,0.509,0.606,0.167,0.71,0.225,0.336,0.498,0.498,0.287,0.415,0.457,0.695,0.635,0.246,0.115,0.277,0.398,0.293,0.2,0.211,0.65,0.34,0.392,0.695,0.612,0.412,0.47,0.376,0.336,0.386,0.413,0.037,0.695,0.243,0.194,0.594,0.292,0.096,0.309,0.153,0.387,0.103,0.05,0.343,0.695,0.397,0.079,0.3,0.475,0.104,0.302,0.169,0.156,1.0,0.233,0.214,0.028,0.095,0.44,0.208,0.395,0.594,0.167,0.193,0.42,0.491,0.659,0.038,0.345,0.388,0.576,0.093,0.043,0.503,0.059,0.418,0.513,0.319,0.11,0.364,0.65,0.139,0.385,0.695,0.405,0.374,0.167,0.04,0.45,0.035,0.695,0.293,0.695,0.184,0.126,0.074,0.146,0.374,0.308
0.244,0.173,0.173,0.217,0.054,0.233,0.273,0.229,0.178,0.178,0.273,0.474,0.181,0.173,0.178,0.209,0.173,0.173,0.258,0.154,0.425,0.198,0.233,0.195,0.122,0.173,0.233,0.296,0.161,0.178,0.2,0.173,0.173,0.036,0.173,0.369,0.261,0.148,0.161,0.108,0.125,0.111,0.156,0.041,0.038,0.144,0.173,0.156,0.062,0.133,0.178,0.054,0.407,0.206,0.703,0.233,1.0,0.14,0.026,0.132,0.163,0.412,0.138,0.148,0.705,0.134,0.159,0.22,0.159,0.042,0.173,0.173,0.233,0.039,0.045,0.279,0.067,0.178,0.151,0.134,0.048,0.133,0.233,0.081,0.139,0.173,0.112,0.133,0.224,0.037,0.207,0.038,0.173,0.275,0.173,0.171,0.195,0.062,0.098,0.133,0.286
0.204,0.076,0.077,0.085,0.296,0.142,0.132,0.11,0.081,0.081,0.167,0.15,0.126,0.1,0.098,0.079,0.107,0.123,0.089,0.088,0.204,0.066,0.097,0.116,0.116,0.1,0.205,0.102,0.103,0.204,0.155,0.119,0.067,0.054,0.1,0.136,0.091,0.078,0.075,0.148,0.132,0.102,0.124,0.173,0.089,0.097,0.1,0.2,0.138,0.151,0.075,0.211,0.083,0.179,0.091,0.214,0.14,1.0,0.045,0.121,0.242,0.18,0.129,0.078,0.241,0.142,0.064,0.105,0.157,0.063,0.121,0.135,0.215,0.168,0.073,0.167,0.09,0.184,0.123,0.081,0.181,0.208,0.097,0.248,0.147,0.1,0.295,0.214,0.091,0.067,0.105,0.062,0.1,0.333,0.1,0.406,0.156,0.12,0.279,0.236,0.085
0.032,0.018,0.018,0.02,0.041,0.022,0.034,0.024,0.019,0.019,0.034,0.036,0.032,0.021,0.021,0.018,0.024,0.135,0.02,0.378,0.16,0.021,0.022,0.073,0.044,0.021,0.025,0.022,0.026,0.185,0.039,0.048,0.116,0.025,0.021,0.032,0.089,0.016,0.035,0.087,0.03,0.031,0.03,0.121,0.083,0.023,0.021,0.028,0.04,0.033,0.018,0.081,0.019,0.035,0.116,0.028,0.026,0.045,1.0,0.178,0.031,0.036,0.028,0.016,0.046,0.048,0.014,0.031,0.029,0.054,0.075,0.107,0.023,0.221,0.28,0.036,0.224,0.026,0.038,0.018,0.117,0.025,0.022,0.058,0.031,0.021,0.025,0.025,0.033,0.033,0.032,0.031,0.021,0.061,0.021,0.064,0.089,0.05,0.252,0.026,0.021
0.186,0.089,0.095,0.08,0.171,0.095,0.067,0.093,0.089,0.089,0.091,0.096,0.093,0.193,0.224,0.095,0.048,0.297,0.058,0.216,0.168,0.088,0.101,0.16,0.136,0.193,0.12,0.072,0.077,0.18,0.233,0.264,0.123,0.076,0.193,0.071,0.155,0.183,0.279,0.174,0.135,0.161,0.088,0.145,0.113,0.115,0.193,0.124,0.152,0.122,0.098,0.154,0.061,0.092,0.126,0.095,0.132,0.121,0.178,1.0,0.088,0.078,0.114,0.183,0.248,0.202,0.086,0.14,0.11,0.102,0.227,0.138,0.124,0.205,0.2,0.122,0.155,0.121,0.14,0.113,0.15,0.107,0.101,0.191,0.103,0.193,0.172,0.076,0.072,0.1,0.145,0.089,0.193,0.129,0.193,0.114,0.201,0.307,0.329,0.083,0.05
0.246,0.275,0.277,0.381,0.206,0.384,0.197,0.427,0.294,0.294,0.227,0.343,0.716,0.329,0.329,0.173,0.112,0.159,0.333,0.171,0.169,0.168,0.35,0.471,0.349,0.329,0.349,0.324,0.486,0.256,0.199,0.231,0.227,0.035,0.329,0.187,0.19,0.271,0.146,0.095,0.511,0.13,0.627,0.126,0.059,0.568,0.329,0.814,0.087,0.578,0.282,0.122,0.198,0.174,0.106,0.44,0.163,0.242,0.031,0.088,1.0,0.182,0.733,0.271,0.151,0.156,0.254,0.302,0.399,0.04,0.173,0.234,0.352,0.114,0.044,0.257,0.059,0.734,0.221,0.227,0.132,0.8,0.35,0.163,0.652,0.329,0.857,0.833,0.155,0.037,0.333,0.034,0.329,0.251,0.329,0.156,0.114,0.076,0.178,0.826,0.204
0.186,0.144,0.144,0.178,0.073,0.185,0.298,0.162,0.151,0.151,0.245,0.327,0.196,0.166,0.171,0.14,0.214,0.129,0.174,0.105,0.209,0.117,0.186,0.16,0.126,0.166,0.164,0.195,0.164,0.184,0.158,0.141,0.128,0.047,0.166,0.246,0.165,0.137,0.098,0.105,0.163,0.12,0.177,0.051,0.067,0.146,0.166,0.168,0.076,0.135,0.147,0.072,0.245,0.305,0.217,0.208,0.412,0.18,0.036,0.078,0.182,1.0,0.174,0.137,0.225,0.098,0.13,0.177,0.183,0.052,0.11,0.147,0.172,0.05,0.059,0.242,0.08,0.164,0.124,0.116,0.06,0.144,0.186,0.113,0.187,0.166,0.139,0.146,0.12,0.055,0.171,0.051,0.166,0.264,0.166,0.222,0.117,0.096,0.211,0.146,0.263
0.288,0.282,0.282,0.404,0.049,0.395,0.213,0.675,0.288,0.288,0.218,0.341,0.725,0.282,0.288,0.174,0.11,0.282,0.385,0.249,0.155,0.162,0.395,0.733,0.521,0.282,0.395,0.385,0.642,0.288,0.281,0.282,0.282,0.03,0.282,0.178,0.234,0.238,0.281,0.093,0.506,0.138,0.603,0.036,0.043,0.534,0.282,0.603,0.059,0.533,0.288,0.049,0.212,0.156,0.205,0.395,0.138,0.129,0.028,0.114,0.733,0.174,1.0,0.238,0.188,0.167,0.256,0.376,0.356,0.035,0.282,0.282,0.395,0.035,0.038,0.281,0.064,0.644,0.242,0.232,0.044,0.533,0.395,0.082,0.516,0.282,0.397,0.533,0.251,0.03,0.47,0.029,0.282,0.274,0.282,0.167,0.138,0.059,0.121,0.533,0.246
0.808,1.0,1.0,0.653,0.031,0.68,0.173,0.436,0.808,0.808,0.208,0.301,0.357,0.808,0.781,0.546,0.07,1.0,0.314,0.68,0.177,0.386,1.0,0.546,0.344,0.808,0.614,0.314,0.679,0.781,0.931,0.808,0.808,0.022,0.808,0.212,0.358,1.0,0.931,0.061,0.175,0.327,0.313,0.025,0.023,0.532,0.808,0.473,0.058,0.357,0.931,0.031,0.297,0.112,0.247,0.594,0.148,0.078,0.016,0.183,0.271,0.137,0.238,1.0,0.138,0.508,0.931,0.461,0.253,0.04,0.931,0.808,0.781,0.022,0.023,0.472,0.04,0.781,1.0,0.37,0.031,0.357,1.0,0.051,0.214,0.808,0.159,0.206,0.16,0.02,0.808,0.04,0.808,0.247,0.808,0.101,0.214,0.089,0.064,0.206,0.295
0.268,0.102,0.106,0.113,0.268,0.143,0.159,0.134,0.105,0.105,0.179,0.245,0.136,0.167,0.172,0.119,0.114,0.178,0.13,0.138,0.206,0.138,0.133,0.189,0.137,0.167,0.2,0.159,0.112,0.198,0.196,0.178,0.096,0.334,0.167,0.141,0.166,0.138,0.14,0.316,0.162,0.172,0.138,0.162,0.167,0.119,0.167,0.154,0.226,0.155,0.108,0.25,0.145,0.163,0.29,0.167,0.705,0.241,0.046,0.248,0.151,0.225,0.188,0.138,1.0,0.25,0.092,0.138,0.214,0.142,0.231,0.153,0.191,0.176,0.081,0.207,0.104,0.152,0.152,0.155,0.168,0.137,0.133,0.289,0.191,0.167,0.157,0.131,0.141,0.232,0.168,0.104,0.167,0.2,0.167,0.166,0.307,0.245,0.296,0.138,0.126
0.292,0.246,0.263,0.208,0.138,0.234,0.099,0.179,0.235,0.235,0.149,0.189,0.159,0.42,0.466,0.269,0.06,0.271,0.139,0.17,0.192,0.188,0.27,0.231,0.165,0.42,0.233,0.156,0.174,0.292,0.342,0.251,0.202,0.265,0.42,0.113,0.231,0.508,0.233,0.11,0.143,0.317,0.148,0.104,0.297,0.234,0.42,0.214,0.137,0.204,0.284,0.103,0.139,0.13,0.136,0.193,0.134,0.142,0.048,0.202,0.156,0.098,0.167,0.508,0.25,1.0,0.261,0.161,0.217,0.162,0.273,0.193,0.28,0.114,0.053,0.215,0.06,0.242,0.285,0.314,0.098,0.197,0.27,0.134,0.153,0.42,0.295,0.134,0.09,0.074,0.283,0.152,0.42,0.153,0.42,0.109,0.265,0.187,0.38,0.153,0.137
0.543,0.858,0.9,0.828,0.029,0.697,0.15,0.317,0.827,0.827,0.203,0.296,0.374,0.784,0.854,0.532,0.072,0.425,0.336,0.507,0.144,0.418,0.845,0.351,0.336,0.784,0.526,0.334,0.595,0.646,0.484,0.621,0.679,0.023,0.784,0.181,0.247,0.931,0.424,0.04,0.198,0.252,0.311,0.024,0.023,0.524,0.784,0.315,0.053,0.278,0.971,0.031,0.295,0.108,0.111,0.42,0.159,0.064,0.014,0.086,0.254,0.13,0.256,0.931,0.092,0.261,1.0,0.399,0.243,0.031,0.406,0.591,0.648,0.021,0.022,0.351,0.029,0.462,0.739,0.474,0.03,0.287,0.845,0.048,0.236,0.784,0.182,0.213,0.095,0.022,0.615,0.049,0.784,0.181,0.784,0.078,0.118,0.091,0.06,0.2,0.24
0.338,0.411,0.426,0.574,0.063,0.571,0.178,0.271,0.449,0.449,0.233,0.33,0.369,0.546,0.578,0.226,0.088,0.287,0.346,0.227,0.188,0.194,0.538,0.313,0.307,0.546,0.442,0.368,0.38,0.352,0.292,0.38,0.338,0.046,0.546,0.217,0.172,0.461,0.373,0.09,0.28,0.153,0.32,0.046,0.048,0.289,0.546,0.306,0.078,0.228,0.451,0.062,0.276,0.139,0.141,0.491,0.22,0.105,0.031,0.14,0.302,0.177,0.376,0.461,0.138,0.161,0.399,1.0,0.318,0.057,0.247,0.324,0.454,0.044,0.089,0.359,0.061,0.327,0.415,0.232,0.056,0.251,0.538,0.094,0.361,0.546,0.242,0.241,0.116,0.051,0.348,0.07,0.546,0.246,0.546,0.166,0.098,0.182,0.137,0.233,0.265
0.252,0.265,0.264,0.344,0.139,0.331,0.207,0.326,0.277,0.277,0.262,0.382,0.444,0.298,0.299,0.181,0.122,0.173,0.297,0.179,0.168,0.15,0.323,0.319,0.408,0.298,0.303,0.289,0.334,0.247,0.24,0.237,0.226,0.038,0.298,0.19,0.16,0.253,0.188,0.122,0.327,0.175,0.384,0.084,0.05,0.343,0.298,0.36,0.128,0.262,0.268,0.133,0.215,0.2,0.134,0.659,0.159,0.157,0.029,0.11,0.399,0.183,0.356,0.253,0.214,0.217,0.243,0.318,1.0,0.075,0.271,0.235,0.32,0.085,0.045,0.455,0.063,0.333,0.384,0.467,0.091,0.318,0.323,0.16,0.36,0.298,0.314,0.323,0.176,0.04,0.323,0.043,0.298,0.264,0.298,0.192,0.148,0.095,0.147,0.319,0.223
0.057,0.038,0.039,0.033,0.058,0.035,0.043,0.035,0.041,0.041,0.051,0.05,0.047,0.054,0.051,0.033,0.032,0.156,0.027,0.056,0.198,0.096,0.042,0.058,0.07,0.054,0.037,0.03,0.039,0.231,0.09,0.098,0.041,0.171,0.054,0.042,0.056,0.04,0.07,0.14,0.043,0.086,0.044,0.056,0.2,0.048,0.054,0.043,0.082,0.095,0.038,0.059,0.03,0.099,0.285,0.038,0.042,0.063,0.054,0.102,0.04,0.052,0.035,0.04,0.142,0.162,0.031,0.057,0.075,1.0,0.069,0.086,0.04,0.059,0.054,0.054,0.061,0.042,0.061,0.062,0.046,0.039,0.042,0.09,0.037,0.054,0.037,0.033,0.202,0.276,0.089,0.065,0.054,0.089,0.054,0.087,0.076,0.127,0.329,0.034,0.027
0.543,0.393,0.444,0.364,0.141,0.415,0.113,0.224,0.394,0.394,0.142,0.183,0.226,1.0,0.939,0.237,0.062,0.415,0.164,0.35,0.16,0.217,0.46,0.317,0.251,1.0,0.486,0.177,0.303,0.375,0.482,0.4,0.38,0.063,1.0,0.122,0.205,0.931,0.361,0.148,0.215,0.192,0.211,0.096,0.081,0.293,1.0,0.271,0.257,0.238,0.456,0.148,0.161,0.105,0.16,0.345,0.173,0.121,0.075,0.227,0.173,0.11,0.282,0.931,0.231,0.273,0.406,0.247,0.271,0.069,1.0,0.406,0.445,0.117,0.071,0.335,0.088,0.343,0.428,0.299,0.129,0.224,0.46,0.174,0.259,1.0,0.192,0.143,0.11,0.076,0.438,0.212,1.0,0.175,1.0,0.109,0.23,0.664,0.245,0.146,0.156
0.52,0.718,0.742,0.575,0.11,0.621,0.151,0.286,0.751,0.751,0.194,0.271,0.346,1.0,0.939,0.34,0.083,0.419,0.282,0.506,0.21,0.275,0.738,0.362,0.287,1.0,0.442,0.296,0.51,0.599,0.385,0.586,0.606,0.077,1.0,0.177,0.254,0.808,0.334,0.152,0.209,0.18,0.296,0.112,0.102,0.421,1.0,0.297,0.111,0.279,0.694,0.138,0.257,0.133,0.184,0.388,0.173,0.135,0.107,0.138,0.234,0.147,0.282,0.808,0.153,0.193,0.591,0.324,0.235,0.086,0.406,1.0,0.537,0.111,0.114,0.329,0.137,0.405,0.547,0.311,0.188,0.261,0.738,0.147,0.259,1.0,0.188,0.193,0.125,0.101,0.547,0.096,1.0,0.219,1.0,0.142,0.217,0.153,0.258,0.184,0.217
0.769,0.662,0.683,0.679,0.199,0.709,0.18,0.351,0.708,0.708,0.236,0.324,0.397,0.939,1.0,0.371,0.085,0.406,0.356,0.41,0.187,0.301,0.742,0.367,0.272,0.939,0.8,0.375,0.546,0.586,0.484,0.548,0.557,0.034,0.939,0.219,0.246,0.781,0.398,0.107,0.309,0.207,0.349,0.137,0.042,0.42,0.939,0.405,0.149,0.343,0.728,0.144,0.301,0.131,0.153,0.576,0.233,0.215,0.023,0.124,0.352,0.172,0.395,0.781,0.191,0.28,0.648,0.454,0.32,0.04,0.445,0.537,1.0,0.134,0.035,0.432,0.049,0.526,0.676,0.353,0.142,0.353,0.742,0.174,0.385,0.939,0.289,0.297,0.124,0.035,0.535,0.043,0.939,0.241,0.939,0.116,0.172,0.114,0.118,0.296,0.289
0.129,0.024,0.024,0.027,0.384,0.063,0.042,0.032,0.026,0.026,0.051,0.05,0.04,0.027,0.028,0.027,0.032,0.143,0.027,0.247,0.161,0.028,0.03,0.077,0.063,0.027,0.123,0.03,0.032,0.178,0.087,0.071,0.139,0.037,0.027,0.041,0.111,0.022,0.05,0.161,0.122,0.062,0.037,0.475,0.092,0.031,0.027,0.095,0.13,0.081,0.024,0.422,0.028,0.051,0.082,0.093,0.039,0.168,0.221,0.205,0.114,0.05,0.035,0.022,0.176,0.114,0.021,0.044,0.085,0.059,0.117,0.111,0.134,1.0,0.145,0.078,0.151,0.089,0.095,0.066,0.469,0.107,0.03,0.259,0.039,0.027,0.186,0.106,0.048,0.041,0.042,0.039,0.027,0.085,0.027,0.079,0.282,0.074,0.252,0.121,0.028
0.05,0.026,0.025,0.029,0.066,0.031,0.045,0.033,0.028,0.028,0.059,0.055,0.044,0.03,0.031,0.029,0.036,0.133,0.03,0.261,0.159,0.029,0.032,0.065,0.071,0.03,0.038,0.034,0.034,0.182,0.063,0.081,0.086,0.042,0.03,0.046,0.076,0.023,0.094,0.326,0.048,0.052,0.04,0.098,0.078,0.034,0.03,0.039,0.069,0.037,0.026,0.094,0.029,0.06,0.086,0.043,0.045,0.073,0.28,0.2,0.044,0.059,0.038,0.023,0.081,0.053,0.022,0.089,0.045,0.054,0.071,0.114,0.035,0.145,1.0,0.057,0.195,0.036,0.06,0.024,0.106,0.036,0.032,0.108,0.041,0.03,0.04,0.036,0.052,0.048,0.04,0.044,0.03,0.095,0.03,0.088,0.094,0.097,0.257,0.038,0.027
0.559,0.377,0.391,0.412,0.123,0.435,0.208,0.31,0.408,0.408,0.309,0.33,0.334,0.573,0.608,0.29,0.117,0.261,0.342,0.25,0.217,0.253,0.466,0.306,0.302,0.573,0.387,0.384,0.334,0.352,0.53,0.331,0.336,0.054,0.573,0.253,0.186,0.472,0.248,0.126,0.236,0.197,0.293,0.075,0.066,0.316,0.573,0.288,0.26,0.253,0.411,0.119,0.243,0.179,0.183,0.503,0.279,0.167,0.036,0.122,0.257,0.242,0.281,0.472,0.207,0.215,0.351,0.359,0.455,0.054,0.335,0.329,0.432,0.078,0.057,1.0,0.076,0.344,0.398,0.33,0.083,0.248,0.466,0.173,0.275,0.573,0.213,0.205,0.143,0.064,0.375,0.106,0.573,0.268,0.573,0.211,0.185,0.248,0.182,0.204,0.209
0.07,0.035,0.036,0.038,0.082,0.047,0.06,0.054,0.037,0.037,0.071,0.062,0.056,0.05,0.048,0.034,0.048,0.116,0.041,0.228,0.13,0.039,0.045,0.088,0.084,0.05,0.055,0.047,0.048,0.138,0.079,0.088,0.08,0.062,0.05,0.062,0.084,0.04,0.063,0.115,0.076,0.06,0.058,0.094,0.09,0.043,0.05,0.061,0.085,0.05,0.035,0.092,0.036,0.078,0.089,0.059,0.067,0.09,0.224,0.155,0.059,0.08,0.064,0.04,0.104,0.06,0.029,0.061,0.063,0.061,0.088,0.137,0.049,0.151,0.195,0.076,1.0,0.056,0.071,0.03,0.112,0.053,0.045,0.115,0.074,0.05,0.063,0.05,0.064,0.08,0.053,0.063,0.05,0.108,0.05,0.102,0.11,0.13,0.252,0.055,0.04
0.492,0.486,0.518,0.497,0.139,0.52,0.19,0.395,0.524,0.524,0.212,0.322,0.748,0.939,1.0,0.294,0.095,0.35,0.291,0.318,0.161,0.244,0.568,0.601,0.364,0.939,0.446,0.297,0.527,0.44,0.405,0.414,0.437,0.033,0.939,0.179,0.268,0.781,0.335,0.093,0.431,0.203,0.693,0.092,0.059,0.63,0.939,0.848,0.081,0.753,0.549,0.088,0.239,0.15,0.138,0.418,0.178,0.184,0.026,0.121,0.734,0.164,0.644,0.781,0.152,0.242,0.462,0.327,0.333,0.042,0.343,0.405,0.526,0.089,0.036,0.344,0.056,1.0,0.436,0.308,0.097,0.881,0.568,0.122,0.665,0.939,0.943,0.778,0.174,0.034,0.533,0.041,0.939,0.245,0.939,0.145,0.161,0.116,0.19,0.776,0.233
0.577,0.744,0.735,0.538,0.104,0.524,0.138,0.282,0.658,0.658,0.176,0.25,0.303,0.808,0.817,0.463,0.068,0.484,0.266,0.388,0.189,0.283,0.72,0.362,0.522,0.808,0.472,0.273,0.477,0.6,0.502,0.543,0.527,0.063,0.808,0.163,0.233,1.0,0.517,0.103,0.187,0.252,0.257,0.093,0.095,0.435,0.808,0.297,0.123,0.253,0.752,0.101,0.244,0.108,0.136,0.513,0.151,0.123,0.038,0.14,0.221,0.124,0.242,1.0,0.152,0.285,0.739,0.415,0.384,0.061,0.428,0.547,0.676,0.095,0.06,0.398,0.071,0.436,1.0,0.316,0.101,0.261,0.72,0.133,0.222,0.808,0.216,0.19,0.117,0.082,0.486,0.064,0.808,0.215,0.808,0.188,0.158,0.135,0.269,0.186,0.214
0.357,0.39,0.44,0.469,0.113,0.403,0.139,0.254,0.432,0.432,0.181,0.268,0.307,0.434,0.477,0.286,0.076,0.213,0.24,0.296,0.124,0.338,0.424,0.279,0.311,0.434,0.333,0.238,0.335,0.339,0.296,0.328,0.369,0.027,0.434,0.15,0.217,0.37,0.206,0.079,0.21,0.209,0.273,0.074,0.028,0.377,0.434,0.278,0.146,0.232,0.475,0.111,0.252,0.137,0.105,0.319,0.134,0.081,0.018,0.113,0.227,0.116,0.232,0.37,0.155,0.314,0.474,0.232,0.467,0.062,0.299,0.311,0.353,0.066,0.024,0.33,0.03,0.308,0.316,1.0,0.077,0.259,0.424,0.117,0.222,0.434,0.21,0.197,0.101,0.026,0.386,0.064,0.434,0.166,0.434,0.081,0.136,0.103,0.064,0.196,0.211
0.126,0.034,0.033,0.038,0.358,0.075,0.05,0.041,0.036,0.036,0.061,0.059,0.048,0.037,0.037,0.036,0.044,0.087,0.038,0.202,0.092,0.037,0.039,0.09,0.068,0.037,0.125,0.041,0.041,0.098,0.088,0.078,0.063,0.046,0.037,0.05,0.113,0.031,0.052,0.164,0.129,0.077,0.046,0.843,0.048,0.041,0.037,0.106,0.169,0.076,0.033,0.577,0.037,0.062,0.081,0.11,0.048,0.181,0.117,0.15,0.132,0.06,0.044,0.031,0.168,0.098,0.03,0.056,0.091,0.046,0.129,0.188,0.142,0.469,0.106,0.083,0.112,0.097,0.101,0.077,1.0,0.125,0.039,0.416,0.047,0.037,0.204,0.124,0.054,0.051,0.042,0.05,0.037,0.08,0.037,0.072,0.439,0.08,0.12,0.144,0.035
0.295,0.306,0.315,0.353,0.185,0.36,0.168,0.327,0.336,0.336,0.184,0.294,0.748,0.44,0.466,0.206,0.091,0.205,0.255,0.198,0.138,0.177,0.358,0.523,0.329,0.44,0.313,0.251,0.404,0.287,0.258,0.271,0.267,0.032,0.44,0.153,0.211,0.357,0.196,0.093,0.387,0.165,0.729,0.12,0.046,0.589,0.44,0.904,0.082,0.774,0.334,0.11,0.196,0.141,0.102,0.364,0.133,0.208,0.025,0.107,0.8,0.144,0.533,0.357,0.137,0.197,0.287,0.251,0.318,0.039,0.224,0.261,0.353,0.107,0.036,0.248,0.053,0.881,0.261,0.259,0.125,1.0,0.358,0.146,0.665,0.44,0.898,0.931,0.153,0.032,0.373,0.038,0.44,0.208,0.44,0.131,0.14,0.116,0.14,0.921,0.174
0.633,0.922,0.956,0.848,0.042,0.891,0.203,0.397,0.88,0.88,0.262,0.374,0.454,1.0,0.939,0.455,0.093,0.544,0.412,0.601,0.2,0.399,1.0,0.403,0.339,1.0,0.67,0.422,0.689,0.703,0.511,0.754,0.789,0.034,1.0,0.25,0.275,1.0,0.484,0.062,0.309,0.236,0.391,0.032,0.042,0.515,1.0,0.424,0.064,0.342,0.89,0.042,0.349,0.142,0.173,0.65,0.233,0.097,0.022,0.101,0.35,0.186,0.395,1.0,0.133,0.27,0.845,0.538,0.323,0.042,0.46,0.738,0.742,0.03,0.032,0.466,0.045,0.568,0.72,0.424,0.039,0.358,1.0,0.069,0.385,1.0,0.271,0.278,0.141,0.035,0.691,0.048,1.0,0.266,1.0,0.123,0.151,0.116,0.118,0.272,0.323
0.195,0.058,0.057,0.063,0.389,0.096,0.089,0.08,0.06,0.06,0.101,0.094,0.089,0.064,0.06,0.053,0.077,0.116,0.066,0.137,0.165,0.064,0.069,0.093,0.122,0.064,0.175,0.071,0.08,0.178,0.154,0.131,0.055,0.076,0.064,0.091,0.09,0.051,0.086,0.245,0.137,0.111,0.088,0.407,0.1,0.069,0.064,0.134,0.354,0.105,0.054,0.372,0.059,0.113,0.082,0.139,0.081,0.248,0.058,0.191,0.163,0.113,0.082,0.051,0.289,0.134,0.048,0.094,0.16,0.09,0.174,0.147,0.174,0.259,0.108,0.173,0.115,0.122,0.133,0.117,0.416,0.146,0.069,1.0,0.095,0.064,0.185,0.153,0.09,0.1,0.074,0.136,0.064,0.149,0.064,0.139,0.245,0.257,0.253,0.165,0.06
0.269,0.259,0.259,0.397,0.055,0.385,0.227,0.516,0.269,0.269,0.226,0.359,0.76,0.259,0.269,0.166,0.109,0.259,0.3,0.225,0.159,0.159,0.385,0.76,0.401,0.259,0.385,0.3,0.51,0.269,0.275,0.259,0.259,0.031,0.259,0.186,0.246,0.214,0.258,0.1,0.393,0.138,0.857,0.037,0.05,0.471,0.259,0.857,0.066,0.665,0.269,0.055,0.214,0.163,0.207,0.385,0.139,0.147,0.031,0.103,0.652,0.187,0.516,0.214,0.191,0.153,0.236,0.361,0.36,0.037,0.259,0.259,0.385,0.039,0.041,0.275,0.074,0.665,0.222,0.222,0.047,0.665,0.385,0.095,1.0,0.259,0.466,0.665,0.259,0.031,0.5,0.03,0.259,0.296,0.259,0.195,0.134,0.066,0.157,0.665,0.246
1.0,1.0,1.0,0.784,0.039,0.839,0.201,0.531,1.0,1.0,0.24,0.346,0.44,1.0,0.939,0.437,0.085,1.0,0.36,0.839,0.207,0.452,1.0,0.437,0.386,1.0,0.744,0.36,0.842,0.939,0.746,1.0,1.0,0.026,1.0,0.25,0.34,0.808,0.842,0.077,0.209,0.253,0.396,0.03,0.031,0.576,1.0,0.576,0.072,0.44,0.939,0.039,0.339,0.135,0.289,0.695,0.173,0.1,0.021,0.193,0.329,0.166,0.282,0.808,0.167,0.42,0.784,0.546,0.298,0.054,1.0,1.0,0.939,0.027,0.03,0.573,0.05,0.939,0.808,0.434,0.037,0.44,1.0,0.064,0.259,1.0,0.188,0.248,0.189,0.025,1.0,0.054,1.0,0.289,1.0,0.128,0.268,0.116,0.083,0.248,0.339
0.289,0.188,0.188,0.296,0.29,0.376,0.172,0.272,0.204,0.204,0.17,0.28,0.528,0.188,0.204,0.136,0.087,0.188,0.223,0.166,0.125,0.122,0.271,0.703,0.282,0.188,0.289,0.223,0.337,0.204,0.323,0.188,0.188,0.032,0.188,0.146,0.173,0.159,0.187,0.149,0.387,0.15,0.577,0.204,0.037,0.393,0.188,0.857,0.099,0.857,0.204,0.144,0.172,0.128,0.159,0.405,0.112,0.295,0.025,0.172,0.857,0.139,0.397,0.159,0.157,0.295,0.182,0.242,0.314,0.037,0.192,0.188,0.289,0.186,0.04,0.213,0.063,0.943,0.216,0.21,0.204,0.898,0.271,0.185,0.466,0.188,1.0,0.898,0.202,0.032,0.376,0.032,0.188,0.21,0.188,0.142,0.144,0.058,0.103,0.857,0.194
0.208,0.222,0.221,0.32,0.193,0.32,0.165,0.321,0.242,0.242,0.189,0.299,0.659,0.248,0.258,0.151,0.093,0.129,0.27,0.144,0.142,0.142,0.278,0.443,0.285,0.248,0.288,0.261,0.384,0.215,0.17,0.191,0.184,0.032,0.248,0.155,0.158,0.206,0.12,0.086,0.387,0.12,0.668,0.119,0.046,0.459,0.248,0.874,0.081,0.642,0.233,0.114,0.173,0.143,0.089,0.374,0.133,0.214,0.025,0.076,0.833,0.146,0.533,0.206,0.131,0.134,0.213,0.241,0.323,0.033,0.143,0.193,0.297,0.106,0.036,0.205,0.05,0.778,0.19,0.197,0.124,0.931,0.278,0.153,0.665,0.248,0.898,1.0,0.134,0.032,0.273,0.029,0.248,0.206,0.248,0.126,0.098,0.061,0.14,0.932,0.166
0.114,0.105,0.114,0.125,0.062,0.151,0.188,0.165,0.109,0.109,0.138,0.193,0.166,0.189,0.187,0.108,0.132,0.114,0.198,0.084,0.213,0.201,0.141,0.179,0.136,0.189,0.125,0.206,0.136,0.148,0.115,0.119,0.096,0.275,0.189,0.24,0.111,0.16,0.091,0.145,0.227,0.099,0.17,0.048,0.116,0.138,0.189,0.183,0.086,0.191,0.113,0.064,0.156,0.152,0.306,0.167,0.224,0.091,0.033,0.072,0.155,0.12,0.251,0.16,0.141,0.09,0.095,0.116,0.176,0.202,0.11,0.125,0.124,0.048,0.052,0.143,0.064,0.174,0.117,0.101,0.054,0.153,0.141,0.09,0.259,0.189,0.202,0.134,1.0,0.546,0.17,0.062,0.189,0.199,0.189,0.13,0.099,0.088,0.134,0.145,0.177
0.064,0.025,0.025,0.029,0.061,0.035,0.044,0.032,0.026,0.026,0.057,0.056,0.042,0.025,0.026,0.032,0.033,0.152,0.027,0.042,0.152,0.199,0.035,0.086,0.082,0.025,0.038,0.032,0.031,0.152,0.09,0.09,0.025,0.232,0.025,0.043,0.032,0.02,0.075,0.232,0.037,0.094,0.035,0.043,0.126,0.033,0.025,0.035,0.109,0.193,0.026,0.061,0.032,0.055,0.448,0.04,0.037,0.067,0.033,0.1,0.037,0.055,0.03,0.02,0.232,0.074,0.022,0.051,0.04,0.276,0.076,0.101,0.035,0.041,0.048,0.064,0.08,0.034,0.082,0.026,0.051,0.032,0.035,0.1,0.031,0.025,0.032,0.032,0.546,1.0,0.105,0.063,0.025,0.114,0.025,0.086,0.086,0.072,0.152,0.034,0.034
0.529,0.616,0.689,0.611,0.048,0.634,0.188,0.4,0.64,0.64,0.222,0.292,0.398,1.0,0.939,0.318,0.1,0.452,0.281,0.497,0.192,0.388,0.691,0.416,0.372,1.0,0.498,0.293,0.521,0.552,0.412,0.554,0.611,0.406,1.0,0.193,0.337,0.808,0.387,0.103,0.429,0.262,0.386,0.04,0.396,0.455,1.0,0.448,0.092,0.463,0.67,0.048,0.231,0.164,0.186,0.45,0.207,0.105,0.032,0.145,0.333,0.171,0.47,0.808,0.168,0.283,0.615,0.348,0.323,0.089,0.438,0.547,0.535,0.042,0.04,0.375,0.053,0.533,0.486,0.386,0.042,0.373,0.691,0.074,0.5,1.0,0.376,0.273,0.17,0.105,1.0,0.153,1.0,0.248,1.0,0.138,0.25,0.154,0.169,0.285,0.258
0.068,0.043,0.048,0.048,0.058,0.042,0.038,0.034,0.05,0.05,0.054,0.052,0.049,0.054,0.06,0.044,0.03,0.111,0.025,0.051,0.131,0.111,0.048,0.056,0.078,0.054,0.041,0.028,0.038,0.159,0.158,0.123,0.044,0.274,0.054,0.039,0.048,0.04,0.08,0.082,0.038,0.214,0.041,0.042,0.485,0.057,0.054,0.041,0.25,0.07,0.052,0.06,0.036,0.056,0.063,0.035,0.038,0.062,0.031,0.089,0.034,0.051,0.029,0.04,0.104,0.152,0.049,0.07,0.043,0.065,0.212,0.096,0.043,0.039,0.044,0.106,0.063,0.041,0.064,0.064,0.05,0.038,0.048,0.136,0.03,0.054,0.032,0.029,0.062,0.063,0.153,1.0,0.054,0.086,0.054,0.075,0.213,0.481,0.232,0.031,0.022
1.0,1.0,1.0,0.784,0.039,0.839,0.201,0.531,1.0,1.0,0.24,0.346,0.44,1.0,0.939,0.437,0.085,1.0,0.36,0.839,0.207,0.452,1.0,0.437,0.386,1.0,0.744,0.36,0.842,0.939,0.746,1.0,1.0,0.026,1.0,0.25,0.34,0.808,0.842,0.077,0.209,0.253,0.396,0.03,0.031,0.576,1.0,0.576,0.072,0.44,0.939,0.039,0.339,0.135,0.289,0.695,0.173,0.1,0.021,0.193,0.329,0.166,0.282,0.808,0.167,0.42,0.784,0.546,0.298,0.054,1.0,1.0,0.939,0.027,0.03,0.573,0.05,0.939,0.808,0.434,0.037,0.44,1.0,0.064,0.259,1.0,0.188,0.248,0.189,0.025,1.0,0.054,1.0,0.289,1.0,0.128,0.268,0.116,0.083,0.248,0.339
0.226,0.201,0.209,0.257,0.11,0.28,0.232,0.229,0.21,0.21,0.25,0.37,0.265,0.289,0.294,0.157,0.152,0.212,0.23,0.157,0.31,0.137,0.266,0.238,0.206,0.289,0.243,0.244,0.246,0.297,0.201,0.205,0.183,0.083,0.289,0.289,0.186,0.247,0.166,0.166,0.248,0.127,0.251,0.074,0.123,0.2,0.289,0.244,0.111,0.193,0.209,0.102,0.301,0.248,0.302,0.293,0.275,0.333,0.061,0.129,0.251,0.264,0.274,0.247,0.2,0.153,0.181,0.246,0.264,0.089,0.175,0.219,0.241,0.085,0.095,0.268,0.108,0.245,0.215,0.166,0.08,0.208,0.266,0.149,0.296,0.289,0.21,0.206,0.199,0.114,0.248,0.086,0.289,1.0,0.289,0.438,0.146,0.175,0.334,0.207,0.334
1.0,1.0,1.0,0.784,0.039,0.839,0.201,0.531,1.0,1.0,0.24,0.346,0.44,1.0,0.939,0.437,0.085,1.0,0.36,0.839,0.207,0.452,1.0,0.437,0.386,1.0,0.744,0.36,0.842,0.939,0.746,1.0,1.0,0.026,1.0,0.25,0.34,0.808,0.842,0.077,0.209,0.253,0.396,0.03,0.031,0.576,1.0,0.576,0.072,0.44,0.939,0.039,0.339,0.135,0.289,0.695,0.173,0.1,0.021,0.193,0.329,0.166,0.282,0.808,0.167,0.42,0.784,0.546,0.298,0.054,1.0,1.0,0.939,0.027,0.03,0.573,0.05,0.939,0.808,0.434,0.037,0.44,1.0,0.064,0.259,1.0,0.188,0.248,0.189,0.025,1.0,0.054,1.0,0.289,1.0,0.128,0.268,0.116,0.083,0.248,0.339
0.15,0.093,0.095,0.106,0.098,0.125,0.404,0.148,0.097,0.097,0.191,0.176,0.158,0.128,0.121,0.093,0.412,0.176,0.12,0.09,0.269,0.08,0.123,0.164,0.213,0.128,0.117,0.132,0.132,0.254,0.14,0.125,0.091,0.066,0.128,0.192,0.098,0.101,0.135,0.147,0.172,0.111,0.154,0.071,0.135,0.118,0.128,0.154,0.098,0.127,0.092,0.093,0.126,0.253,0.14,0.184,0.171,0.406,0.064,0.114,0.156,0.222,0.167,0.101,0.166,0.109,0.078,0.166,0.192,0.087,0.109,0.142,0.116,0.079,0.088,0.211,0.102,0.145,0.188,0.081,0.072,0.131,0.123,0.139,0.195,0.128,0.142,0.126,0.13,0.086,0.138,0.075,0.128,0.438,0.128,1.0,0.115,0.143,0.38,0.132,0.111
0.238,0.129,0.141,0.115,0.366,0.134,0.093,0.148,0.142,0.142,0.156,0.209,0.139,0.268,0.286,0.166,0.068,0.203,0.119,0.225,0.172,0.181,0.151,0.209,0.151,0.268,0.167,0.144,0.116,0.217,0.19,0.164,0.137,0.361,0.268,0.11,0.23,0.214,0.124,0.238,0.116,0.243,0.135,0.361,0.536,0.163,0.268,0.153,0.173,0.18,0.148,0.54,0.116,0.107,0.136,0.126,0.195,0.156,0.089,0.201,0.114,0.117,0.138,0.214,0.307,0.265,0.118,0.098,0.148,0.076,0.23,0.217,0.172,0.282,0.094,0.185,0.11,0.161,0.158,0.136,0.439,0.14,0.151,0.245,0.134,0.268,0.144,0.098,0.099,0.086,0.25,0.213,0.268,0.146,0.268,0.115,1.0,0.133,0.232,0.108,0.092
0.161,0.116,0.116,0.091,0.108,0.093,0.078,0.108,0.116,0.116,0.09,0.084,0.116,0.116,0.114,0.093,0.061,0.205,0.052,0.093,0.205,0.077,0.116,0.134,0.135,0.116,0.085,0.058,0.105,0.205,0.522,0.307,0.116,0.058,0.116,0.075,0.111,0.089,0.269,0.097,0.069,0.19,0.118,0.072,0.077,0.144,0.116,0.144,0.35,0.129,0.114,0.108,0.074,0.11,0.107,0.074,0.062,0.12,0.05,0.307,0.076,0.096,0.059,0.089,0.245,0.187,0.091,0.182,0.095,0.127,0.664,0.153,0.114,0.074,0.097,0.248,0.13,0.116,0.135,0.103,0.08,0.116,0.116,0.257,0.066,0.116,0.058,0.061,0.088,0.072,0.154,0.481,0.116,0.175,0.116,0.143,0.133,1.0,0.205,0.063,0.055
0.245,0.083,0.083,0.091,0.228,0.118,0.155,0.162,0.083,0.083,0.14,0.122,0.164,0.083,0.072,0.06,0.11,1.0,0.098,0.256,1.0,0.104,0.118,0.248,0.269,0.083,0.134,0.103,0.157,1.0,0.228,0.207,0.137,0.09,0.083,0.163,0.163,0.064,0.172,0.261,0.13,0.124,0.16,0.19,0.38,0.097,0.083,0.16,0.202,0.222,0.072,0.228,0.08,0.232,0.329,0.146,0.098,0.279,0.252,0.329,0.178,0.211,0.121,0.064,0.296,0.38,0.06,0.137,0.147,0.329,0.245,0.258,0.118,0.252,0.257,0.182,0.252,0.19,0.269,0.064,0.12,0.14,0.118,0.253,0.157,0.083,0.103,0.14,0.134,0.152,0.169,0.232,0.083,0.334,0.083,0.38,0.232,0.205,1.0,0.14,0.09
0.217,0.207,0.208,0.31,0.219,0.319,0.167,0.308,0.228,0.228,0.186,0.297,0.632,0.248,0.258,0.145,0.091,0.131,0.253,0.142,0.139,0.135,0.272,0.454,0.277,0.248,0.291,0.249,0.365,0.206,0.183,0.182,0.177,0.033,0.248,0.154,0.161,0.206,0.123,0.096,0.37,0.125,0.646,0.14,0.046,0.439,0.248,0.862,0.085,0.657,0.222,0.126,0.172,0.141,0.095,0.374,0.133,0.236,0.026,0.083,0.826,0.146,0.533,0.206,0.138,0.153,0.2,0.233,0.319,0.034,0.146,0.184,0.296,0.121,0.038,0.204,0.055,0.776,0.186,0.196,0.144,0.921,0.272,0.165,0.665,0.248,0.857,0.932,0.145,0.034,0.285,0.031,0.248,0.207,0.248,0.132,0.108,0.063,0.14,1.0,0.168
0.212,0.249,0.256,0.358,0.036,0.337,0.206,0.202,0.266,0.266,0.213,0.447,0.236,0.339,0.34,0.184,0.094,0.163,0.28,0.171,0.236,0.161,0.323,0.204,0.15,0.339,0.279,0.285,0.248,0.231,0.171,0.216,0.222,0.033,0.339,0.333,0.392,0.295,0.164,0.057,0.215,0.078,0.209,0.029,0.038,0.198,0.339,0.209,0.043,0.15,0.266,0.037,0.475,0.139,0.232,0.308,0.286,0.085,0.021,0.05,0.204,0.263,0.246,0.295,0.126,0.137,0.24,0.265,0.223,0.027,0.156,0.217,0.289,0.028,0.027,0.209,0.04,0.233,0.214,0.211,0.035,0.174,0.323,0.06,0.246,0.339,0.194,0.166,0.177,0.034,0.258,0.022,0.339,0.334,0.339,0.111,0.092,0.055,0.09,0.168,1.0
