827362,829022,818005,818910,819632,841944,820816,820429,840293,840098,836635,830082,816952,817215,833535,818151,819870,818031,817876,816875,818563,828613,844174,840630,837304,830088,831241,830159,840047,829954,818042,826213,824893,827784,818802,814828,843982,830010,843126,833914,821060,825139,826515,823555,832474,822117,837405,841593,839345,827381,834273,830457,839103,822573,829277,820605,820288,817494,831020,841602,823650,844001,818280,824493,842072,822833,834223,827028,824629,835571,824261,821411,838176,835504,842733,836789,826987,837071,816553,823882,815949,843842,832184,817173,832669,832667,839405,837082,822529,827837,819190,820752,834828,817423,815974,826409,823706,835311,821607,830585,841821,818710,833755,818709,835860,843558
1.0,0.186,0.094,0.141,0.027,0.186,0.173,0.072,0.027,0.154,0.128,0.235,0.309,0.025,0.175,0.03,0.09,0.08,0.186,0.506,0.323,0.078,0.171,0.245,0.332,0.273,0.264,0.311,0.029,0.273,0.152,0.027,0.027,0.342,0.115,0.323,0.258,0.098,0.273,0.072,0.172,0.155,0.03,0.301,0.14,0.066,0.246,0.236,0.184,0.186,0.186,0.312,0.312,0.311,0.301,0.401,0.193,0.171,0.087,0.162,0.186,0.162,0.332,0.332,0.175,0.11,0.038,0.654,0.263,0.301,0.027,0.035,1.0,0.335,0.854,0.189,0.243,0.029,0.133,0.098,0.195,0.247,0.162,0.173,0.173,0.173,0.087,0.194,0.244,0.066,0.05,1.0,0.183,0.025,0.939,0.155,0.288,0.057,0.037,0.098,0.041,0.158,0.292,0.041,0.046,0.09
0.186,1.0,0.116,0.139,0.086,0.405,0.468,0.057,0.114,0.116,0.512,0.097,0.19,0.073,0.224,0.07,1.0,0.111,0.48,0.429,0.135,0.117,0.156,0.168,0.323,0.261,0.168,0.247,0.099,0.222,0.314,0.082,0.081,0.315,0.203,0.161,0.274,0.062,0.178,0.34,0.11,0.094,0.061,0.205,0.099,0.336,0.092,0.151,0.141,0.624,0.312,0.268,0.28,0.248,0.259,0.173,0.388,0.17,0.2,0.153,0.302,0.322,0.332,0.207,0.193,0.188,0.176,0.34,0.149,0.238,0.084,0.193,0.289,0.267,0.097,0.114,0.367,0.092,0.201,0.062,0.162,0.126,0.136,0.275,0.136,0.138,0.136,0.269,0.13,0.111,0.088,0.214,0.38,0.093,0.183,0.264,0.298,0.096,0.089,0.143,0.069,0.249,0.226,0.097,0.095,0.088
0.094,0.116,1.0,0.144,0.14,0.178,0.146,0.088,0.173,0.236,0.156,0.156,0.221,0.173,0.16,0.075,0.127,0.163,0.163,0.089,0.127,0.306,0.233,0.421,0.226,0.157,0.252,0.183,0.433,0.161,0.178,0.133,0.203,0.112,0.147,0.161,0.143,0.102,0.216,0.329,0.153,0.129,0.098,0.146,0.333,0.338,0.221,0.422,0.164,0.177,0.2,0.187,0.169,0.143,0.236,0.171,0.22,0.249,0.212,0.312,0.212,0.198,0.28,0.212,0.121,0.181,0.357,0.168,0.159,0.152,0.218,0.334,0.158,0.201,0.169,0.55,0.211,0.329,0.168,0.102,0.181,0.266,0.132,0.128,0.151,0.144,0.272,0.218,0.124,0.166,0.146,0.141,0.14,0.288,0.095,0.228,0.209,0.133,0.153,0.276,0.191,0.094,0.286,0.379,0.246,0.154
0.141,0.139,0.144,1.0,0.044,0.218,0.231,0.033,0.044,0.547,0.19,0.129,0.307,0.037,0.175,0.041,0.108,0.149,0.171,0.14,0.21,0.098,0.274,0.204,0.176,0.117,0.141,0.18,0.052,0.147,0.231,0.044,0.045,0.547,0.153,0.21,0.214,0.057,0.18,0.17,0.115,0.478,0.038,0.115,0.092,0.126,0.104,0.246,0.128,0.19,0.152,0.153,0.153,0.18,0.119,0.375,0.152,0.274,0.18,0.236,0.218,0.305,0.144,0.144,0.141,0.169,0.074,0.23,0.119,0.119,0.045,0.045,0.141,0.223,0.126,0.195,0.182,0.052,0.144,0.057,0.208,0.096,0.456,0.105,0.158,0.158,0.18,0.376,0.125,0.126,0.087,0.149,0.131,0.037,0.13,0.478,0.545,0.093,0.052,0.159,0.059,0.359,0.162,0.059,0.074,0.052
0.027,0.086,0.14,0.044,1.0,0.389,0.195,0.549,0.747,0.195,0.046,0.329,0.054,0.369,0.147,0.05,0.035,0.094,0.163,0.165,0.039,0.187,0.215,0.341,0.171,0.045,0.272,0.433,0.54,0.444,0.054,0.514,0.609,0.055,0.452,0.2,0.045,0.096,0.114,0.271,0.143,0.439,0.153,0.49,0.37,0.218,0.283,0.452,0.48,0.385,0.49,0.484,0.5,0.118,0.385,0.045,0.172,0.224,0.479,0.233,0.56,0.226,0.225,0.274,0.215,0.358,0.439,0.061,0.4,0.196,0.493,0.217,0.203,0.151,0.499,0.063,0.057,0.463,0.225,0.096,0.447,0.596,0.041,0.223,0.564,0.502,0.135,0.142,0.555,0.096,0.459,0.316,0.036,0.231,0.028,0.22,0.264,0.074,0.634,0.072,0.163,0.083,0.384,0.258,0.374,0.348
0.186,0.405,0.178,0.218,0.389,1.0,0.444,0.268,0.728,0.236,0.219,0.267,0.288,0.279,0.218,0.236,0.486,0.125,0.516,0.542,0.093,0.208,0.279,0.227,0.335,0.261,0.44,0.447,0.387,0.314,0.204,0.305,0.299,0.234,0.342,0.329,0.202,0.098,0.164,0.38,0.141,0.346,0.22,0.301,0.374,0.393,0.317,0.393,0.296,0.564,0.664,0.577,0.479,0.218,0.464,0.128,0.375,0.287,0.409,0.37,0.677,0.493,0.455,0.448,0.269,0.386,0.788,0.198,0.335,0.314,0.442,0.318,0.396,0.302,0.497,0.138,0.367,0.375,0.341,0.098,0.397,0.39,0.106,0.351,0.434,0.426,0.172,0.301,0.346,0.149,0.286,0.36,0.38,0.38,0.183,0.463,0.413,0.139,0.472,0.276,0.269,0.134,0.416,0.197,0.374,0.403
0.173,0.468,0.146,0.231,0.195,0.444,1.0,0.209,0.123,0.138,0.354,0.132,0.279,0.223,0.198,0.12,0.605,0.145,0.494,0.467,0.169,0.172,0.216,0.166,0.269,0.205,0.249,0.175,0.11,0.251,0.405,0.159,0.094,0.249,0.291,0.17,0.202,0.199,0.135,0.29,0.274,0.25,0.249,0.163,0.218,0.282,0.189,0.172,0.249,0.387,0.356,0.297,0.305,0.205,0.179,0.139,0.281,0.192,0.234,0.186,0.354,0.376,0.251,0.172,0.178,0.213,0.231,0.243,0.126,0.161,0.301,0.243,0.416,0.291,0.258,0.187,0.274,0.104,0.166,0.199,0.243,0.131,0.151,0.332,0.465,0.493,0.18,0.263,0.135,0.143,0.194,0.386,0.426,0.279,0.186,0.297,0.375,0.178,0.113,0.339,0.201,0.165,0.337,0.136,0.266,0.307
0.072,0.057,0.088,0.033,0.549,0.268,0.209,1.0,0.546,0.176,0.04,0.267,0.054,0.232,0.079,0.042,0.034,0.085,0.176,0.091,0.059,0.13,0.204,0.266,0.155,0.04,0.163,0.293,0.401,0.328,0.081,0.353,0.53,0.042,0.448,0.19,0.041,0.211,0.071,0.195,0.292,0.436,0.175,0.313,0.434,0.202,0.233,0.37,0.406,0.309,0.424,0.256,0.251,0.108,0.36,0.05,0.149,0.187,0.419,0.242,0.371,0.174,0.208,0.274,0.182,0.318,0.399,0.068,0.362,0.165,0.47,0.112,0.148,0.11,0.46,0.077,0.051,0.555,0.225,0.211,0.35,0.393,0.034,0.244,0.411,0.389,0.121,0.121,0.472,0.083,0.336,0.257,0.038,0.216,0.068,0.208,0.234,0.075,0.631,0.056,0.217,0.056,0.249,0.201,0.227,0.488
0.027,0.114,0.173,0.044,0.747,0.728,0.123,0.546,1.0,0.185,0.055,0.535,0.054,0.154,0.144,0.05,0.035,0.109,0.218,0.123,0.044,0.144,0.218,0.596,0.185,0.045,0.218,1.0,1.0,1.0,0.057,1.0,0.59,0.066,0.728,0.218,0.052,0.111,0.136,0.271,0.152,0.728,0.088,1.0,0.546,0.218,0.728,0.747,0.747,0.747,0.747,1.0,1.0,0.124,0.747,0.048,0.185,0.218,0.747,0.218,1.0,0.218,0.218,0.218,0.347,0.728,0.289,0.075,0.728,0.218,0.546,0.154,0.162,0.197,1.0,0.075,0.057,0.546,0.218,0.111,0.59,0.747,0.048,0.728,0.747,0.59,0.137,0.149,1.0,0.106,0.475,0.254,0.036,0.149,0.028,0.218,1.0,0.074,0.728,0.072,0.105,0.094,0.535,0.342,0.342,0.218
0.154,0.116,0.236,0.547,0.195,0.236,0.138,0.176,0.185,1.0,0.136,0.312,0.309,0.276,0.186,0.051,0.118,0.112,0.205,0.101,0.154,0.209,0.321,0.245,0.308,0.123,0.249,0.274,0.317,0.169,0.158,0.239,0.581,0.416,0.21,0.294,0.145,0.097,0.151,0.284,0.146,0.293,0.197,0.17,0.45,0.404,0.248,0.328,0.151,0.23,0.269,0.216,0.144,0.158,0.193,0.295,0.491,0.341,0.293,0.361,0.258,0.285,0.294,0.345,0.132,0.312,0.63,0.151,0.222,0.272,0.537,0.162,0.229,0.207,0.263,0.143,0.185,0.312,0.322,0.097,0.295,0.263,0.343,0.172,0.191,0.192,0.229,0.325,0.195,0.113,0.158,0.169,0.139,0.437,0.146,0.473,0.324,0.091,0.298,0.161,0.307,0.23,0.352,0.403,0.438,0.281
0.128,0.512,0.156,0.19,0.046,0.219,0.354,0.04,0.055,0.136,1.0,0.074,0.256,0.041,0.248,0.065,1.0,0.132,0.551,0.065,0.197,0.079,0.201,0.213,0.168,0.178,0.105,0.201,0.053,0.368,0.658,0.044,0.045,0.13,0.347,0.158,0.308,0.064,0.175,0.184,0.107,0.104,0.058,0.162,0.069,0.087,0.073,0.175,0.125,0.607,0.317,0.127,0.134,0.234,0.111,0.217,0.453,0.225,0.102,0.211,0.288,0.277,0.198,0.212,0.213,0.222,0.087,0.191,0.125,0.188,0.044,0.046,0.149,0.142,0.066,0.184,0.249,0.047,0.274,0.064,0.093,0.076,0.207,0.07,0.155,0.169,0.157,0.349,0.147,0.128,0.077,0.104,0.288,0.047,0.129,0.082,0.081,0.117,0.054,0.232,0.079,0.178,0.068,0.058,0.066,0.056
0.235,0.097,0.156,0.129,0.329,0.267,0.132,0.267,0.535,0.312,0.074,1.0,0.471,0.205,0.208,0.051,0.098,0.263,0.186,0.095,0.129,0.286,0.235,0.232,0.254,0.172,0.278,0.279,0.298,0.272,0.094,0.282,0.428,0.082,0.253,0.253,0.088,0.119,0.126,0.329,0.204,0.31,0.241,0.252,0.4,0.305,0.351,0.326,0.212,0.286,0.31,0.248,0.206,0.127,0.322,0.108,0.292,0.236,0.384,0.236,0.343,0.236,0.28,0.29,0.256,0.315,0.63,0.107,0.278,0.219,0.449,0.144,0.223,0.213,0.438,0.095,0.169,0.32,0.224,0.119,0.348,0.385,0.074,0.269,0.278,0.256,0.156,0.214,0.292,0.088,0.315,0.228,0.12,0.437,0.22,0.385,0.298,0.396,0.415,0.138,0.307,0.107,0.467,0.287,0.331,0.236
0.309,0.19,0.221,0.307,0.054,0.288,0.279,0.054,0.054,0.309,0.256,0.471,1.0,0.047,0.312,0.071,0.171,0.167,0.29,0.154,0.432,0.151,0.502,0.33,0.383,0.351,0.298,0.445,0.062,0.351,0.279,0.054,0.055,0.311,0.209,0.432,0.384,0.088,0.351,0.157,0.134,0.312,0.064,0.462,0.115,0.15,0.16,0.565,0.219,0.256,0.268,0.409,0.409,0.445,0.476,0.383,0.199,0.502,0.195,0.294,0.288,0.268,0.383,0.383,0.375,0.271,0.08,0.332,0.409,0.462,0.055,0.067,0.309,0.77,0.274,0.264,0.271,0.062,0.332,0.088,0.198,0.111,0.33,0.129,0.28,0.28,0.195,0.453,0.429,0.15,0.116,0.309,0.184,0.047,0.329,0.312,0.515,0.116,0.071,0.239,0.083,0.296,0.245,0.083,0.102,0.067
0.025,0.073,0.173,0.037,0.369,0.279,0.223,0.232,0.154,0.276,0.041,0.205,0.047,1.0,0.209,0.043,0.031,0.084,0.161,0.189,0.035,0.327,0.323,0.164,0.241,0.039,0.349,0.202,0.287,0.122,0.049,0.393,0.324,0.047,0.146,0.212,0.04,0.095,0.1,0.269,0.141,0.143,0.363,0.202,0.35,0.3,0.297,0.243,0.183,0.159,0.281,0.279,0.248,0.13,0.144,0.042,0.227,0.246,0.208,0.265,0.361,0.255,0.325,0.26,0.075,0.4,0.482,0.053,0.178,0.207,0.596,0.269,0.379,0.165,0.245,0.072,0.05,0.284,0.254,0.095,0.402,0.249,0.037,0.125,0.274,0.294,0.186,0.393,0.153,0.087,0.281,0.289,0.033,1.0,0.026,0.299,0.226,0.066,0.272,0.06,0.309,0.075,0.418,0.292,0.508,0.336
0.175,0.224,0.16,0.175,0.147,0.218,0.198,0.079,0.144,0.186,0.248,0.208,0.312,0.209,1.0,0.07,0.228,0.123,0.262,0.113,0.128,0.408,0.231,0.238,0.208,0.218,0.21,0.336,0.15,0.211,0.272,0.217,0.121,0.163,0.142,0.178,0.226,0.079,0.192,0.296,0.123,0.131,0.241,0.289,0.153,0.154,0.257,0.206,0.178,0.26,0.291,0.271,0.276,0.357,0.218,0.261,0.331,0.242,0.141,0.224,0.27,0.273,0.213,0.269,0.173,0.346,0.311,0.151,0.267,0.375,0.18,0.115,0.207,0.198,0.144,0.138,0.311,0.134,0.288,0.079,0.189,0.341,0.159,0.093,0.188,0.195,0.154,0.542,0.216,0.121,0.153,0.162,0.234,0.343,0.169,0.28,0.158,0.115,0.13,0.178,0.156,0.18,0.288,0.151,0.171,0.138
0.03,0.07,0.075,0.041,0.05,0.236,0.12,0.042,0.05,0.051,0.065,0.051,0.071,0.043,0.07,1.0,0.039,0.164,0.3,0.04,0.059,0.081,0.092,0.063,0.086,0.049,0.059,0.059,0.059,0.059,0.075,0.05,0.051,0.326,0.05,0.061,0.07,0.072,0.081,0.178,0.127,0.088,0.049,0.064,0.105,0.143,0.072,0.092,0.058,0.065,0.064,0.075,0.075,0.11,0.103,0.071,0.051,0.092,0.197,0.111,0.075,0.07,0.059,0.059,0.28,0.07,0.081,0.163,0.103,0.059,0.051,0.054,0.07,0.192,0.143,0.421,0.067,0.059,0.059,0.072,0.076,0.059,0.044,0.214,0.12,0.12,0.197,0.068,0.05,0.34,0.103,0.078,0.045,0.043,0.029,0.086,0.127,0.106,0.059,0.082,0.07,0.06,0.059,0.07,0.207,0.059
0.09,1.0,0.127,0.108,0.035,0.486,0.605,0.034,0.035,0.118,1.0,0.098,0.171,0.031,0.228,0.039,1.0,0.114,1.0,0.092,0.219,0.095,0.257,0.242,0.276,0.115,0.136,0.206,0.039,0.437,0.605,0.035,0.035,0.118,0.457,0.219,0.286,0.051,0.129,0.109,0.095,0.119,0.037,0.183,0.076,0.095,0.095,0.208,0.123,1.0,0.386,0.159,0.159,0.206,0.183,0.179,0.428,0.257,0.129,0.193,0.486,0.328,0.448,0.354,0.276,0.384,0.053,0.192,0.159,0.183,0.035,0.043,0.253,0.135,0.095,0.161,0.162,0.039,0.354,0.051,0.115,0.09,0.214,0.084,0.254,0.254,0.129,0.378,0.17,0.095,0.07,0.129,0.194,0.031,0.085,0.119,0.131,0.077,0.046,0.135,0.053,0.21,0.11,0.053,0.063,0.044
0.08,0.111,0.163,0.149,0.094,0.125,0.145,0.085,0.109,0.112,0.132,0.263,0.167,0.084,0.123,0.164,0.114,1.0,0.131,0.077,0.11,0.115,0.15,0.128,0.138,0.136,0.149,0.116,0.109,0.127,0.158,0.09,0.091,0.142,0.098,0.117,0.109,0.234,0.137,0.315,0.225,0.125,0.138,0.1,0.133,0.172,0.133,0.143,0.125,0.121,0.127,0.115,0.112,0.168,0.096,0.125,0.107,0.157,0.193,0.18,0.127,0.132,0.115,0.118,0.113,0.114,0.166,0.146,0.11,0.095,0.089,0.103,0.089,0.136,0.121,0.166,0.168,0.099,0.103,0.234,0.115,0.095,0.127,0.171,0.146,0.152,0.3,0.126,0.085,0.26,0.21,0.103,0.115,0.09,0.088,0.121,0.127,0.514,0.106,0.231,0.163,0.089,0.099,0.12,0.134,0.113
0.186,0.48,0.163,0.171,0.163,0.516,0.494,0.176,0.218,0.205,0.551,0.186,0.29,0.161,0.262,0.3,1.0,0.131,1.0,0.145,0.201,0.185,0.291,0.226,0.281,0.261,0.331,0.414,0.206,0.317,0.428,0.177,0.182,0.225,0.267,0.37,0.277,0.129,0.171,0.38,0.205,0.183,0.22,0.246,0.351,0.324,0.239,0.365,0.223,0.644,0.533,0.322,0.211,0.284,0.245,0.182,0.466,0.29,0.236,0.369,0.511,0.404,0.45,0.465,0.307,0.339,0.788,0.166,0.229,0.328,0.259,0.123,0.291,0.23,0.348,0.156,0.367,0.287,0.443,0.129,0.257,0.234,0.15,0.174,0.261,0.265,0.175,0.358,0.2,0.18,0.147,0.234,0.38,0.38,0.183,0.329,0.321,0.124,0.228,0.204,0.269,0.14,0.249,0.184,0.262,0.291
0.506,0.429,0.089,0.14,0.165,0.542,0.467,0.091,0.123,0.101,0.065,0.095,0.154,0.189,0.113,0.04,0.092,0.077,0.145,1.0,0.085,0.146,0.119,0.106,0.279,0.214,0.223,0.13,0.099,0.105,0.078,0.141,0.082,0.417,0.07,0.115,0.107,0.064,0.123,0.269,0.104,0.086,0.195,0.128,0.118,0.251,0.147,0.118,0.163,0.236,0.196,0.48,0.503,0.12,0.253,0.14,0.121,0.116,0.157,0.118,0.197,0.357,0.254,0.136,0.08,0.121,0.231,0.289,0.085,0.118,0.249,0.315,0.404,0.24,0.187,0.099,0.291,0.093,0.096,0.064,0.184,0.129,0.076,0.289,0.249,0.26,0.102,0.145,0.109,0.074,0.136,0.409,0.203,0.279,0.479,0.336,0.296,0.066,0.094,0.119,0.138,0.146,0.335,0.106,0.215,0.149
0.323,0.135,0.127,0.21,0.039,0.093,0.169,0.059,0.044,0.154,0.197,0.129,0.432,0.035,0.128,0.059,0.219,0.11,0.201,0.085,1.0,0.069,0.204,0.137,0.177,0.191,0.09,0.134,0.043,0.133,0.212,0.038,0.038,0.153,0.209,0.463,0.188,0.116,0.167,0.119,0.143,0.146,0.055,0.129,0.08,0.07,0.074,0.184,0.101,0.136,0.096,0.142,0.153,0.158,0.097,0.255,0.123,0.229,0.086,0.183,0.102,0.127,0.184,0.188,0.162,0.14,0.063,0.202,0.11,0.155,0.037,0.043,0.156,0.167,0.102,0.219,0.161,0.039,0.238,0.116,0.108,0.068,0.334,0.095,0.161,0.177,0.125,0.179,0.138,0.104,0.065,0.178,0.139,0.039,0.324,0.094,0.107,0.096,0.048,0.171,0.07,0.241,0.088,0.05,0.056,0.076
0.078,0.117,0.306,0.098,0.187,0.208,0.172,0.13,0.144,0.209,0.079,0.286,0.151,0.327,0.408,0.081,0.095,0.115,0.185,0.146,0.069,1.0,0.303,0.293,0.34,0.112,0.289,0.204,0.361,0.146,0.089,0.486,0.219,0.082,0.124,0.208,0.075,0.098,0.148,0.467,0.167,0.124,0.53,0.215,0.372,0.335,0.591,0.313,0.184,0.184,0.212,0.196,0.167,0.234,0.208,0.082,0.198,0.303,0.198,0.244,0.251,0.246,0.322,0.279,0.09,0.3,0.446,0.094,0.167,0.26,0.316,0.321,0.25,0.279,0.215,0.158,0.142,0.366,0.221,0.098,0.278,0.434,0.068,0.142,0.177,0.177,0.184,0.271,0.135,0.119,0.225,0.185,0.106,0.529,0.077,0.357,0.247,0.111,0.229,0.161,0.27,0.094,0.482,0.374,0.274,0.238
0.171,0.156,0.233,0.274,0.215,0.279,0.216,0.204,0.218,0.321,0.201,0.235,0.502,0.323,0.231,0.092,0.257,0.15,0.291,0.119,0.204,0.303,1.0,0.249,0.405,0.232,0.326,0.316,0.301,0.234,0.183,0.374,0.289,0.188,0.258,0.377,0.191,0.141,0.187,0.38,0.207,0.229,0.401,0.274,0.474,0.332,0.389,0.365,0.241,0.292,0.32,0.268,0.191,0.281,0.226,0.274,0.277,0.883,0.266,0.389,0.328,0.324,0.453,0.481,0.167,0.471,0.788,0.215,0.222,0.429,0.356,0.152,0.259,0.257,0.298,0.198,0.361,0.303,0.337,0.141,0.348,0.276,0.216,0.172,0.252,0.257,0.253,0.377,0.214,0.149,0.194,0.219,0.179,0.544,0.177,0.326,0.31,0.138,0.329,0.266,0.368,0.162,0.289,0.263,0.302,0.329
0.245,0.168,0.421,0.204,0.341,0.227,0.166,0.266,0.596,0.245,0.213,0.232,0.33,0.164,0.238,0.063,0.242,0.128,0.226,0.106,0.137,0.293,0.249,1.0,0.238,0.251,0.277,0.362,0.513,0.35,0.222,0.258,0.296,0.165,0.247,0.193,0.191,0.092,0.202,0.329,0.14,0.263,0.098,0.342,0.39,0.311,0.252,0.545,0.374,0.366,0.403,0.305,0.3,0.223,0.408,0.249,0.278,0.265,0.32,0.259,0.422,0.249,0.303,0.257,0.199,0.288,0.357,0.172,0.284,0.25,0.304,0.312,0.199,0.241,0.31,0.212,0.323,0.422,0.224,0.092,0.243,0.384,0.154,0.175,0.315,0.259,0.214,0.323,0.341,0.126,0.204,0.175,0.231,0.288,0.254,0.234,0.259,0.113,0.303,0.224,0.191,0.137,0.348,0.365,0.244,0.154
0.332,0.323,0.226,0.176,0.171,0.335,0.269,0.155,0.185,0.308,0.168,0.254,0.383,0.241,0.208,0.086,0.276,0.138,0.281,0.279,0.177,0.34,0.405,0.238,1.0,1.0,0.425,0.368,0.251,0.413,0.153,0.402,0.288,0.186,0.213,0.312,0.229,0.112,0.426,0.284,0.167,0.176,0.67,0.251,0.344,0.443,0.428,0.411,0.252,0.318,0.307,0.329,0.273,0.325,0.295,0.185,0.347,0.41,0.354,0.33,0.299,0.35,0.54,0.561,0.179,0.358,0.63,0.345,0.254,0.4,0.349,0.199,0.316,0.475,0.328,0.18,0.436,0.249,0.285,0.112,0.299,0.262,0.154,0.3,0.223,0.226,0.207,0.317,0.173,0.135,0.207,0.344,0.293,0.487,0.343,0.39,0.436,0.14,0.259,0.302,0.492,0.16,0.466,0.332,0.399,0.243
0.273,0.261,0.157,0.117,0.045,0.261,0.205,0.04,0.045,0.123,0.178,0.172,0.351,0.039,0.218,0.049,0.115,0.136,0.261,0.214,0.191,0.112,0.232,0.251,1.0,1.0,0.653,0.495,0.051,1.0,0.205,0.045,0.046,0.224,0.148,0.232,0.377,0.063,1.0,0.138,0.111,0.124,0.045,0.333,0.091,0.117,0.112,0.615,0.296,0.261,0.261,0.299,0.299,0.495,0.392,0.289,0.266,0.232,0.158,0.231,0.261,0.204,0.892,0.892,0.259,0.113,0.068,0.24,0.294,0.333,0.046,0.05,0.273,1.0,0.242,0.198,0.396,0.051,0.165,0.063,0.151,0.165,0.125,0.101,0.155,0.155,0.158,0.296,0.145,0.117,0.087,0.273,0.255,0.039,0.275,0.124,0.43,0.092,0.054,0.17,0.063,0.111,0.131,0.063,0.076,0.051
0.264,0.168,0.252,0.141,0.272,0.44,0.249,0.163,0.218,0.249,0.105,0.278,0.298,0.349,0.21,0.059,0.136,0.149,0.331,0.223,0.09,0.289,0.326,0.277,0.425,0.653,1.0,0.393,0.334,0.263,0.116,0.265,0.243,0.119,0.16,0.449,0.185,0.115,0.268,0.38,0.153,0.167,0.356,0.228,0.368,0.356,0.367,0.475,0.269,0.323,0.461,0.41,0.298,0.238,0.274,0.139,0.306,0.336,0.239,0.362,0.425,0.385,0.55,0.52,0.175,0.32,0.788,0.143,0.273,0.368,0.346,0.279,0.353,0.416,0.34,0.125,0.444,0.35,0.327,0.115,0.308,0.495,0.086,0.18,0.281,0.282,0.213,0.289,0.179,0.098,0.204,0.315,0.255,0.38,0.265,0.349,0.4,0.251,0.264,0.146,0.269,0.12,0.408,0.294,0.412,0.309
0.311,0.247,0.183,0.18,0.433,0.447,0.175,0.293,1.0,0.274,0.201,0.279,0.445,0.202,0.336,0.059,0.206,0.116,0.414,0.13,0.134,0.204,0.316,0.362,0.368,0.495,0.393,1.0,0.509,0.516,0.217,0.459,0.373,0.167,0.362,0.418,0.252,0.101,0.288,0.38,0.151,0.365,0.22,0.567,0.436,0.382,0.301,0.59,0.382,0.528,0.581,0.576,0.457,0.563,0.467,0.249,0.432,0.336,0.381,0.479,0.631,0.411,0.46,0.576,0.241,0.432,0.788,0.166,0.476,0.514,0.348,0.131,0.266,0.289,0.481,0.128,0.372,0.483,0.514,0.101,0.346,0.417,0.136,0.207,0.375,0.309,0.168,0.392,0.544,0.115,0.239,0.216,0.248,0.38,0.316,0.356,0.361,0.089,0.471,0.156,0.269,0.135,0.291,0.242,0.277,0.271
0.029,0.099,0.433,0.052,0.54,0.387,0.11,0.401,1.0,0.317,0.053,0.298,0.062,0.287,0.15,0.059,0.039,0.109,0.206,0.099,0.043,0.361,0.301,0.513,0.251,0.051,0.334,0.509,1.0,0.423,0.062,0.552,0.515,0.065,0.424,0.295,0.05,0.123,0.137,0.38,0.174,0.397,0.22,0.454,0.527,0.442,0.373,0.635,0.345,0.35,0.479,0.39,0.315,0.12,0.463,0.05,0.27,0.321,0.419,0.358,0.509,0.272,0.453,0.473,0.16,0.409,0.788,0.071,0.422,0.291,0.428,0.358,0.206,0.182,0.462,0.136,0.067,0.62,0.345,0.123,0.461,0.642,0.049,0.227,0.388,0.311,0.22,0.195,0.569,0.117,0.305,0.159,0.04,0.38,0.031,0.325,0.342,0.088,0.675,0.089,0.269,0.095,0.382,0.45,0.343,0.517
0.273,0.222,0.161,0.147,0.444,0.314,0.251,0.328,1.0,0.169,0.368,0.272,0.351,0.122,0.211,0.059,0.437,0.127,0.317,0.105,0.133,0.146,0.234,0.35,0.413,1.0,0.263,0.516,0.423,1.0,0.429,0.392,0.325,0.128,0.438,0.232,0.255,0.102,0.43,0.271,0.162,0.378,0.231,0.487,0.267,0.187,0.241,0.464,0.392,0.484,0.46,0.368,0.383,0.294,0.411,0.196,0.347,0.222,0.354,0.235,0.601,0.291,0.342,0.396,0.257,0.35,0.289,0.17,0.405,0.262,0.255,0.094,0.19,0.292,0.407,0.146,0.396,0.285,0.214,0.102,0.302,0.36,0.12,0.196,0.372,0.305,0.175,0.3,0.534,0.122,0.26,0.217,0.255,0.173,0.275,0.16,0.247,0.104,0.569,0.194,0.313,0.114,0.238,0.226,0.202,0.185
0.152,0.314,0.178,0.231,0.054,0.204,0.405,0.081,0.057,0.158,0.658,0.094,0.279,0.049,0.272,0.075,0.605,0.158,0.428,0.078,0.212,0.089,0.183,0.222,0.153,0.205,0.116,0.217,0.062,0.429,1.0,0.053,0.055,0.156,0.242,0.138,0.325,0.165,0.185,0.184,0.198,0.177,0.068,0.17,0.112,0.102,0.088,0.183,0.14,0.427,0.319,0.146,0.154,0.264,0.12,0.228,0.471,0.202,0.122,0.231,0.301,0.281,0.155,0.169,0.223,0.182,0.087,0.224,0.132,0.201,0.052,0.056,0.198,0.175,0.136,0.227,0.274,0.058,0.197,0.165,0.137,0.086,0.202,0.132,0.198,0.218,0.189,0.353,0.158,0.155,0.097,0.139,0.333,0.05,0.157,0.115,0.129,0.123,0.101,0.256,0.087,0.148,0.087,0.069,0.078,0.104
0.027,0.082,0.133,0.044,0.514,0.305,0.159,0.353,1.0,0.239,0.044,0.282,0.054,0.393,0.217,0.05,0.035,0.09,0.177,0.141,0.038,0.486,0.374,0.258,0.402,0.045,0.265,0.459,0.552,0.392,0.053,1.0,0.429,0.053,0.374,0.233,0.043,0.093,0.108,0.271,0.141,0.364,0.541,0.48,0.342,0.259,0.472,0.407,0.391,0.315,0.37,0.357,0.326,0.134,0.305,0.044,0.205,0.39,0.368,0.287,0.524,0.263,0.308,0.37,0.139,0.464,0.53,0.059,0.323,0.356,0.45,0.141,0.236,0.159,0.44,0.061,0.057,0.392,0.277,0.093,0.376,0.426,0.04,0.193,0.396,0.323,0.134,0.263,0.521,0.093,0.385,0.188,0.036,0.529,0.028,0.266,0.299,0.074,0.514,0.072,0.259,0.08,0.391,0.253,0.299,0.308
0.027,0.081,0.203,0.045,0.609,0.299,0.094,0.53,0.59,0.581,0.045,0.428,0.055,0.324,0.121,0.051,0.035,0.091,0.182,0.082,0.038,0.219,0.289,0.296,0.288,0.046,0.243,0.373,0.515,0.325,0.055,0.429,1.0,0.054,0.44,0.272,0.044,0.103,0.108,0.284,0.151,0.43,0.197,0.325,0.574,0.426,0.309,0.424,0.306,0.339,0.388,0.281,0.217,0.099,0.349,0.045,0.472,0.302,0.495,0.347,0.411,0.252,0.311,0.374,0.175,0.407,0.63,0.06,0.387,0.271,0.702,0.17,0.212,0.17,0.49,0.08,0.059,0.543,0.334,0.103,0.458,0.514,0.042,0.252,0.388,0.355,0.209,0.21,0.467,0.096,0.337,0.155,0.037,0.437,0.029,0.421,0.314,0.076,0.671,0.074,0.307,0.081,0.409,0.435,0.461,0.413
0.342,0.315,0.112,0.547,0.055,0.234,0.249,0.042,0.066,0.416,0.13,0.082,0.311,0.047,0.163,0.326,0.118,0.142,0.225,0.417,0.153,0.082,0.188,0.165,0.186,0.224,0.119,0.167,0.065,0.128,0.156,0.053,0.054,1.0,0.102,0.147,0.203,0.064,0.167,0.275,0.113,0.192,0.06,0.139,0.078,0.155,0.076,0.136,0.126,0.177,0.119,0.181,0.191,0.196,0.175,0.472,0.152,0.207,0.142,0.159,0.123,0.284,0.158,0.138,0.227,0.11,0.116,0.235,0.126,0.164,0.053,0.12,0.164,0.202,0.094,0.142,0.322,0.059,0.115,0.064,0.123,0.085,0.292,0.231,0.113,0.119,0.177,0.224,0.094,0.23,0.085,0.17,0.23,0.054,0.326,0.228,0.214,0.134,0.063,0.161,0.085,0.24,0.113,0.067,0.103,0.066
0.115,0.203,0.147,0.153,0.452,0.342,0.291,0.448,0.728,0.21,0.347,0.253,0.209,0.146,0.142,0.05,0.457,0.098,0.267,0.07,0.209,0.124,0.258,0.247,0.213,0.148,0.16,0.362,0.424,0.438,0.242,0.374,0.44,0.102,1.0,0.24,0.242,0.068,0.135,0.195,0.108,0.552,0.115,0.36,0.288,0.185,0.232,0.333,0.296,0.428,0.372,0.273,0.27,0.122,0.375,0.163,0.266,0.281,0.398,0.261,0.423,0.232,0.263,0.315,0.262,0.429,0.399,0.135,0.437,0.185,0.313,0.078,0.141,0.145,0.419,0.13,0.201,0.36,0.266,0.068,0.316,0.365,0.206,0.207,0.386,0.36,0.128,0.214,0.593,0.098,0.283,0.157,0.426,0.216,0.114,0.189,0.194,0.089,0.639,0.339,0.151,0.168,0.213,0.17,0.173,0.272
0.323,0.161,0.161,0.21,0.2,0.329,0.17,0.19,0.218,0.294,0.158,0.253,0.432,0.212,0.178,0.061,0.219,0.117,0.37,0.115,0.463,0.208,0.377,0.193,0.312,0.232,0.449,0.418,0.295,0.232,0.138,0.233,0.272,0.147,0.24,1.0,0.2,0.125,0.189,0.38,0.199,0.209,0.232,0.202,0.438,0.39,0.263,0.445,0.189,0.35,0.373,0.329,0.173,0.207,0.221,0.197,0.287,0.337,0.243,0.46,0.338,0.387,0.447,0.522,0.202,0.336,0.788,0.168,0.231,0.319,0.287,0.129,0.254,0.312,0.321,0.114,0.333,0.41,0.508,0.125,0.326,0.393,0.242,0.159,0.213,0.212,0.167,0.265,0.212,0.117,0.155,0.227,0.193,0.38,0.324,0.368,0.305,0.109,0.323,0.133,0.335,0.19,0.253,0.24,0.277,0.293
0.258,0.274,0.143,0.214,0.045,0.202,0.202,0.041,0.052,0.145,0.308,0.088,0.384,0.04,0.226,0.07,0.286,0.109,0.277,0.107,0.188,0.075,0.191,0.191,0.229,0.377,0.185,0.252,0.05,0.255,0.325,0.043,0.044,0.203,0.242,0.2,1.0,0.059,0.296,0.152,0.09,0.116,0.063,0.178,0.064,0.077,0.074,0.183,0.216,0.267,0.234,0.192,0.206,0.295,0.13,0.335,0.411,0.212,0.089,0.177,0.227,0.233,0.176,0.226,0.31,0.117,0.078,0.199,0.153,0.21,0.043,0.047,0.166,0.237,0.081,0.17,0.506,0.045,0.14,0.059,0.093,0.119,0.186,0.066,0.106,0.114,0.126,0.288,0.122,0.107,0.067,0.141,0.683,0.046,0.265,0.089,0.1,0.114,0.053,0.233,0.081,0.156,0.066,0.056,0.062,0.056
0.098,0.062,0.102,0.057,0.096,0.098,0.199,0.211,0.111,0.097,0.064,0.119,0.088,0.095,0.079,0.072,0.051,0.234,0.129,0.064,0.116,0.098,0.141,0.092,0.112,0.063,0.115,0.101,0.123,0.102,0.165,0.093,0.103,0.064,0.068,0.125,0.059,1.0,0.078,0.218,0.468,0.153,0.139,0.101,0.258,0.141,0.134,0.122,0.111,0.088,0.105,0.115,0.106,0.127,0.082,0.075,0.089,0.129,0.139,0.164,0.108,0.115,0.104,0.12,0.069,0.113,0.233,0.116,0.1,0.1,0.105,0.079,0.136,0.122,0.183,0.136,0.084,0.109,0.104,1.0,0.175,0.108,0.055,0.158,0.19,0.204,0.205,0.083,0.092,0.147,0.122,0.157,0.056,0.118,0.097,0.199,0.222,0.157,0.124,0.108,0.194,0.054,0.125,0.137,0.134,0.249
0.273,0.178,0.216,0.18,0.114,0.164,0.135,0.071,0.136,0.151,0.175,0.126,0.351,0.1,0.192,0.081,0.129,0.137,0.171,0.123,0.167,0.148,0.187,0.202,0.426,1.0,0.268,0.288,0.137,0.43,0.185,0.108,0.108,0.167,0.135,0.189,0.296,0.078,1.0,0.467,0.144,0.117,0.069,0.222,0.123,0.144,0.114,0.324,0.195,0.177,0.189,0.201,0.204,0.304,0.181,0.249,0.211,0.214,0.143,0.247,0.181,0.208,0.316,0.379,0.17,0.125,0.224,0.219,0.164,0.262,0.108,0.091,0.164,0.434,0.12,0.214,0.396,0.123,0.17,0.078,0.16,0.146,0.165,0.105,0.131,0.13,0.178,0.234,0.132,0.149,0.115,0.158,0.255,0.108,0.275,0.134,0.146,0.111,0.113,0.298,0.078,0.162,0.126,0.126,0.119,0.115
0.072,0.34,0.329,0.17,0.271,0.38,0.29,0.195,0.271,0.284,0.184,0.329,0.157,0.269,0.296,0.178,0.109,0.315,0.38,0.269,0.119,0.467,0.38,0.329,0.284,0.138,0.38,0.38,0.38,0.271,0.184,0.271,0.284,0.275,0.195,0.38,0.152,0.218,0.467,1.0,0.38,0.224,0.14,0.286,0.38,0.38,0.38,0.38,0.271,0.38,0.38,0.38,0.271,0.23,0.275,0.124,0.284,0.38,0.467,0.38,0.38,0.38,0.38,0.38,0.228,0.38,0.467,0.256,0.25,0.38,0.284,0.275,0.34,0.467,0.38,0.257,0.172,0.38,0.38,0.218,0.38,0.38,0.197,0.329,0.271,0.265,0.467,0.205,0.271,0.38,0.301,0.269,0.105,0.205,0.083,0.38,0.38,0.214,0.38,0.279,0.152,0.252,0.329,0.38,0.317,0.38
0.172,0.11,0.153,0.115,0.143,0.141,0.274,0.292,0.152,0.146,0.107,0.204,0.134,0.141,0.123,0.127,0.095,0.225,0.205,0.104,0.143,0.167,0.207,0.14,0.167,0.111,0.153,0.151,0.174,0.162,0.198,0.141,0.151,0.113,0.108,0.199,0.09,0.468,0.144,0.38,1.0,0.201,0.234,0.142,0.341,0.198,0.21,0.168,0.179,0.136,0.152,0.16,0.15,0.19,0.133,0.103,0.135,0.18,0.183,0.202,0.153,0.174,0.15,0.164,0.113,0.17,0.255,0.157,0.162,0.14,0.149,0.125,0.178,0.177,0.263,0.204,0.133,0.161,0.155,0.468,0.236,0.155,0.102,0.218,0.227,0.239,0.277,0.123,0.138,0.196,0.191,0.227,0.097,0.153,0.182,0.252,0.284,0.181,0.182,0.168,0.282,0.094,0.169,0.197,0.187,0.366
0.155,0.094,0.129,0.478,0.439,0.346,0.25,0.436,0.728,0.293,0.104,0.31,0.312,0.143,0.131,0.088,0.119,0.125,0.183,0.086,0.146,0.124,0.229,0.263,0.176,0.124,0.167,0.365,0.397,0.378,0.177,0.364,0.43,0.192,0.552,0.209,0.116,0.153,0.117,0.224,0.201,1.0,0.115,0.362,0.359,0.203,0.274,0.333,0.302,0.34,0.356,0.31,0.311,0.13,0.393,0.19,0.182,0.24,0.504,0.248,0.386,0.203,0.233,0.287,0.279,0.414,0.399,0.141,0.444,0.191,0.337,0.087,0.184,0.263,0.488,0.149,0.186,0.374,0.208,0.153,0.386,0.38,0.231,0.324,0.522,0.519,0.157,0.22,0.548,0.124,0.321,0.197,0.212,0.216,0.147,0.31,0.313,0.144,0.594,0.522,0.151,0.154,0.266,0.172,0.181,0.312
0.03,0.061,0.098,0.038,0.153,0.22,0.249,0.175,0.088,0.197,0.058,0.241,0.064,0.363,0.241,0.049,0.037,0.138,0.22,0.195,0.055,0.53,0.401,0.098,0.67,0.045,0.356,0.22,0.22,0.231,0.068,0.541,0.197,0.06,0.115,0.232,0.063,0.139,0.069,0.14,0.234,0.115,1.0,0.179,0.401,0.246,0.769,0.22,0.379,0.22,0.22,0.22,0.153,0.272,0.2,0.066,0.197,0.356,0.197,0.22,0.363,0.356,0.356,0.356,0.078,0.363,0.297,0.083,0.2,0.356,0.363,0.153,0.363,0.216,0.278,0.082,0.06,0.22,0.22,0.139,0.363,0.241,0.041,0.246,0.195,0.195,0.166,0.363,0.115,0.118,0.253,0.356,0.042,0.363,0.029,0.241,0.356,0.092,0.231,0.071,0.356,0.054,0.67,0.356,0.356,0.253
0.301,0.205,0.146,0.115,0.49,0.301,0.163,0.313,1.0,0.17,0.162,0.252,0.462,0.202,0.289,0.064,0.183,0.1,0.246,0.128,0.129,0.215,0.274,0.342,0.251,0.333,0.228,0.567,0.454,0.487,0.17,0.48,0.325,0.139,0.36,0.202,0.178,0.101,0.222,0.286,0.142,0.362,0.179,1.0,0.252,0.174,0.257,0.382,0.379,0.379,0.398,0.486,0.512,0.417,0.509,0.209,0.316,0.297,0.333,0.28,0.508,0.214,0.239,0.278,0.216,0.333,0.316,0.137,0.447,0.547,0.282,0.137,0.212,0.252,0.408,0.095,0.258,0.295,0.237,0.101,0.281,0.367,0.1,0.181,0.379,0.304,0.14,0.293,0.579,0.103,0.281,0.222,0.184,0.256,0.296,0.201,0.274,0.088,0.427,0.103,0.189,0.114,0.262,0.227,0.224,0.179
0.14,0.099,0.333,0.092,0.37,0.374,0.218,0.434,0.546,0.45,0.069,0.4,0.115,0.35,0.153,0.105,0.076,0.133,0.351,0.118,0.08,0.372,0.474,0.39,0.344,0.091,0.368,0.436,0.527,0.267,0.112,0.342,0.574,0.078,0.288,0.438,0.064,0.258,0.123,0.38,0.341,0.359,0.401,0.252,1.0,0.603,0.474,0.566,0.312,0.412,0.49,0.382,0.22,0.165,0.396,0.066,0.413,0.335,0.495,0.452,0.481,0.383,0.451,0.45,0.164,0.431,0.788,0.105,0.321,0.317,0.634,0.313,0.387,0.294,0.556,0.171,0.113,0.698,0.433,0.258,0.453,0.459,0.062,0.361,0.358,0.338,0.259,0.291,0.324,0.134,0.265,0.244,0.08,0.544,0.146,0.598,0.508,0.156,0.515,0.144,0.368,0.084,0.479,0.489,0.45,0.453
0.066,0.336,0.338,0.126,0.218,0.393,0.282,0.202,0.218,0.404,0.087,0.305,0.15,0.3,0.154,0.143,0.095,0.172,0.324,0.251,0.07,0.335,0.332,0.311,0.443,0.117,0.356,0.382,0.442,0.187,0.102,0.259,0.426,0.155,0.185,0.39,0.077,0.141,0.144,0.38,0.198,0.203,0.246,0.174,0.603,1.0,0.373,0.468,0.164,0.375,0.368,0.372,0.197,0.159,0.271,0.078,0.371,0.336,0.576,0.455,0.344,0.412,0.455,0.432,0.127,0.343,0.788,0.17,0.24,0.311,0.424,0.363,0.362,0.324,0.388,0.188,0.15,0.587,0.427,0.141,0.365,0.346,0.08,0.392,0.217,0.215,0.297,0.263,0.189,0.181,0.2,0.217,0.098,0.485,0.072,0.552,0.45,0.213,0.358,0.217,0.394,0.128,0.453,0.468,0.468,0.347
0.246,0.092,0.221,0.104,0.283,0.317,0.189,0.233,0.728,0.248,0.073,0.351,0.16,0.297,0.257,0.072,0.095,0.133,0.239,0.147,0.074,0.591,0.389,0.252,0.428,0.112,0.367,0.301,0.373,0.241,0.088,0.472,0.309,0.076,0.232,0.263,0.074,0.134,0.114,0.38,0.21,0.274,0.769,0.257,0.474,0.373,1.0,0.352,0.274,0.288,0.321,0.291,0.223,0.236,0.31,0.086,0.24,0.358,0.36,0.278,0.38,0.328,0.404,0.371,0.123,0.449,0.788,0.172,0.274,0.329,0.375,0.218,0.353,0.274,0.437,0.123,0.161,0.355,0.259,0.134,0.38,0.448,0.059,0.264,0.268,0.254,0.237,0.279,0.265,0.123,0.254,0.321,0.106,0.529,0.226,0.424,0.395,0.123,0.388,0.161,0.492,0.083,0.478,0.338,0.333,0.3
0.236,0.151,0.422,0.246,0.452,0.393,0.172,0.37,0.747,0.328,0.175,0.326,0.565,0.243,0.206,0.092,0.208,0.143,0.365,0.118,0.184,0.313,0.365,0.545,0.411,0.615,0.475,0.59,0.635,0.464,0.183,0.407,0.424,0.136,0.333,0.445,0.183,0.122,0.324,0.38,0.168,0.333,0.22,0.382,0.566,0.468,0.352,1.0,0.433,0.517,0.577,0.45,0.311,0.229,0.437,0.16,0.311,0.391,0.415,0.53,0.601,0.403,0.603,0.584,0.22,0.379,0.788,0.197,0.324,0.343,0.423,0.284,0.239,0.313,0.452,0.217,0.332,0.663,0.501,0.122,0.379,0.547,0.16,0.233,0.38,0.311,0.222,0.288,0.424,0.147,0.266,0.205,0.22,0.38,0.253,0.381,0.385,0.144,0.466,0.315,0.269,0.13,0.355,0.355,0.316,0.307
0.184,0.141,0.164,0.128,0.48,0.296,0.249,0.406,0.747,0.151,0.125,0.212,0.219,0.183,0.178,0.058,0.123,0.125,0.223,0.163,0.101,0.184,0.241,0.374,0.252,0.296,0.269,0.382,0.345,0.392,0.14,0.391,0.306,0.126,0.296,0.189,0.216,0.111,0.195,0.271,0.179,0.302,0.379,0.379,0.312,0.164,0.274,0.433,1.0,0.364,0.463,0.33,0.342,0.263,0.325,0.2,0.218,0.206,0.336,0.215,0.518,0.232,0.204,0.224,0.207,0.272,0.289,0.146,0.278,0.19,0.356,0.122,0.2,0.212,0.416,0.141,0.417,0.331,0.157,0.111,0.267,0.339,0.105,0.18,0.402,0.33,0.174,0.441,0.387,0.123,0.311,0.239,0.269,0.237,0.182,0.174,0.242,0.103,0.375,0.192,0.275,0.092,0.246,0.237,0.254,0.353
0.186,0.624,0.177,0.19,0.385,0.564,0.387,0.309,0.747,0.23,0.607,0.286,0.256,0.159,0.26,0.065,1.0,0.121,0.644,0.236,0.136,0.184,0.292,0.366,0.318,0.261,0.323,0.528,0.35,0.484,0.427,0.315,0.339,0.177,0.428,0.35,0.267,0.088,0.177,0.38,0.136,0.34,0.22,0.379,0.412,0.375,0.288,0.517,0.364,1.0,0.694,0.437,0.342,0.256,0.421,0.167,0.479,0.302,0.418,0.384,0.702,0.454,0.528,0.459,0.286,0.427,0.788,0.202,0.339,0.337,0.339,0.158,0.291,0.246,0.447,0.146,0.367,0.426,0.417,0.088,0.362,0.395,0.143,0.296,0.412,0.371,0.162,0.364,0.393,0.116,0.242,0.199,0.38,0.38,0.183,0.375,0.408,0.117,0.431,0.232,0.269,0.17,0.315,0.207,0.239,0.236
0.186,0.312,0.2,0.152,0.49,0.664,0.356,0.424,0.747,0.269,0.317,0.31,0.268,0.281,0.291,0.064,0.386,0.127,0.533,0.196,0.096,0.212,0.32,0.403,0.307,0.261,0.461,0.581,0.479,0.46,0.319,0.37,0.388,0.119,0.372,0.373,0.234,0.105,0.189,0.38,0.152,0.356,0.22,0.398,0.49,0.368,0.321,0.577,0.463,0.694,1.0,0.496,0.378,0.279,0.442,0.155,0.476,0.333,0.446,0.438,0.785,0.546,0.464,0.53,0.282,0.439,0.788,0.159,0.38,0.384,0.502,0.188,0.342,0.273,0.528,0.143,0.367,0.535,0.432,0.105,0.451,0.488,0.105,0.268,0.479,0.444,0.177,0.398,0.425,0.125,0.323,0.288,0.38,0.38,0.183,0.364,0.358,0.124,0.536,0.245,0.269,0.122,0.376,0.233,0.367,0.452
0.312,0.268,0.187,0.153,0.484,0.577,0.297,0.256,1.0,0.216,0.127,0.248,0.409,0.279,0.271,0.075,0.159,0.115,0.322,0.48,0.142,0.196,0.268,0.305,0.329,0.299,0.41,0.576,0.39,0.368,0.146,0.357,0.281,0.181,0.273,0.329,0.192,0.115,0.201,0.38,0.16,0.31,0.22,0.486,0.382,0.372,0.291,0.45,0.33,0.437,0.496,1.0,0.941,0.28,0.509,0.179,0.288,0.277,0.367,0.513,0.562,0.37,0.4,0.441,0.204,0.357,0.788,0.2,0.427,0.512,0.35,0.287,0.323,0.326,0.472,0.173,0.381,0.371,0.374,0.115,0.321,0.365,0.102,0.306,0.389,0.342,0.154,0.334,0.447,0.112,0.24,0.373,0.27,0.38,0.305,0.392,0.411,0.123,0.374,0.255,0.269,0.116,0.389,0.211,0.344,0.257
0.312,0.28,0.169,0.153,0.5,0.479,0.305,0.251,1.0,0.144,0.134,0.206,0.409,0.248,0.276,0.075,0.159,0.112,0.211,0.503,0.153,0.167,0.191,0.3,0.273,0.299,0.298,0.457,0.315,0.383,0.154,0.326,0.217,0.191,0.27,0.173,0.206,0.106,0.204,0.271,0.15,0.311,0.153,0.512,0.22,0.197,0.223,0.311,0.342,0.342,0.378,0.941,1.0,0.291,0.506,0.195,0.233,0.199,0.327,0.356,0.477,0.245,0.244,0.253,0.206,0.283,0.306,0.211,0.428,0.46,0.272,0.275,0.283,0.296,0.39,0.181,0.381,0.208,0.199,0.106,0.246,0.308,0.107,0.281,0.394,0.343,0.141,0.315,0.464,0.109,0.24,0.373,0.27,0.23,0.305,0.243,0.311,0.123,0.314,0.255,0.163,0.116,0.343,0.176,0.279,0.167
0.311,0.248,0.143,0.18,0.118,0.218,0.205,0.108,0.124,0.158,0.234,0.127,0.445,0.13,0.357,0.11,0.206,0.168,0.284,0.12,0.158,0.234,0.281,0.223,0.325,0.495,0.238,0.563,0.12,0.294,0.264,0.134,0.099,0.196,0.122,0.207,0.295,0.127,0.304,0.23,0.19,0.13,0.272,0.417,0.165,0.159,0.236,0.229,0.263,0.256,0.279,0.28,0.291,1.0,0.262,0.3,0.362,0.29,0.161,0.204,0.241,0.269,0.247,0.31,0.192,0.234,0.242,0.188,0.305,0.423,0.124,0.106,0.199,0.251,0.167,0.147,0.372,0.108,0.246,0.127,0.162,0.15,0.158,0.114,0.181,0.189,0.225,0.371,0.188,0.17,0.14,0.215,0.248,0.186,0.316,0.159,0.189,0.164,0.124,0.156,0.319,0.133,0.156,0.166,0.178,0.145
0.301,0.259,0.236,0.119,0.385,0.464,0.179,0.36,0.747,0.193,0.111,0.322,0.476,0.144,0.218,0.103,0.183,0.096,0.245,0.253,0.097,0.208,0.226,0.408,0.295,0.392,0.274,0.467,0.463,0.411,0.12,0.305,0.349,0.175,0.375,0.221,0.13,0.082,0.181,0.275,0.133,0.393,0.2,0.509,0.396,0.271,0.31,0.437,0.325,0.421,0.442,0.509,0.506,0.262,1.0,0.145,0.277,0.226,0.432,0.232,0.439,0.258,0.369,0.344,0.235,0.399,0.399,0.148,0.655,0.472,0.343,0.342,0.221,0.291,0.49,0.103,0.333,0.412,0.244,0.082,0.343,0.419,0.073,0.353,0.415,0.346,0.134,0.279,0.499,0.089,0.262,0.246,0.184,0.216,0.296,0.285,0.364,0.119,0.473,0.103,0.28,0.109,0.331,0.259,0.221,0.242
0.401,0.173,0.171,0.375,0.045,0.128,0.139,0.05,0.048,0.295,0.217,0.108,0.383,0.042,0.261,0.071,0.179,0.125,0.182,0.14,0.255,0.082,0.274,0.249,0.185,0.289,0.139,0.249,0.05,0.196,0.228,0.044,0.045,0.472,0.163,0.197,0.335,0.075,0.249,0.124,0.103,0.19,0.066,0.209,0.066,0.078,0.086,0.16,0.2,0.167,0.155,0.179,0.195,0.3,0.145,1.0,0.243,0.315,0.086,0.208,0.143,0.151,0.142,0.187,0.191,0.136,0.066,0.237,0.168,0.259,0.043,0.051,0.181,0.214,0.094,0.197,0.385,0.046,0.159,0.075,0.128,0.093,0.376,0.066,0.123,0.135,0.142,0.309,0.13,0.123,0.077,0.199,0.29,0.043,0.394,0.124,0.112,0.106,0.056,0.221,0.08,0.266,0.074,0.058,0.064,0.062
0.193,0.388,0.22,0.152,0.172,0.375,0.281,0.149,0.185,0.491,0.453,0.292,0.199,0.227,0.331,0.051,0.428,0.107,0.466,0.121,0.123,0.198,0.277,0.278,0.347,0.266,0.306,0.432,0.27,0.347,0.471,0.205,0.472,0.152,0.266,0.287,0.411,0.089,0.211,0.284,0.135,0.182,0.197,0.316,0.413,0.371,0.24,0.311,0.218,0.479,0.476,0.288,0.233,0.362,0.277,0.243,1.0,0.286,0.276,0.323,0.426,0.34,0.334,0.385,0.268,0.327,0.63,0.155,0.301,0.438,0.474,0.151,0.352,0.237,0.261,0.147,0.368,0.266,0.327,0.089,0.265,0.276,0.136,0.166,0.192,0.193,0.2,0.434,0.216,0.104,0.143,0.175,0.422,0.437,0.191,0.397,0.291,0.085,0.263,0.158,0.307,0.13,0.332,0.359,0.4,0.234
0.171,0.17,0.249,0.274,0.224,0.287,0.192,0.187,0.218,0.341,0.225,0.236,0.502,0.246,0.242,0.092,0.257,0.157,0.29,0.116,0.229,0.303,0.883,0.265,0.41,0.232,0.336,0.336,0.321,0.222,0.202,0.39,0.302,0.207,0.281,0.337,0.212,0.129,0.214,0.38,0.18,0.24,0.356,0.297,0.335,0.336,0.358,0.391,0.206,0.302,0.333,0.277,0.199,0.29,0.226,0.315,0.286,1.0,0.269,0.43,0.299,0.308,0.442,0.518,0.174,0.433,0.788,0.235,0.221,0.47,0.312,0.155,0.218,0.258,0.274,0.214,0.361,0.323,0.368,0.129,0.31,0.286,0.245,0.166,0.265,0.272,0.211,0.329,0.226,0.159,0.195,0.186,0.179,0.38,0.177,0.328,0.3,0.138,0.33,0.266,0.269,0.185,0.29,0.238,0.285,0.317
0.087,0.2,0.212,0.18,0.479,0.409,0.234,0.419,0.747,0.293,0.102,0.384,0.195,0.208,0.141,0.197,0.129,0.193,0.236,0.157,0.086,0.198,0.266,0.32,0.354,0.158,0.239,0.381,0.419,0.354,0.122,0.368,0.495,0.142,0.398,0.243,0.089,0.139,0.143,0.467,0.183,0.504,0.197,0.333,0.495,0.576,0.36,0.415,0.336,0.418,0.446,0.367,0.327,0.161,0.432,0.086,0.276,0.269,1.0,0.295,0.458,0.27,0.32,0.317,0.249,0.418,0.63,0.156,0.383,0.238,0.492,0.172,0.31,0.282,0.58,0.149,0.198,0.453,0.25,0.139,0.406,0.464,0.095,0.476,0.46,0.43,0.277,0.215,0.432,0.204,0.366,0.206,0.129,0.437,0.098,0.354,0.395,0.271,0.542,0.298,0.307,0.1,0.442,0.326,0.386,0.307
0.162,0.153,0.312,0.236,0.233,0.37,0.186,0.242,0.218,0.361,0.211,0.236,0.294,0.265,0.224,0.111,0.193,0.18,0.369,0.118,0.183,0.244,0.389,0.259,0.33,0.231,0.362,0.479,0.358,0.235,0.231,0.287,0.347,0.159,0.261,0.46,0.177,0.164,0.247,0.38,0.202,0.248,0.22,0.28,0.452,0.455,0.278,0.53,0.215,0.384,0.438,0.513,0.356,0.204,0.232,0.208,0.323,0.43,0.295,1.0,0.385,0.425,0.433,0.55,0.171,0.337,0.788,0.21,0.213,0.405,0.334,0.158,0.234,0.268,0.317,0.277,0.289,0.518,0.577,0.164,0.322,0.304,0.199,0.195,0.247,0.252,0.245,0.298,0.223,0.193,0.213,0.193,0.202,0.38,0.172,0.394,0.296,0.165,0.362,0.378,0.269,0.117,0.287,0.25,0.304,0.362
0.186,0.302,0.212,0.218,0.56,0.677,0.354,0.371,1.0,0.258,0.288,0.343,0.288,0.361,0.27,0.075,0.486,0.127,0.511,0.197,0.102,0.251,0.328,0.422,0.299,0.261,0.425,0.631,0.509,0.601,0.301,0.524,0.411,0.123,0.423,0.338,0.227,0.108,0.181,0.38,0.153,0.386,0.363,0.508,0.481,0.344,0.38,0.601,0.518,0.702,0.785,0.562,0.477,0.241,0.439,0.143,0.426,0.299,0.458,0.385,1.0,0.448,0.425,0.398,0.287,0.514,0.788,0.153,0.388,0.329,0.543,0.193,0.386,0.267,0.543,0.148,0.367,0.474,0.359,0.108,0.479,0.484,0.118,0.274,0.505,0.433,0.184,0.426,0.5,0.125,0.349,0.289,0.38,1.0,0.183,0.355,0.412,0.134,0.478,0.276,0.309,0.127,0.416,0.269,0.375,0.308
0.162,0.322,0.198,0.305,0.226,0.493,0.376,0.174,0.218,0.285,0.277,0.236,0.268,0.255,0.273,0.07,0.328,0.132,0.404,0.357,0.127,0.246,0.324,0.249,0.35,0.204,0.385,0.411,0.272,0.291,0.281,0.263,0.252,0.284,0.232,0.387,0.233,0.115,0.208,0.38,0.174,0.203,0.356,0.214,0.383,0.412,0.328,0.403,0.232,0.454,0.546,0.37,0.245,0.269,0.258,0.151,0.34,0.308,0.27,0.425,0.448,1.0,0.419,0.433,0.208,0.462,0.788,0.227,0.219,0.295,0.318,0.22,0.286,0.318,0.403,0.149,0.276,0.361,0.414,0.115,0.37,0.288,0.172,0.263,0.254,0.258,0.206,0.372,0.204,0.132,0.34,0.355,0.334,0.38,0.177,0.448,0.383,0.124,0.296,0.245,1.0,0.178,0.317,0.35,0.442,0.277
0.332,0.332,0.28,0.144,0.225,0.455,0.251,0.208,0.218,0.294,0.198,0.28,0.383,0.325,0.213,0.059,0.448,0.115,0.45,0.254,0.184,0.322,0.453,0.303,0.54,0.892,0.55,0.46,0.453,0.342,0.155,0.308,0.311,0.158,0.263,0.447,0.176,0.104,0.316,0.38,0.15,0.233,0.356,0.239,0.451,0.455,0.404,0.603,0.204,0.528,0.464,0.4,0.244,0.247,0.369,0.142,0.334,0.442,0.32,0.433,0.425,0.419,1.0,0.715,0.206,0.5,0.788,0.186,0.284,0.449,0.387,0.243,0.361,0.383,0.372,0.142,0.436,0.432,0.487,0.104,0.457,0.483,0.122,0.259,0.266,0.268,0.18,0.386,0.242,0.112,0.206,0.228,0.293,0.904,0.343,0.428,0.496,0.097,0.415,0.189,0.269,0.149,0.349,0.263,0.292,0.377
0.332,0.207,0.212,0.144,0.274,0.448,0.172,0.274,0.218,0.345,0.212,0.29,0.383,0.26,0.269,0.059,0.354,0.118,0.465,0.136,0.188,0.279,0.481,0.257,0.561,0.892,0.52,0.576,0.473,0.396,0.169,0.37,0.374,0.138,0.315,0.522,0.226,0.12,0.379,0.38,0.164,0.287,0.356,0.278,0.45,0.432,0.371,0.584,0.224,0.459,0.53,0.441,0.253,0.31,0.344,0.187,0.385,0.518,0.317,0.55,0.398,0.433,0.715,1.0,0.243,0.575,0.788,0.162,0.352,0.584,0.351,0.148,0.29,0.363,0.389,0.135,0.436,0.498,0.772,0.12,0.431,0.442,0.159,0.193,0.308,0.318,0.176,0.393,0.332,0.12,0.216,0.221,0.293,0.38,0.343,0.394,0.356,0.097,0.521,0.189,0.269,0.172,0.306,0.241,0.302,0.487
0.175,0.193,0.121,0.141,0.215,0.269,0.178,0.182,0.347,0.132,0.213,0.256,0.375,0.075,0.173,0.28,0.276,0.113,0.307,0.08,0.162,0.09,0.167,0.199,0.179,0.259,0.175,0.241,0.16,0.257,0.223,0.139,0.175,0.227,0.262,0.202,0.31,0.069,0.17,0.228,0.113,0.279,0.078,0.216,0.164,0.127,0.123,0.22,0.207,0.286,0.282,0.204,0.206,0.192,0.235,0.191,0.268,0.174,0.249,0.171,0.287,0.208,0.206,0.243,1.0,0.223,0.246,0.141,0.227,0.195,0.153,0.056,0.156,0.201,0.289,0.147,0.372,0.16,0.18,0.069,0.216,0.226,0.133,0.145,0.235,0.223,0.138,0.246,0.243,0.174,0.234,0.157,0.373,0.147,0.17,0.131,0.153,0.122,0.258,0.274,0.104,0.142,0.142,0.1,0.134,0.128
0.11,0.188,0.181,0.169,0.358,0.386,0.213,0.318,0.728,0.312,0.222,0.315,0.271,0.4,0.346,0.07,0.384,0.114,0.339,0.121,0.14,0.3,0.471,0.288,0.358,0.113,0.32,0.432,0.409,0.35,0.182,0.464,0.407,0.11,0.429,0.336,0.117,0.113,0.125,0.38,0.17,0.414,0.363,0.333,0.431,0.343,0.449,0.379,0.272,0.427,0.439,0.357,0.283,0.234,0.399,0.136,0.327,0.433,0.418,0.337,0.514,0.462,0.5,0.575,0.223,1.0,0.788,0.112,0.418,0.441,0.494,0.145,0.325,0.232,0.487,0.11,0.158,0.391,0.5,0.113,0.474,0.394,0.172,0.261,0.389,0.373,0.192,0.514,0.473,0.11,0.279,0.306,0.135,1.0,0.107,0.344,0.35,0.114,0.528,0.126,1.0,0.193,0.35,0.381,0.403,0.329
0.038,0.176,0.357,0.074,0.439,0.788,0.231,0.399,0.289,0.63,0.087,0.63,0.08,0.482,0.311,0.081,0.053,0.166,0.788,0.231,0.063,0.446,0.788,0.357,0.63,0.068,0.788,0.788,0.788,0.289,0.087,0.53,0.63,0.116,0.399,0.788,0.078,0.233,0.224,0.467,0.255,0.399,0.297,0.316,0.788,0.788,0.788,0.788,0.289,0.788,0.788,0.788,0.306,0.242,0.399,0.066,0.63,0.788,0.63,0.788,0.788,0.788,0.788,0.788,0.246,0.788,1.0,0.121,0.399,0.788,0.63,0.306,0.598,0.687,0.788,0.122,0.087,0.788,0.788,0.233,0.788,0.788,0.083,0.563,0.439,0.439,0.263,0.482,0.399,0.176,0.326,0.349,0.053,0.482,0.042,0.788,0.788,0.111,0.788,0.123,0.349,0.138,0.63,0.428,0.63,0.788
0.654,0.34,0.168,0.23,0.061,0.198,0.243,0.068,0.075,0.151,0.191,0.107,0.332,0.053,0.151,0.163,0.192,0.146,0.166,0.289,0.202,0.094,0.215,0.172,0.345,0.24,0.143,0.166,0.071,0.17,0.224,0.059,0.06,0.235,0.135,0.168,0.199,0.116,0.219,0.256,0.157,0.141,0.083,0.137,0.105,0.17,0.172,0.197,0.146,0.202,0.159,0.2,0.211,0.188,0.148,0.237,0.155,0.235,0.156,0.21,0.153,0.227,0.186,0.162,0.141,0.112,0.121,1.0,0.108,0.155,0.059,0.108,0.261,0.302,0.144,0.212,0.565,0.064,0.112,0.116,0.163,0.107,0.18,0.215,0.153,0.163,0.177,0.2,0.115,0.162,0.095,0.441,0.206,0.062,0.559,0.172,0.227,0.144,0.071,0.307,0.102,0.217,0.184,0.077,0.09,0.093
0.263,0.149,0.159,0.119,0.4,0.335,0.126,0.362,0.728,0.222,0.125,0.278,0.409,0.178,0.267,0.103,0.159,0.11,0.229,0.085,0.11,0.167,0.222,0.284,0.254,0.294,0.273,0.476,0.422,0.405,0.132,0.323,0.387,0.126,0.437,0.231,0.153,0.1,0.164,0.25,0.162,0.444,0.2,0.447,0.321,0.24,0.274,0.324,0.278,0.339,0.38,0.427,0.428,0.305,0.655,0.168,0.301,0.221,0.383,0.213,0.388,0.219,0.284,0.352,0.227,0.418,0.399,0.108,1.0,0.514,0.317,0.131,0.198,0.223,0.43,0.09,0.223,0.337,0.282,0.1,0.324,0.372,0.09,0.234,0.339,0.308,0.22,0.334,0.593,0.104,0.268,0.208,0.179,0.252,0.255,0.213,0.249,0.119,0.549,0.087,0.28,0.1,0.271,0.351,0.283,0.282
0.301,0.238,0.152,0.119,0.196,0.314,0.161,0.165,0.218,0.272,0.188,0.219,0.462,0.207,0.375,0.059,0.183,0.095,0.328,0.118,0.155,0.26,0.429,0.25,0.4,0.333,0.368,0.514,0.291,0.262,0.201,0.356,0.271,0.164,0.185,0.319,0.21,0.1,0.262,0.38,0.14,0.191,0.356,0.547,0.317,0.311,0.329,0.343,0.19,0.337,0.384,0.512,0.46,0.423,0.472,0.259,0.438,0.47,0.238,0.405,0.329,0.295,0.449,0.584,0.195,0.441,0.788,0.155,0.514,1.0,0.289,0.126,0.269,0.306,0.279,0.1,0.258,0.294,0.423,0.1,0.284,0.283,0.117,0.145,0.214,0.214,0.148,0.429,0.344,0.099,0.151,0.204,0.184,0.38,0.296,0.302,0.314,0.088,0.307,0.103,0.269,0.134,0.27,0.214,0.26,0.279
0.027,0.084,0.218,0.045,0.493,0.442,0.301,0.47,0.546,0.537,0.044,0.449,0.055,0.596,0.18,0.051,0.035,0.089,0.259,0.249,0.037,0.316,0.356,0.304,0.349,0.046,0.346,0.348,0.428,0.255,0.052,0.45,0.702,0.053,0.313,0.287,0.043,0.105,0.108,0.284,0.149,0.337,0.363,0.282,0.634,0.424,0.375,0.423,0.356,0.339,0.502,0.35,0.272,0.124,0.343,0.043,0.474,0.312,0.492,0.334,0.543,0.318,0.387,0.351,0.153,0.494,0.63,0.059,0.317,0.289,1.0,0.243,0.457,0.232,0.501,0.082,0.059,0.529,0.327,0.105,0.492,0.423,0.039,0.287,0.492,0.486,0.204,0.384,0.343,0.09,0.356,0.329,0.037,1.0,0.029,0.488,0.38,0.076,0.531,0.074,0.309,0.079,0.57,0.42,0.588,0.428
0.035,0.193,0.334,0.045,0.217,0.318,0.243,0.112,0.154,0.162,0.046,0.144,0.067,0.269,0.115,0.054,0.043,0.103,0.123,0.315,0.043,0.321,0.152,0.312,0.199,0.05,0.279,0.131,0.358,0.094,0.056,0.141,0.17,0.12,0.078,0.129,0.047,0.079,0.091,0.275,0.125,0.087,0.153,0.137,0.313,0.363,0.218,0.284,0.122,0.158,0.188,0.287,0.275,0.106,0.342,0.051,0.151,0.155,0.172,0.158,0.193,0.22,0.243,0.148,0.056,0.145,0.306,0.108,0.131,0.126,0.243,1.0,0.213,0.189,0.181,0.148,0.063,0.36,0.136,0.079,0.177,0.228,0.037,0.222,0.185,0.182,0.172,0.131,0.095,0.097,0.16,0.243,0.047,0.23,0.035,0.302,0.251,0.094,0.143,0.073,0.163,0.085,0.349,0.311,0.309,0.174
1.0,0.289,0.158,0.141,0.203,0.396,0.416,0.148,0.162,0.229,0.149,0.223,0.309,0.379,0.207,0.07,0.253,0.089,0.291,0.404,0.156,0.25,0.259,0.199,0.316,0.273,0.353,0.266,0.206,0.19,0.198,0.236,0.212,0.164,0.141,0.254,0.166,0.136,0.164,0.34,0.178,0.184,0.363,0.212,0.387,0.362,0.353,0.239,0.2,0.291,0.342,0.323,0.283,0.199,0.221,0.181,0.352,0.218,0.31,0.234,0.386,0.286,0.361,0.29,0.156,0.325,0.598,0.261,0.198,0.269,0.457,0.213,1.0,0.336,0.337,0.136,0.244,0.202,0.215,0.136,0.352,0.269,0.093,0.266,0.339,0.353,0.155,0.355,0.203,0.088,0.183,0.491,0.266,1.0,0.939,0.401,0.364,0.096,0.202,0.1,0.309,0.12,0.433,0.232,0.338,0.247
0.335,0.267,0.201,0.223,0.151,0.302,0.291,0.11,0.197,0.207,0.142,0.213,0.77,0.165,0.198,0.192,0.135,0.136,0.23,0.24,0.167,0.279,0.257,0.241,0.475,1.0,0.416,0.289,0.182,0.292,0.175,0.159,0.17,0.202,0.145,0.312,0.237,0.122,0.434,0.467,0.177,0.263,0.216,0.252,0.294,0.324,0.274,0.313,0.212,0.246,0.273,0.326,0.296,0.251,0.291,0.214,0.237,0.258,0.282,0.268,0.267,0.318,0.383,0.363,0.201,0.232,0.687,0.302,0.223,0.306,0.232,0.189,0.336,1.0,0.28,0.194,0.396,0.18,0.207,0.122,0.272,0.286,0.142,0.276,0.273,0.277,0.195,0.28,0.18,0.138,0.175,0.337,0.255,0.485,0.334,0.377,0.416,0.144,0.183,0.298,0.341,0.187,0.335,0.215,0.261,0.177
0.854,0.097,0.169,0.126,0.499,0.497,0.258,0.46,1.0,0.263,0.066,0.438,0.274,0.245,0.144,0.143,0.095,0.121,0.348,0.187,0.102,0.215,0.298,0.31,0.328,0.242,0.34,0.481,0.462,0.407,0.136,0.44,0.49,0.094,0.419,0.321,0.081,0.183,0.12,0.38,0.263,0.488,0.278,0.408,0.556,0.388,0.437,0.452,0.416,0.447,0.528,0.472,0.39,0.167,0.49,0.094,0.261,0.274,0.58,0.317,0.543,0.403,0.372,0.389,0.289,0.487,0.788,0.144,0.43,0.279,0.501,0.181,0.337,0.28,1.0,0.116,0.213,0.486,0.304,0.183,0.5,0.494,0.063,0.421,0.479,0.432,0.179,0.229,0.487,0.119,0.428,0.418,0.163,0.437,0.784,0.401,0.501,0.213,0.558,0.217,0.616,0.082,0.461,0.317,0.404,0.442
0.189,0.114,0.55,0.195,0.063,0.138,0.187,0.077,0.075,0.143,0.184,0.095,0.264,0.072,0.138,0.421,0.161,0.166,0.156,0.099,0.219,0.158,0.198,0.212,0.18,0.198,0.125,0.128,0.136,0.146,0.227,0.061,0.08,0.142,0.13,0.114,0.17,0.136,0.214,0.257,0.204,0.149,0.082,0.095,0.171,0.188,0.123,0.217,0.141,0.146,0.143,0.173,0.181,0.147,0.103,0.197,0.147,0.214,0.149,0.277,0.148,0.149,0.142,0.135,0.147,0.11,0.122,0.212,0.09,0.1,0.082,0.148,0.136,0.194,0.116,1.0,0.257,0.162,0.1,0.136,0.131,0.106,0.155,0.145,0.166,0.178,0.204,0.183,0.108,0.183,0.103,0.154,0.172,0.109,0.183,0.124,0.138,0.156,0.074,0.344,0.106,0.084,0.155,0.143,0.123,0.104
0.243,0.367,0.211,0.182,0.057,0.367,0.274,0.051,0.057,0.185,0.249,0.169,0.271,0.05,0.311,0.067,0.162,0.168,0.367,0.291,0.161,0.142,0.361,0.323,0.436,0.396,0.444,0.372,0.067,0.396,0.274,0.057,0.059,0.322,0.201,0.333,0.506,0.084,0.396,0.172,0.133,0.186,0.06,0.258,0.113,0.15,0.161,0.332,0.417,0.367,0.367,0.381,0.381,0.372,0.333,0.385,0.368,0.361,0.198,0.289,0.367,0.276,0.436,0.436,0.372,0.158,0.087,0.565,0.223,0.258,0.059,0.063,0.244,0.396,0.213,0.257,1.0,0.067,0.136,0.084,0.211,0.242,0.196,0.128,0.208,0.208,0.198,0.417,0.119,0.15,0.114,0.243,0.351,0.05,0.25,0.186,0.435,0.114,0.068,0.229,0.079,0.155,0.168,0.079,0.099,0.067
0.029,0.092,0.329,0.052,0.463,0.375,0.104,0.555,0.546,0.312,0.047,0.32,0.062,0.284,0.134,0.059,0.039,0.099,0.287,0.093,0.039,0.366,0.303,0.422,0.249,0.051,0.35,0.483,0.62,0.285,0.058,0.392,0.543,0.059,0.36,0.41,0.045,0.109,0.123,0.38,0.161,0.374,0.22,0.295,0.698,0.587,0.355,0.663,0.331,0.426,0.535,0.371,0.208,0.108,0.412,0.046,0.266,0.323,0.453,0.518,0.474,0.361,0.432,0.498,0.16,0.391,0.788,0.064,0.337,0.294,0.529,0.36,0.202,0.18,0.486,0.162,0.067,1.0,0.506,0.109,0.402,0.487,0.043,0.253,0.347,0.315,0.181,0.195,0.393,0.105,0.303,0.152,0.04,0.38,0.031,0.379,0.316,0.088,0.604,0.089,0.269,0.087,0.378,0.391,0.314,0.4
0.133,0.201,0.168,0.144,0.225,0.341,0.166,0.225,0.218,0.322,0.274,0.224,0.332,0.254,0.288,0.059,0.354,0.103,0.443,0.096,0.238,0.221,0.337,0.224,0.285,0.165,0.327,0.514,0.345,0.214,0.197,0.277,0.334,0.115,0.266,0.508,0.14,0.104,0.17,0.38,0.155,0.208,0.22,0.237,0.433,0.427,0.259,0.501,0.157,0.417,0.432,0.374,0.199,0.246,0.244,0.159,0.327,0.368,0.25,0.577,0.359,0.414,0.487,0.772,0.18,0.5,0.788,0.112,0.282,0.423,0.327,0.136,0.215,0.207,0.304,0.1,0.136,0.506,1.0,0.104,0.307,0.295,0.201,0.149,0.262,0.269,0.168,0.368,0.303,0.111,0.173,0.154,0.121,0.38,0.13,0.38,0.282,0.088,0.352,0.107,0.269,0.214,0.262,0.24,0.284,0.338
0.098,0.062,0.102,0.057,0.096,0.098,0.199,0.211,0.111,0.097,0.064,0.119,0.088,0.095,0.079,0.072,0.051,0.234,0.129,0.064,0.116,0.098,0.141,0.092,0.112,0.063,0.115,0.101,0.123,0.102,0.165,0.093,0.103,0.064,0.068,0.125,0.059,1.0,0.078,0.218,0.468,0.153,0.139,0.101,0.258,0.141,0.134,0.122,0.111,0.088,0.105,0.115,0.106,0.127,0.082,0.075,0.089,0.129,0.139,0.164,0.108,0.115,0.104,0.12,0.069,0.113,0.233,0.116,0.1,0.1,0.105,0.079,0.136,0.122,0.183,0.136,0.084,0.109,0.104,1.0,0.175,0.108,0.055,0.158,0.19,0.204,0.205,0.083,0.092,0.147,0.122,0.157,0.056,0.118,0.097,0.199,0.222,0.157,0.124,0.108,0.194,0.054,0.125,0.137,0.134,0.249
0.195,0.162,0.181,0.208,0.447,0.397,0.243,0.35,0.59,0.295,0.093,0.348,0.198,0.402,0.189,0.076,0.115,0.115,0.257,0.184,0.108,0.278,0.348,0.243,0.299,0.151,0.308,0.346,0.461,0.302,0.137,0.376,0.458,0.123,0.316,0.326,0.093,0.175,0.16,0.38,0.236,0.386,0.363,0.281,0.453,0.365,0.38,0.379,0.267,0.362,0.451,0.321,0.246,0.162,0.343,0.128,0.265,0.31,0.406,0.322,0.479,0.37,0.457,0.431,0.216,0.474,0.788,0.163,0.324,0.284,0.492,0.177,0.352,0.272,0.5,0.131,0.211,0.402,0.307,0.175,1.0,0.496,0.11,0.303,0.392,0.374,0.18,0.352,0.342,0.115,0.334,0.303,0.122,1.0,0.202,0.383,0.408,0.123,0.564,0.159,0.39,0.145,0.365,0.286,0.334,0.437
0.247,0.126,0.266,0.096,0.596,0.39,0.131,0.393,0.747,0.263,0.076,0.385,0.111,0.249,0.341,0.059,0.09,0.095,0.234,0.129,0.068,0.434,0.276,0.384,0.262,0.165,0.495,0.417,0.642,0.36,0.086,0.426,0.514,0.085,0.365,0.393,0.119,0.108,0.146,0.38,0.155,0.38,0.241,0.367,0.459,0.346,0.448,0.547,0.339,0.395,0.488,0.365,0.308,0.15,0.419,0.093,0.276,0.286,0.464,0.304,0.484,0.288,0.483,0.442,0.226,0.394,0.788,0.107,0.372,0.283,0.423,0.228,0.269,0.286,0.494,0.106,0.242,0.487,0.295,0.108,0.496,1.0,0.066,0.245,0.406,0.354,0.155,0.243,0.449,0.097,0.338,0.208,0.173,0.38,0.245,0.395,0.353,0.088,0.613,0.089,0.269,0.108,0.446,0.304,0.298,0.418
0.162,0.136,0.132,0.456,0.041,0.106,0.151,0.034,0.048,0.343,0.207,0.074,0.33,0.037,0.159,0.044,0.214,0.127,0.15,0.076,0.334,0.068,0.216,0.154,0.154,0.125,0.086,0.136,0.049,0.12,0.202,0.04,0.042,0.292,0.206,0.242,0.186,0.055,0.165,0.197,0.102,0.231,0.041,0.1,0.062,0.08,0.059,0.16,0.105,0.143,0.105,0.102,0.107,0.158,0.073,0.376,0.136,0.245,0.095,0.199,0.118,0.172,0.122,0.159,0.133,0.172,0.083,0.18,0.09,0.117,0.039,0.037,0.093,0.142,0.063,0.155,0.196,0.043,0.201,0.055,0.11,0.066,1.0,0.06,0.166,0.183,0.154,0.268,0.103,0.121,0.07,0.106,0.139,0.04,0.156,0.151,0.123,0.101,0.048,0.176,0.063,0.479,0.069,0.051,0.058,0.051
0.173,0.275,0.128,0.105,0.223,0.351,0.332,0.244,0.728,0.172,0.07,0.269,0.129,0.125,0.093,0.214,0.084,0.171,0.174,0.289,0.095,0.142,0.172,0.175,0.3,0.101,0.18,0.207,0.227,0.196,0.132,0.193,0.252,0.231,0.207,0.159,0.066,0.158,0.105,0.329,0.218,0.324,0.246,0.181,0.361,0.392,0.264,0.233,0.18,0.296,0.268,0.306,0.281,0.114,0.353,0.066,0.166,0.166,0.476,0.195,0.274,0.263,0.259,0.193,0.145,0.261,0.563,0.215,0.234,0.145,0.287,0.222,0.266,0.276,0.421,0.145,0.128,0.253,0.149,0.158,0.303,0.245,0.06,1.0,0.307,0.296,0.193,0.133,0.252,0.152,0.189,0.235,0.087,0.376,0.186,0.352,0.408,0.274,0.304,0.171,0.394,0.112,0.363,0.211,0.326,0.212
0.173,0.136,0.151,0.158,0.564,0.434,0.465,0.411,0.747,0.191,0.155,0.278,0.28,0.274,0.188,0.12,0.254,0.146,0.261,0.249,0.161,0.177,0.252,0.315,0.223,0.155,0.281,0.375,0.388,0.372,0.198,0.396,0.388,0.113,0.386,0.213,0.106,0.19,0.131,0.271,0.227,0.522,0.195,0.379,0.358,0.217,0.268,0.38,0.402,0.412,0.479,0.389,0.394,0.181,0.415,0.123,0.192,0.265,0.46,0.247,0.505,0.254,0.266,0.308,0.235,0.389,0.439,0.153,0.339,0.214,0.492,0.185,0.339,0.273,0.479,0.166,0.208,0.347,0.262,0.19,0.392,0.406,0.166,0.307,1.0,0.954,0.183,0.244,0.452,0.15,0.377,0.326,0.111,0.279,0.186,0.257,0.327,0.178,0.502,0.171,0.16,0.163,0.407,0.208,0.337,0.33
0.173,0.138,0.144,0.158,0.502,0.426,0.493,0.389,0.59,0.192,0.169,0.256,0.28,0.294,0.195,0.12,0.254,0.152,0.265,0.26,0.177,0.177,0.257,0.259,0.226,0.155,0.282,0.309,0.311,0.305,0.218,0.323,0.355,0.119,0.36,0.212,0.114,0.204,0.13,0.265,0.239,0.519,0.195,0.304,0.338,0.215,0.254,0.311,0.33,0.371,0.444,0.342,0.343,0.189,0.346,0.135,0.193,0.272,0.43,0.252,0.433,0.258,0.268,0.318,0.223,0.373,0.439,0.163,0.308,0.214,0.486,0.182,0.353,0.277,0.432,0.178,0.208,0.315,0.269,0.204,0.374,0.354,0.183,0.296,0.954,1.0,0.19,0.256,0.387,0.157,0.363,0.336,0.111,0.279,0.186,0.259,0.304,0.178,0.483,0.171,0.16,0.174,0.394,0.175,0.332,0.348
0.087,0.136,0.272,0.18,0.135,0.172,0.18,0.121,0.137,0.229,0.157,0.156,0.195,0.186,0.154,0.197,0.129,0.3,0.175,0.102,0.125,0.184,0.253,0.214,0.207,0.158,0.213,0.168,0.22,0.175,0.189,0.134,0.209,0.177,0.128,0.167,0.126,0.205,0.178,0.467,0.277,0.157,0.166,0.14,0.259,0.297,0.237,0.222,0.174,0.162,0.177,0.154,0.141,0.225,0.134,0.142,0.2,0.211,0.277,0.245,0.184,0.206,0.18,0.176,0.138,0.192,0.263,0.177,0.22,0.148,0.204,0.172,0.155,0.195,0.179,0.204,0.198,0.181,0.168,0.205,0.18,0.155,0.154,0.193,0.183,0.19,1.0,0.195,0.12,0.44,0.208,0.149,0.129,0.238,0.098,0.216,0.192,0.271,0.166,0.298,0.283,0.109,0.187,0.287,0.257,0.183
0.194,0.269,0.218,0.376,0.142,0.301,0.263,0.121,0.149,0.325,0.349,0.214,0.453,0.393,0.542,0.068,0.378,0.126,0.358,0.145,0.179,0.271,0.377,0.323,0.317,0.296,0.289,0.392,0.195,0.3,0.353,0.263,0.21,0.224,0.214,0.265,0.288,0.083,0.234,0.205,0.123,0.22,0.363,0.293,0.291,0.263,0.279,0.288,0.441,0.364,0.398,0.334,0.315,0.371,0.279,0.309,0.434,0.329,0.215,0.298,0.426,0.372,0.386,0.393,0.246,0.514,0.482,0.2,0.334,0.429,0.384,0.131,0.355,0.28,0.229,0.183,0.417,0.195,0.368,0.083,0.352,0.243,0.268,0.133,0.244,0.256,0.195,1.0,0.268,0.123,0.187,0.203,0.269,1.0,0.204,0.308,0.246,0.115,0.198,0.233,0.309,0.222,0.291,0.224,0.257,0.183
0.244,0.13,0.124,0.125,0.555,0.346,0.135,0.472,1.0,0.195,0.147,0.292,0.429,0.153,0.216,0.05,0.17,0.085,0.2,0.109,0.138,0.135,0.214,0.341,0.173,0.145,0.179,0.544,0.569,0.534,0.158,0.521,0.467,0.094,0.593,0.212,0.122,0.092,0.132,0.271,0.138,0.548,0.115,0.579,0.324,0.189,0.265,0.424,0.387,0.393,0.425,0.447,0.464,0.188,0.499,0.13,0.216,0.226,0.432,0.223,0.5,0.204,0.242,0.332,0.243,0.473,0.399,0.115,0.593,0.344,0.343,0.095,0.203,0.18,0.487,0.108,0.119,0.393,0.303,0.092,0.342,0.449,0.103,0.252,0.452,0.387,0.12,0.268,1.0,0.086,0.314,0.195,0.108,0.216,0.233,0.183,0.244,0.074,0.649,0.092,0.151,0.118,0.269,0.216,0.2,0.27
0.066,0.111,0.166,0.126,0.096,0.149,0.143,0.083,0.106,0.113,0.128,0.088,0.15,0.087,0.121,0.34,0.095,0.26,0.18,0.074,0.104,0.119,0.149,0.126,0.135,0.117,0.098,0.115,0.117,0.122,0.155,0.093,0.096,0.23,0.098,0.117,0.107,0.147,0.149,0.38,0.196,0.124,0.118,0.103,0.134,0.181,0.123,0.147,0.123,0.116,0.125,0.112,0.109,0.17,0.089,0.123,0.104,0.159,0.204,0.193,0.125,0.132,0.112,0.12,0.174,0.11,0.176,0.162,0.104,0.099,0.09,0.097,0.088,0.138,0.119,0.183,0.15,0.105,0.111,0.147,0.115,0.097,0.121,0.152,0.15,0.157,0.44,0.123,0.086,1.0,0.171,0.096,0.098,0.085,0.072,0.119,0.122,0.213,0.109,0.217,0.146,0.094,0.096,0.12,0.159,0.12
0.05,0.088,0.146,0.087,0.459,0.286,0.194,0.336,0.475,0.158,0.077,0.315,0.116,0.281,0.153,0.103,0.07,0.21,0.147,0.136,0.065,0.225,0.194,0.204,0.207,0.087,0.204,0.239,0.305,0.26,0.097,0.385,0.337,0.085,0.283,0.155,0.067,0.122,0.115,0.301,0.191,0.321,0.253,0.281,0.265,0.2,0.254,0.266,0.311,0.242,0.323,0.24,0.24,0.14,0.262,0.077,0.143,0.195,0.366,0.213,0.349,0.34,0.206,0.216,0.234,0.279,0.326,0.095,0.268,0.151,0.356,0.16,0.183,0.175,0.428,0.103,0.114,0.303,0.173,0.122,0.334,0.338,0.07,0.189,0.377,0.363,0.208,0.187,0.314,0.171,1.0,0.214,0.075,0.362,0.053,0.211,0.216,0.238,0.445,0.157,0.171,0.077,0.288,0.184,0.296,0.27
1.0,0.214,0.141,0.149,0.316,0.36,0.386,0.257,0.254,0.169,0.104,0.228,0.309,0.289,0.162,0.078,0.129,0.103,0.234,0.409,0.178,0.185,0.219,0.175,0.344,0.273,0.315,0.216,0.159,0.217,0.139,0.188,0.155,0.17,0.157,0.227,0.141,0.157,0.158,0.269,0.227,0.197,0.356,0.222,0.244,0.217,0.321,0.205,0.239,0.199,0.288,0.373,0.373,0.215,0.246,0.199,0.175,0.186,0.206,0.193,0.289,0.355,0.228,0.221,0.157,0.306,0.349,0.441,0.208,0.204,0.329,0.243,0.491,0.337,0.418,0.154,0.243,0.152,0.154,0.157,0.303,0.208,0.106,0.235,0.326,0.336,0.149,0.203,0.195,0.096,0.214,1.0,0.183,0.309,0.939,0.277,0.348,0.117,0.203,0.218,1.0,0.148,0.41,0.265,0.406,0.287
0.183,0.38,0.14,0.131,0.036,0.38,0.426,0.038,0.036,0.139,0.288,0.12,0.184,0.033,0.234,0.045,0.194,0.115,0.38,0.203,0.139,0.106,0.179,0.231,0.293,0.255,0.255,0.248,0.04,0.255,0.333,0.036,0.037,0.23,0.426,0.193,0.683,0.056,0.255,0.105,0.097,0.212,0.042,0.184,0.08,0.098,0.106,0.22,0.269,0.38,0.38,0.27,0.27,0.248,0.184,0.29,0.422,0.179,0.129,0.202,0.38,0.334,0.293,0.293,0.373,0.135,0.053,0.206,0.179,0.184,0.037,0.047,0.266,0.255,0.163,0.172,0.351,0.04,0.121,0.056,0.122,0.173,0.139,0.087,0.111,0.111,0.129,0.269,0.108,0.098,0.075,0.183,1.0,0.033,0.179,0.212,0.233,0.08,0.05,0.282,0.057,0.137,0.121,0.057,0.067,0.048
0.025,0.093,0.288,0.037,0.231,0.38,0.279,0.216,0.149,0.437,0.047,0.437,0.047,1.0,0.343,0.043,0.031,0.09,0.38,0.279,0.039,0.529,0.544,0.288,0.487,0.039,0.38,0.38,0.38,0.173,0.05,0.529,0.437,0.054,0.216,0.38,0.046,0.118,0.108,0.205,0.153,0.216,0.363,0.256,0.544,0.485,0.529,0.38,0.237,0.38,0.38,0.38,0.23,0.186,0.216,0.043,0.437,0.38,0.437,0.38,1.0,0.38,0.904,0.38,0.147,1.0,0.482,0.062,0.252,0.38,1.0,0.23,1.0,0.485,0.437,0.109,0.05,0.38,0.38,0.118,1.0,0.38,0.04,0.376,0.279,0.279,0.238,1.0,0.216,0.085,0.362,0.309,0.033,1.0,0.026,0.485,0.485,0.063,0.38,0.059,0.309,0.08,0.529,0.354,0.437,0.38
0.939,0.183,0.095,0.13,0.028,0.183,0.186,0.068,0.028,0.146,0.129,0.22,0.329,0.026,0.169,0.029,0.085,0.088,0.183,0.479,0.324,0.077,0.177,0.254,0.343,0.275,0.265,0.316,0.031,0.275,0.157,0.028,0.029,0.326,0.114,0.324,0.265,0.097,0.275,0.083,0.182,0.147,0.029,0.296,0.146,0.072,0.226,0.253,0.182,0.183,0.183,0.305,0.305,0.316,0.296,0.394,0.191,0.177,0.098,0.172,0.183,0.177,0.343,0.343,0.17,0.107,0.042,0.559,0.255,0.296,0.029,0.035,0.939,0.334,0.784,0.183,0.25,0.031,0.13,0.097,0.202,0.245,0.156,0.186,0.186,0.186,0.098,0.204,0.233,0.072,0.053,0.939,0.179,0.026,1.0,0.147,0.284,0.06,0.037,0.1,0.042,0.163,0.298,0.042,0.048,0.089
0.155,0.264,0.228,0.478,0.22,0.463,0.297,0.208,0.218,0.473,0.082,0.385,0.312,0.299,0.28,0.086,0.119,0.121,0.329,0.336,0.094,0.357,0.326,0.234,0.39,0.124,0.349,0.356,0.325,0.16,0.115,0.266,0.421,0.228,0.189,0.368,0.089,0.199,0.134,0.38,0.252,0.31,0.241,0.201,0.598,0.552,0.424,0.381,0.174,0.375,0.364,0.392,0.243,0.159,0.285,0.124,0.397,0.328,0.354,0.394,0.355,0.448,0.428,0.394,0.131,0.344,0.788,0.172,0.213,0.302,0.488,0.302,0.401,0.377,0.401,0.124,0.186,0.379,0.38,0.199,0.383,0.395,0.151,0.352,0.257,0.259,0.216,0.308,0.183,0.119,0.211,0.277,0.212,0.485,0.147,1.0,0.649,0.14,0.317,0.522,0.341,0.154,0.494,0.359,0.438,0.349
0.288,0.298,0.209,0.545,0.264,0.413,0.375,0.234,1.0,0.324,0.081,0.298,0.515,0.226,0.158,0.127,0.131,0.127,0.321,0.296,0.107,0.247,0.31,0.259,0.436,0.43,0.4,0.361,0.342,0.247,0.129,0.299,0.314,0.214,0.194,0.305,0.1,0.222,0.146,0.38,0.284,0.313,0.356,0.274,0.508,0.45,0.395,0.385,0.242,0.408,0.358,0.411,0.311,0.189,0.364,0.112,0.291,0.3,0.395,0.296,0.412,0.383,0.496,0.356,0.153,0.35,0.788,0.227,0.249,0.314,0.38,0.251,0.364,0.416,0.501,0.138,0.435,0.316,0.282,0.222,0.408,0.353,0.123,0.408,0.327,0.304,0.192,0.246,0.244,0.122,0.216,0.348,0.233,0.485,0.284,0.649,1.0,0.174,0.305,0.532,0.39,0.21,0.467,0.298,0.367,0.319
0.057,0.096,0.133,0.093,0.074,0.139,0.178,0.075,0.074,0.091,0.117,0.396,0.116,0.066,0.115,0.106,0.077,0.514,0.124,0.066,0.096,0.111,0.138,0.113,0.14,0.092,0.251,0.089,0.088,0.104,0.123,0.074,0.076,0.134,0.089,0.109,0.114,0.157,0.111,0.214,0.181,0.144,0.092,0.088,0.156,0.213,0.123,0.144,0.103,0.117,0.124,0.123,0.123,0.164,0.119,0.106,0.085,0.138,0.271,0.165,0.134,0.124,0.097,0.097,0.122,0.114,0.111,0.144,0.119,0.088,0.076,0.094,0.096,0.144,0.213,0.156,0.114,0.088,0.088,0.157,0.123,0.088,0.101,0.274,0.178,0.178,0.271,0.115,0.074,0.213,0.238,0.117,0.08,0.063,0.06,0.14,0.174,1.0,0.096,0.147,0.114,0.082,0.102,0.114,0.144,0.09
0.037,0.089,0.153,0.052,0.634,0.472,0.113,0.631,0.728,0.298,0.054,0.415,0.071,0.272,0.13,0.059,0.046,0.106,0.228,0.094,0.048,0.229,0.329,0.303,0.259,0.054,0.264,0.471,0.675,0.569,0.101,0.514,0.671,0.063,0.639,0.323,0.053,0.124,0.113,0.38,0.182,0.594,0.231,0.427,0.515,0.358,0.388,0.466,0.375,0.431,0.536,0.374,0.314,0.124,0.473,0.056,0.263,0.33,0.542,0.362,0.478,0.296,0.415,0.521,0.258,0.528,0.788,0.071,0.549,0.307,0.531,0.143,0.202,0.183,0.558,0.074,0.068,0.604,0.352,0.124,0.564,0.613,0.048,0.304,0.502,0.483,0.166,0.198,0.649,0.109,0.445,0.203,0.05,0.38,0.037,0.317,0.305,0.096,1.0,0.089,0.313,0.082,0.377,0.286,0.313,0.585
0.098,0.143,0.276,0.159,0.072,0.276,0.339,0.056,0.072,0.161,0.232,0.138,0.239,0.06,0.178,0.082,0.135,0.231,0.204,0.119,0.171,0.161,0.266,0.224,0.302,0.17,0.146,0.156,0.089,0.194,0.256,0.072,0.074,0.161,0.339,0.133,0.233,0.108,0.298,0.279,0.168,0.522,0.071,0.103,0.144,0.217,0.161,0.315,0.192,0.232,0.245,0.255,0.255,0.156,0.103,0.221,0.158,0.266,0.298,0.378,0.276,0.245,0.189,0.189,0.274,0.126,0.123,0.307,0.087,0.103,0.074,0.073,0.1,0.298,0.217,0.344,0.229,0.089,0.107,0.108,0.159,0.089,0.176,0.171,0.171,0.171,0.298,0.233,0.092,0.217,0.157,0.218,0.282,0.059,0.1,0.522,0.532,0.147,0.089,1.0,0.096,0.101,0.199,0.096,0.128,0.089
0.041,0.069,0.191,0.059,0.163,0.269,0.201,0.217,0.105,0.307,0.079,0.307,0.083,0.309,0.156,0.07,0.053,0.163,0.269,0.138,0.07,0.27,0.368,0.191,0.492,0.063,0.269,0.269,0.269,0.313,0.087,0.259,0.307,0.085,0.151,0.335,0.081,0.194,0.078,0.152,0.282,0.151,0.356,0.189,0.368,0.394,0.492,0.269,0.275,0.269,0.269,0.269,0.163,0.319,0.28,0.08,0.307,0.269,0.307,0.269,0.309,1.0,0.269,0.269,0.104,1.0,0.349,0.102,0.28,0.269,0.309,0.163,0.309,0.341,0.616,0.106,0.079,0.269,0.269,0.194,0.39,0.269,0.063,0.394,0.16,0.16,0.283,0.309,0.151,0.146,0.171,1.0,0.057,0.309,0.042,0.341,0.39,0.114,0.313,0.096,1.0,0.061,0.307,1.0,1.0,0.269
0.158,0.249,0.094,0.359,0.083,0.134,0.165,0.056,0.094,0.23,0.178,0.107,0.296,0.075,0.18,0.06,0.21,0.089,0.14,0.146,0.241,0.094,0.162,0.137,0.16,0.111,0.12,0.135,0.095,0.114,0.148,0.08,0.081,0.24,0.168,0.19,0.156,0.054,0.162,0.252,0.094,0.154,0.054,0.114,0.084,0.128,0.083,0.13,0.092,0.17,0.122,0.116,0.116,0.133,0.109,0.266,0.13,0.185,0.1,0.117,0.127,0.178,0.149,0.172,0.142,0.193,0.138,0.217,0.1,0.134,0.079,0.085,0.12,0.187,0.082,0.084,0.155,0.087,0.214,0.054,0.145,0.108,0.479,0.112,0.163,0.174,0.109,0.222,0.118,0.094,0.077,0.148,0.137,0.08,0.163,0.154,0.21,0.082,0.082,0.101,0.061,1.0,0.132,0.087,0.083,0.084
0.292,0.226,0.286,0.162,0.384,0.416,0.337,0.249,0.535,0.352,0.068,0.467,0.245,0.418,0.288,0.059,0.11,0.099,0.249,0.335,0.088,0.482,0.289,0.348,0.466,0.131,0.408,0.291,0.382,0.238,0.087,0.391,0.409,0.113,0.213,0.253,0.066,0.125,0.126,0.329,0.169,0.266,0.67,0.262,0.479,0.453,0.478,0.355,0.246,0.315,0.376,0.389,0.343,0.156,0.331,0.074,0.332,0.29,0.442,0.287,0.416,0.317,0.349,0.306,0.142,0.35,0.63,0.184,0.271,0.27,0.57,0.349,0.433,0.335,0.461,0.155,0.168,0.378,0.262,0.125,0.365,0.446,0.069,0.363,0.407,0.394,0.187,0.291,0.269,0.096,0.288,0.41,0.121,0.529,0.298,0.494,0.467,0.102,0.377,0.199,0.307,0.132,1.0,0.501,0.581,0.31
0.041,0.097,0.379,0.059,0.258,0.197,0.136,0.201,0.342,0.403,0.058,0.287,0.083,0.292,0.151,0.07,0.053,0.12,0.184,0.106,0.05,0.374,0.263,0.365,0.332,0.063,0.294,0.242,0.45,0.226,0.069,0.253,0.435,0.067,0.17,0.24,0.056,0.137,0.126,0.38,0.197,0.172,0.356,0.227,0.489,0.468,0.338,0.355,0.237,0.207,0.233,0.211,0.176,0.166,0.259,0.058,0.359,0.238,0.326,0.25,0.269,0.35,0.263,0.241,0.1,0.381,0.428,0.077,0.351,0.214,0.42,0.311,0.232,0.215,0.317,0.143,0.079,0.391,0.24,0.137,0.286,0.304,0.051,0.211,0.208,0.175,0.287,0.224,0.216,0.12,0.184,0.265,0.057,0.354,0.042,0.359,0.298,0.114,0.286,0.096,1.0,0.087,0.501,1.0,0.648,0.263
0.046,0.095,0.246,0.074,0.374,0.374,0.266,0.227,0.342,0.438,0.066,0.331,0.102,0.508,0.171,0.207,0.063,0.134,0.262,0.215,0.056,0.274,0.302,0.244,0.399,0.076,0.412,0.277,0.343,0.202,0.078,0.299,0.461,0.103,0.173,0.277,0.062,0.134,0.119,0.317,0.187,0.181,0.356,0.224,0.45,0.468,0.333,0.316,0.254,0.239,0.367,0.344,0.279,0.178,0.221,0.064,0.4,0.285,0.386,0.304,0.375,0.442,0.292,0.302,0.134,0.403,0.63,0.09,0.283,0.26,0.588,0.309,0.338,0.261,0.404,0.123,0.099,0.314,0.284,0.134,0.334,0.298,0.058,0.326,0.337,0.332,0.257,0.257,0.2,0.159,0.296,0.406,0.067,0.437,0.048,0.438,0.367,0.144,0.313,0.128,1.0,0.083,0.581,0.648,1.0,0.35
0.09,0.088,0.154,0.052,0.348,0.403,0.307,0.488,0.218,0.281,0.056,0.236,0.067,0.336,0.138,0.059,0.044,0.113,0.291,0.149,0.076,0.238,0.329,0.154,0.243,0.051,0.309,0.271,0.517,0.185,0.104,0.308,0.413,0.066,0.272,0.293,0.056,0.249,0.115,0.38,0.366,0.312,0.253,0.179,0.453,0.347,0.3,0.307,0.353,0.236,0.452,0.257,0.167,0.145,0.242,0.062,0.234,0.317,0.307,0.362,0.308,0.277,0.377,0.487,0.128,0.329,0.788,0.093,0.282,0.279,0.428,0.174,0.247,0.177,0.442,0.104,0.067,0.4,0.338,0.249,0.437,0.418,0.051,0.212,0.33,0.348,0.183,0.183,0.27,0.12,0.27,0.287,0.048,0.38,0.089,0.349,0.319,0.09,0.585,0.089,0.269,0.084,0.31,0.263,0.35,1.0
