Solution 1,Solution 2,Cluster 1,Cluster 2,Jaccard Similarity,Wang Similarity
0,1,1,2,0.3173076923076923,0.14728950507687413
0,1,3,0,0.21739130434782608,0.12357244371985983
0,1,2,1,0.21428571428571427,0.13286298747136718
0,1,0,3,0.13636363636363635,0.19754729959797174
0,2,1,0,0.6956521739130435,0.17486986744846936
0,2,0,2,0.23076923076923078,0.20532517176336634
0,2,2,1,0.19047619047619047,0.11223243703966607
0,2,3,3,0.07142857142857142,0.13062373204531932
0,3,1,3,0.5982142857142857,0.18870840232299962
0,3,3,2,0.16129032258064516,0.1077445226468398
0,3,0,0,0.15384615384615385,0.15940690976146074
0,3,2,1,0.05,0.09454193415294672
0,4,1,1,0.4722222222222222,0.19502587145122005
0,4,2,3,0.45454545454545453,0.13349370933159238
0,4,3,0,0.4166666666666667,0.171110174627478
0,4,0,2,0.07407407407407407,0.14246319586810102
0,5,1,2,0.5862068965517241,0.18587468809414615
0,5,3,1,0.16666666666666666,0.10576874229810018
0,5,0,0,0.16666666666666666,0.15231173633474548
0,5,2,3,0.04,0.11304794610377222
0,6,1,3,0.5855855855855856,0.1928898319514718
0,6,3,2,0.42105263157894735,0.1342957423013977
0,6,0,0,0.13043478260869565,0.1379032106374926
0,6,2,1,0.08823529411764706,0.09630282039663206
0,7,1,1,0.5603448275862069,0.1901442779556915
0,7,3,2,0.16666666666666666,0.10006678048149623
0,7,0,0,0.15,0.16486208466320051
0,7,2,3,0.0625,0.09850764041178302
0,8,1,1,0.4339622641509434,0.1946047106254362
0,8,2,2,0.4,0.13415003132702313
0,8,3,3,0.35714285714285715,0.1659159653429722
0,8,0,0,0.09090909090909091,0.14590824318963322
0,9,3,3,0.7,0.19160162695525265
0,9,1,2,0.6,0.1864608453955457
0,9,2,1,0.3181818181818182,0.09602927592716844
0,9,0,0,0.125,0.15468976382778682
0,10,1,0,0.6146788990825688,0.19101850635828233
0,10,3,3,0.5833333333333334,0.16863997720371693
0,10,2,1,0.4074074074074074,0.11903677736202799
0,10,0,2,0.17857142857142858,0.15107200603135934
0,11,1,1,0.46846846846846846,0.19361267857539516
0,11,2,2,0.45454545454545453,0.1094743781950715
0,11,3,3,0.3333333333333333,0.1623516340665715
0,11,0,0,0.1,0.15123669409241086
0,12,1,1,0.49523809523809526,0.1955148436211756
0,12,2,3,0.4230769230769231,0.1217775112540384
0,12,3,2,0.25,0.16819281693881827
0,12,0,0,0.11764705882352941,0.15214332514674334
0,13,1,0,0.4864864864864865,0.18981559725477404
0,13,3,1,0.3076923076923077,0.11084181861597361
0,13,2,3,0.2222222222222222,0.14704713437217143
0,13,0,2,0.10714285714285714,0.1487299091508806
0,14,3,2,0.5454545454545454,0.20467030513342202
0,14,1,3,0.5130434782608696,0.1960455447451445
0,14,2,0,0.21052631578947367,0.07285095459948364
0,14,0,1,0.061224489795918366,0.12862259599480488
0,15,1,0,0.5765765765765766,0.18912499443341468
0,15,3,3,0.45454545454545453,0.18892200207170204
0,15,2,1,0.4074074074074074,0.11903677736202799
0,15,0,2,0.15625,0.1470125693307011
0,16,1,1,0.48672566371681414,0.19124061554034247
0,16,3,0,0.45454545454545453,0.1477587489746338
0,16,2,3,0.11320754716981132,0.10287622335602095
0,16,0,2,0.0,0.14100117038892176
0,17,1,3,0.39622641509433965,0.14530226377982688
0,17,3,0,0.38461538461538464,0.15494506939323566
0,17,2,2,0.2903225806451613,0.13794032089394886
0,17,0,1,0.1320754716981132,0.19500131453036182
0,18,1,1,0.4056603773584906,0.1916036051139952
0,18,2,3,0.36,0.1553260700738881
0,18,3,0,0.25,0.11318526135098558
0,18,0,2,0.08620689655172414,0.14771884002199798
0,19,1,1,0.49523809523809526,0.1955148436211756
0,19,2,3,0.4782608695652174,0.13215640787179986
0,19,3,0,0.38461538461538464,0.14972140279904325
0,19,0,2,0.11764705882352941,0.15214332514674334
0,20,1,3,0.5132743362831859,0.19745761400221606
0,20,3,0,0.38461538461538464,0.12635170548167793
0,20,2,2,0.19047619047619047,0.12580977028333454
0,20,0,1,0.061224489795918366,0.12799614148044638
0,21,1,2,0.4519230769230769,0.19878700991889037
0,21,2,3,0.38461538461538464,0.13897017929609393
0,21,3,1,0.35714285714285715,0.12594800138113468
0,21,0,0,0.1111111111111111,0.14887912786416438
0,22,3,0,0.6,0.19148234201573275
0,22,1,3,0.43636363636363634,0.20036846783324305
0,22,2,2,0.20689655172413793,0.09749415823453696
0,22,0,1,0.09615384615384616,0.14914209831546818
0,23,1,0,0.4864864864864865,0.19200433986479495
0,23,3,1,0.3076923076923077,0.12598875328964118
0,23,2,3,0.2222222222222222,0.14704713437217143
0,23,0,2,0.08771929824561403,0.14249095331739178
0,24,1,3,0.37735849056603776,0.20130388572994487
0,24,2,1,0.2903225806451613,0.13794032089394886
0,24,3,0,0.21739130434782608,0.12357244371985983
0,24,0,2,0.08333333333333333,0.14336159943689525
0,25,1,0,0.746031746031746,0.17297023616362855
0,25,3,1,0.35714285714285715,0.12594800138113468
0,25,2,2,0.06666666666666667,0.19840214880289594
1,2,3,0,0.3564356435643564,0.20274479067016607
1,2,0,3,0.22580645161290322,0.13033030892725309
1,2,2,1,0.08695652173913043,0.1068377152552863
1,2,1,2,0.0,0.15582917593918572
1,3,3,3,0.375,0.22001522119039477
1,3,0,2,0.375,0.11288280688109054
1,3,2,0,0.2553191489361702,0.14331027665929197
1,3,1,1,0.05,0.12826914326306935
1,4,2,2,0.74,0.13841533240541246
1,4,3,1,0.6031746031746031,0.2326129571804681
1,4,0,0,0.3157894736842105,0.14064382095265168
1,4,1,3,0.23255813953488372,0.14401811283089286
1,5,3,2,0.4,0.21683350776644494
1,5,0,1,0.3870967741935484,0.11190488210218086
1,5,2,3,0.18604651162790697,0.13887161068582135
1,5,1,0,0.022222222222222223,0.13544460209359452
1,6,0,2,0.5909090909090909,0.12888783193459574
1,6,3,3,0.40476190476190477,0.22563287827526635
1,6,2,1,0.34782608695652173,0.12248531884736982
1,6,1,0,0.0,0.12582648848540479
1,7,3,1,0.3977272727272727,0.22220362629912943
1,7,0,2,0.2413793103448276,0.09194634589754022
1,7,2,3,0.18,0.11819709059770221
1,7,1,0,0.0,0.14785469685204444
1,8,2,0,0.7115384615384616,0.14039612902038806
1,8,3,1,0.6206896551724138,0.23338244724072826
1,8,0,3,0.42105263157894735,0.14790862476809458
1,8,1,2,0.3333333333333333,0.1527883246102165
1,9,3,2,0.4157303370786517,0.21792320673928395
1,9,2,0,0.32653061224489793,0.13784158240829397
1,9,0,3,0.25,0.13093955693836593
1,9,1,1,0.041666666666666664,0.0847705677554333
1,10,3,0,0.475,0.2247550918879681
1,10,2,2,0.37777777777777777,0.1353953907686604
1,10,0,3,0.35,0.12752285049097983
1,10,1,1,0.11320754716981132,0.1245559219576734
1,11,2,0,0.5555555555555556,0.14030944168938594
1,11,3,1,0.5,0.2293719628076387
1,11,0,3,0.2,0.13495172402959418
1,11,1,2,0.1276595744680851,0.1080633463271633
1,12,2,0,0.6862745098039216,0.14333915768750027
1,12,3,1,0.5714285714285714,0.23243147072172754
1,12,1,3,0.28888888888888886,0.13387356662959118
1,12,0,2,0.2777777777777778,0.15192644481539103
1,13,2,2,0.6851851851851852,0.14022035181084114
1,13,3,0,0.5070422535211268,0.22460962907640036
1,13,0,1,0.3157894736842105,0.09396037224155876
1,13,1,3,0.075,0.1651022227093919
1,14,2,1,0.5882352941176471,0.12791657370502046
1,14,3,3,0.43209876543209874,0.2313536089462625
1,14,0,2,0.25,0.1537549191732145
1,14,1,0,0.07317073170731707,0.05846592648361236
1,15,2,2,0.5,0.13704570560225385
1,15,3,0,0.4810126582278481,0.2228407634754434
1,15,0,3,0.3333333333333333,0.14781081433421317
1,15,1,1,0.11320754716981132,0.1245559219576734
1,16,2,3,0.7142857142857143,0.1337015784207223
1,16,3,1,0.5068493150684932,0.226676781671669
1,16,0,2,0.30434782608695654,0.13807548154991897
1,16,1,0,0.05,0.09853687245263296
1,17,2,3,0.7843137254901961,0.1345590412379414
1,17,3,1,0.76,0.24583368786649337
1,17,1,2,0.6944444444444444,0.17779118643965122
1,17,0,0,0.4444444444444444,0.14077644059818575
1,18,2,2,0.7358490566037735,0.14091151654150802
1,18,3,1,0.6545454545454545,0.23054080358181195
1,18,0,0,0.5555555555555556,0.12239592346755583
1,18,1,3,0.4473684210526316,0.18983183853421012
1,19,2,2,0.6862745098039216,0.14333915768750027
1,19,3,1,0.5714285714285714,0.23243147072172754
1,19,0,0,0.3684210526315789,0.13000778777801467
1,19,1,3,0.27906976744186046,0.14238866532826278
1,20,2,1,0.5882352941176471,0.12698158473989526
1,20,3,3,0.44871794871794873,0.23313040978155194
1,20,0,0,0.3,0.10063198109880084
1,20,1,2,0.1794871794871795,0.15256131685504515
1,21,2,0,0.6792452830188679,0.14059130681800008
1,21,3,2,0.631578947368421,0.23818880003836487
1,21,0,1,0.5,0.11705906140799394
1,21,1,3,0.5,0.16851936658969088
1,22,2,1,0.72,0.1422337610889
1,22,0,2,0.46153846153846156,0.10933292525007139
1,22,3,3,0.4492753623188406,0.2378553640273586
1,22,1,0,0.05,0.14241866173407583
1,23,2,2,0.7169811320754716,0.13686565371926515
1,23,3,0,0.5285714285714286,0.22797063434958026
1,23,0,1,0.3157894736842105,0.11227973333714389
1,23,1,3,0.075,0.1651022227093919
1,24,0,0,1.0,0.14573153163833008
1,24,2,2,0.975609756097561,0.14148222467576974
1,24,3,3,0.76,0.24583368786649337
1,24,1,1,0.6944444444444444,0.17779118643965122
1,25,0,1,0.5,0.11705906140799394
1,25,2,0,0.3252032520325203,0.1440025664690148
1,25,3,2,0.0,0.18123793201606225
2,3,0,3,0.6513761467889908,0.18578791271859355
2,3,3,2,0.24324324324324326,0.11260168612083508
2,3,2,0,0.14285714285714285,0.18367031412082116
2,3,1,1,0.0,0.06837054890661948
2,4,0,1,0.4953271028037383,0.19191853210673304
2,4,3,0,0.125,0.14475966882268057
2,4,1,3,0.125,0.11518068852771852
2,4,2,2,0.04,0.15009383164432472
2,5,0,2,0.6666666666666666,0.183333870348054
2,5,3,1,0.25,0.1105246836926142
2,5,2,0,0.15384615384615385,0.16762666258776626
2,5,1,3,0.05,0.10399614175521321
2,6,0,3,0.6542056074766355,0.18990394402820365
2,6,3,1,0.2727272727272727,0.126865645662736
2,6,2,0,0.17647058823529413,0.17110589437553544
2,6,1,2,0.17391304347826086,0.10892438228210244
2,7,0,1,0.6851851851851852,0.18772736600633774
2,7,3,3,0.56,0.15080932157281582
2,7,1,2,0.4,0.10769417762024767
2,7,2,0,0.21428571428571427,0.20556418380323122
2,8,0,1,0.45714285714285713,0.1914535626022842
2,8,3,2,0.21212121212121213,0.1440502311543102
2,8,1,3,0.1875,0.13045197218261873
2,8,2,0,0.038461538461538464,0.15355303147522728
2,9,0,2,0.7129629629629629,0.18403721298587689
2,9,1,1,0.2631578947368421,0.09605206009424529
2,9,3,0,0.25,0.1433169173685368
2,9,2,3,0.0,0.13030329198431995
2,10,0,0,0.6698113207547169,0.18829165581697085
2,10,1,1,0.2692307692307692,0.11952135837132381
2,10,3,2,0.16666666666666666,0.13103209676740132
2,10,2,3,0.0,0.11820347549342568
2,11,0,1,0.5185185185185185,0.19094190197405983
2,11,3,0,0.20754716981132076,0.14169792738712586
2,11,1,2,0.17391304347826086,0.09670343166109983
2,11,2,3,0.0,0.13405001634101674
2,12,0,1,0.49056603773584906,0.1924353893358835
2,12,1,2,0.15384615384615385,0.14075663083896273
2,12,3,3,0.13513513513513514,0.12029897799144364
2,12,2,0,0.0625,0.16116706013069484
2,13,0,0,0.5370370370370371,0.18743043112625024
2,13,1,3,0.3076923076923077,0.1661075025255607
2,13,3,1,0.125,0.0803622940113971
2,13,2,2,0.05660377358490566,0.15601706685476777
2,14,0,3,0.6055045871559633,0.19368746525687372
2,14,3,0,0.21739130434782608,0.07103668062095737
2,14,1,1,0.10869565217391304,0.10351537776270572
2,14,2,2,0.0,0.16033896383239435
2,15,0,0,0.6146788990825688,0.1865004628687441
2,15,1,1,0.2692307692307692,0.11952135837132381
2,15,3,2,0.12195121951219512,0.12824711578310197
2,15,2,3,0.0,0.1267598465473657
2,16,0,1,0.5363636363636364,0.1886927134203949
2,16,3,2,0.28,0.1667616907580826
2,16,1,0,0.14285714285714285,0.08851246151925836
2,16,2,3,0.0425531914893617,0.14644320903709984
2,17,0,1,0.4411764705882353,0.19865556542617044
2,17,3,2,0.21621621621621623,0.15220720600787438
2,17,1,0,0.125,0.11259520117230884
2,17,2,3,0.037037037037037035,0.14435579199478416
2,18,0,1,0.42857142857142855,0.18878994178111844
2,18,1,0,0.25,0.10196001449839885
2,18,3,3,0.18181818181818182,0.1663019953994569
2,18,2,2,0.03636363636363636,0.15500876209581252
2,19,0,1,0.49056603773584906,0.1924353893358835
2,19,1,0,0.125,0.10836009827639743
2,19,3,2,0.11864406779661017,0.13333896208912596
2,19,2,3,0.0,0.12074246784001338
2,20,0,3,0.6074766355140186,0.19511681734899572
2,20,3,2,0.25,0.153824200247529
2,20,1,1,0.10869565217391304,0.10266875670362585
2,20,2,0,0.0,0.0958814474184373
2,21,0,2,0.46153846153846156,0.1955050720285211
2,21,1,1,0.1875,0.09909472149436493
2,21,3,3,0.1388888888888889,0.14257777265813215
2,21,2,0,0.058823529411764705,0.15678116786468435
2,22,0,3,0.48598130841121495,0.1972667074418776
2,22,3,2,0.3333333333333333,0.11256743779914878
2,22,1,0,0.14285714285714285,0.11525148951121182
2,22,2,1,0.04081632653061224,0.1559261029832803
2,23,0,0,0.5370370370370371,0.18972029650307012
2,23,1,3,0.3076923076923077,0.1661075025255607
2,23,3,2,0.14516129032258066,0.12850915910102922
2,23,2,1,0.0,0.09106954311028133
2,24,0,3,0.4411764705882353,0.19865556542617044
2,24,3,0,0.22580645161290322,0.1303303089272531
2,24,1,2,0.0851063829787234,0.10586211544567276
2,24,2,1,0.0,0.1468270335279192
2,25,0,0,0.753968253968254,0.17037707675669206
2,25,1,1,0.1875,0.09909472149436493
2,25,2,2,0.0,0.1392064410033393
3,4,3,1,0.6,0.2095363113072328
3,4,2,2,0.30357142857142855,0.10853809299747569
3,4,1,3,0.045454545454545456,0.09494829362705041
3,4,0,0,0.0,0.11438190596780032
3,5,2,1,0.9615384615384616,0.11998951978370274
3,5,3,2,0.9425287356321839,0.20044767491356258
3,5,0,3,0.5789473684210527,0.17398038602224378
3,5,1,0,0.06666666666666667,0.12042049902822519
3,6,3,3,0.7888888888888889,0.2075811197666573
3,6,0,0,0.6190476190476191,0.1542080629814879
3,6,2,1,0.37142857142857144,0.11016306098621392
3,6,1,2,0.09523809523809523,0.09405748908065423
3,7,3,1,0.8043478260869565,0.2047028665126577
3,7,0,0,0.631578947368421,0.18054421793065475
3,7,2,2,0.41935483870967744,0.09753351872332208
3,7,1,3,0.041666666666666664,0.08610117882881531
3,8,3,1,0.5568181818181818,0.20908807092573464
3,8,2,3,0.34615384615384615,0.12457269844370682
3,8,0,0,0.3076923076923077,0.14870042019233423
3,8,1,2,0.04,0.1030780988904232
3,9,3,2,0.7422680412371134,0.2001553535533831
3,9,2,1,0.3793103448275862,0.09117336893399972
3,9,0,0,0.2222222222222222,0.1447471279743763
3,9,1,3,0.08333333333333333,0.10158714765531787
3,10,3,0,0.75,0.20486949746797584
3,10,2,1,0.4411764705882353,0.11482538282026891
3,10,0,2,0.41379310344827586,0.14786060676953305
3,10,1,3,0.07142857142857142,0.09232742293315412
3,11,3,1,0.6629213483146067,0.20862159396500413
3,11,2,0,0.2727272727272727,0.11326670936873585
3,11,0,2,0.09090909090909091,0.10752172349338925
3,11,1,3,0.0,0.09933616929211694
3,12,3,1,0.6511627906976745,0.21042525708780258
3,12,0,0,0.3829787234042553,0.15065642256710776
3,12,2,2,0.19230769230769232,0.12116850729886872
3,12,1,3,0.037037037037037035,0.0920613575867885
3,13,3,0,0.7045454545454546,0.20461495743401525
3,13,0,2,0.37254901960784315,0.1488979197708098
3,13,2,1,0.17857142857142858,0.07512088278270826
3,13,1,3,0.0,0.08395775536581514
3,14,3,3,0.7096774193548387,0.2113073135976021
3,14,2,1,0.28846153846153844,0.10379206493305974
3,14,1,2,0.08333333333333333,0.12244110978776071
3,14,0,0,0.0,0.04766347198948218
3,15,3,0,0.7582417582417582,0.20333337965428164
3,15,0,2,0.45161290322580644,0.150567460204444
3,15,2,1,0.4411764705882353,0.11482538282026891
3,15,1,3,0.0,0.08144113719050289
3,16,3,1,0.7,0.20612421258827124
3,16,0,3,0.3404255319148936,0.1413084387205336
3,16,2,2,0.1875,0.1160909822476004
3,16,1,0,0.0,0.06234397438161162
3,17,3,1,0.47191011235955055,0.21627157430257432
3,17,2,3,0.2833333333333333,0.1051953252151447
3,17,1,2,0.06896551724137931,0.12738680668951483
3,17,0,0,0.038461538461538464,0.10991562042133614
3,18,3,1,0.5402298850574713,0.20592345973537962
3,18,0,2,0.33962264150943394,0.14964351975572512
3,18,2,0,0.3333333333333333,0.10281495303986318
3,18,1,3,0.041666666666666664,0.1322260793228722
3,19,3,1,0.6511627906976745,0.21042525708780258
3,19,0,2,0.3829787234042553,0.15065642256710776
3,19,2,0,0.25925925925925924,0.10585328864436597
3,19,1,3,0.041666666666666664,0.09716799782195464
3,20,3,3,0.6774193548387096,0.21234393321830716
3,20,2,1,0.28846153846153844,0.10324277975254754
3,20,1,0,0.07692307692307693,0.07480973729428955
3,20,0,2,0.0,0.11882856069057585
3,21,3,2,0.6,0.213781434820916
3,21,0,0,0.3877551020408163,0.14874425241856706
3,21,2,1,0.2962962962962963,0.09204780309103944
3,21,1,3,0.08,0.12061013163302135
3,22,3,3,0.6436781609195402,0.21629874634837692
3,22,2,2,0.35294117647058826,0.09387221106812427
3,22,0,1,0.32653061224489793,0.1512505930207716
3,22,1,0,0.2,0.13458431448564323
3,23,3,0,0.6853932584269663,0.20693509273087435
3,23,0,2,0.2962962962962963,0.14270431381976936
3,23,2,1,0.17857142857142858,0.09048350330494985
3,23,1,3,0.0,0.08395775536581514
3,24,3,3,0.47191011235955055,0.21627157430257432
3,24,2,0,0.375,0.11288280688109054
3,24,0,2,0.25,0.1431403427665116
3,24,1,1,0.06896551724137931,0.12738680668951483
3,25,3,0,0.6532258064516129,0.18366882635836926
3,25,2,1,0.2962962962962963,0.09204780309103944
3,25,0,2,0.05263157894736842,0.18554641032884603
4,5,1,2,0.6373626373626373,0.2069098161411561
4,5,2,1,0.2857142857142857,0.10665904428872956
4,5,3,0,0.038461538461538464,0.11435180361809366
4,5,0,3,0.0,0.12247312036087836
4,6,1,3,0.6785714285714286,0.21501485183289568
4,6,0,2,0.4117647058823529,0.1441327240513205
4,6,2,1,0.35294117647058826,0.12234482917505796
4,6,3,0,0.03225806451612903,0.10538851258354437
4,7,1,1,0.6590909090909091,0.21176821353247363
4,7,2,2,0.27450980392156865,0.09831045739898316
4,7,0,3,0.13043478260869565,0.12352754176222587
4,7,3,0,0.03571428571428571,0.1245087102327318
4,8,1,1,0.8870967741935484,0.22138291787819378
4,8,2,0,0.8113207547169812,0.1411849071362282
4,8,3,2,0.6086956521739131,0.15005832384656773
4,8,0,3,0.45454545454545453,0.18740974028547222
4,9,1,2,0.6741573033707865,0.20742832975672176
4,9,0,3,0.5555555555555556,0.19239993790416005
4,9,2,0,0.38461538461538464,0.13863054474489067
4,9,3,1,0.14814814814814814,0.08440614189233422
4,10,1,0,0.7407407407407407,0.21339742377221682
4,10,0,3,0.6,0.18296025218511358
4,10,2,2,0.40816326530612246,0.13369948063480616
4,10,3,1,0.3333333333333333,0.12152059737171113
4,11,1,1,0.8285714285714286,0.21872447015612217
4,11,2,0,0.6545454545454545,0.1407875207940553
4,11,3,2,0.4782608695652174,0.11410000317193207
4,11,0,3,0.4444444444444444,0.17380406592575973
4,12,1,1,0.8484848484848485,0.22171617838680913
4,12,2,0,0.8235294117647058,0.14433416443145283
4,12,3,3,0.7727272727272727,0.14023293019768812
4,12,0,2,0.5,0.22629120579785283
4,13,1,0,0.8055555555555556,0.2146336207543018
4,13,2,2,0.75,0.14112874428168493
4,13,0,1,0.5555555555555556,0.14586971045740701
4,13,3,3,0.2,0.15296807906379795
4,14,0,2,0.75,0.23919828897663667
4,14,1,3,0.7160493827160493,0.22038961335450555
4,14,2,1,0.6923076923076923,0.12910846728967726
4,14,3,0,0.3157894736842105,0.08605516614449536
4,15,1,0,0.7721518987341772,0.21189642361537797
4,15,0,3,0.625,0.22514005619180763
4,15,2,2,0.5208333333333334,0.13629964654682494
4,15,3,1,0.3333333333333333,0.12152059737171113
4,16,1,1,0.8472222222222222,0.2163617746433962
4,16,2,3,0.7169811320754716,0.13467235282674525
4,16,0,0,0.4444444444444444,0.15175055480409455
4,16,3,2,0.11538461538461539,0.12421261248253115
4,17,2,3,0.8846153846153846,0.13540894745285423
4,17,1,1,0.7619047619047619,0.22910228541902872
4,17,0,0,0.6666666666666666,0.19994508920426574
4,17,3,2,0.2727272727272727,0.14521545644538109
4,18,1,1,0.8387096774193549,0.21777420946316117
4,18,2,2,0.7678571428571429,0.14034414755854063
4,18,3,3,0.44,0.16689767626588542
4,18,0,0,0.4166666666666667,0.140041753333593
4,19,3,3,0.8947368421052632,0.15209440247533937
4,19,0,0,0.875,0.20804390169808745
4,19,1,1,0.8484848484848485,0.22171617838680913
4,19,2,2,0.8235294117647058,0.14433416443145283
4,20,1,3,0.7215189873417721,0.2219639769165139
4,20,2,1,0.6923076923076923,0.12812563480727382
4,20,0,0,0.5,0.1467477406638437
4,20,3,2,0.22727272727272727,0.13785679463945588
4,21,1,2,0.7846153846153846,0.2254283076153852
4,21,2,0,0.7777777777777778,0.14139948440151695
4,21,0,1,0.6,0.1659663866675543
4,21,3,3,0.46153846153846156,0.14909766136633376
4,22,1,3,0.782608695652174,0.2273259245686024
4,22,2,1,0.6607142857142857,0.14172947348993958
4,22,0,0,0.3,0.16152686195172516
4,22,3,2,0.1935483870967742,0.10131155362565243
4,23,1,0,0.8309859154929577,0.21771647872308225
4,23,2,2,0.75,0.13713550239713673
4,23,0,1,0.5555555555555556,0.16099302954685518
4,23,3,3,0.2,0.15296807906379795
4,24,1,3,0.7619047619047619,0.22910228541902872
4,24,2,2,0.76,0.13818928651210727
4,24,0,0,0.3157894736842105,0.14064382095265168
4,24,3,1,0.2727272727272727,0.14521545644538109
4,25,0,1,0.6,0.1659663866675543
4,25,1,0,0.5040650406504065,0.18941103552325264
4,25,3,2,0.058823529411764705,0.19362156750055912
5,6,2,3,0.8043478260869565,0.20459336419075363
5,6,3,0,0.5294117647058824,0.1567603862685504
5,6,1,1,0.38235294117647056,0.10939720901941352
5,6,0,2,0.0,0.09856417226608467
5,7,2,1,0.8586956521739131,0.20202061003171162
5,7,3,0,0.5333333333333333,0.18103956406826055
5,7,1,2,0.43333333333333335,0.09775249262312967
5,7,0,3,0.03571428571428571,0.11465933819706887
5,8,2,1,0.5777777777777777,0.20630431679553393
5,8,1,3,0.3076923076923077,0.12102092755444242
5,8,3,0,0.22448979591836735,0.14302492853479284
5,8,0,2,0.0,0.11439592866296713
5,9,2,2,0.7755102040816326,0.1974388552320917
5,9,1,1,0.39285714285714285,0.09236813524720826
5,9,3,0,0.2413793103448276,0.147422338976257
5,9,0,3,0.0,0.10476465801964814
5,10,2,0,0.7849462365591398,0.20212278629796077
5,10,3,2,0.5,0.15440825940905775
5,10,1,1,0.4117647058823529,0.11416372980411171
5,10,0,3,0.0,0.09421830352671415
5,11,2,1,0.7,0.20602495111053365
5,11,1,0,0.2777777777777778,0.11187232492862911
5,11,0,2,0.08,0.10514440409127308
5,11,3,3,0.0,0.11476830887943791
5,12,2,1,0.6896551724137931,0.20786311681560682
5,12,1,0,0.26785714285714285,0.11232582824770285
5,12,0,3,0.03225806451612903,0.10752128910031444
5,12,3,2,0.0,0.1274748281525316
5,13,2,0,0.7613636363636364,0.202306800495803
5,13,1,2,0.2459016393442623,0.10927105892661663
5,13,3,3,0.0,0.13398807975336513
5,13,0,1,0.0,0.05902555115109581
5,14,2,3,0.7263157894736842,0.2084780106502982
5,14,1,1,0.29411764705882354,0.10298281610341063
5,14,3,0,0.0,0.042922447010530176
5,14,0,2,0.0,0.12473885847574306
5,15,2,0,0.8131868131868132,0.20073908893728346
5,15,3,2,0.4230769230769231,0.15049630757920002
5,15,1,1,0.4117647058823529,0.11416372980411171
5,15,0,3,0.0,0.09478394098693665
5,16,2,1,0.7555555555555555,0.20364311705254995
5,16,1,3,0.2545454545454545,0.10379577610718964
5,16,3,0,0.0,0.0840426240438985
5,16,0,2,0.0,0.11630937712583443
5,17,2,1,0.4945054945054945,0.21320418444991465
5,17,1,0,0.2692307692307692,0.11203344966996323
5,17,3,3,0.19230769230769232,0.13413201179371753
5,17,0,2,0.0,0.13115342295785878
5,18,2,1,0.5795454545454546,0.2033532669217782
5,18,1,0,0.34615384615384615,0.10392647525002705
5,18,3,2,0.21153846153846154,0.1427892509417846
5,18,0,3,0.0,0.13932985868308576
5,19,2,1,0.6896551724137931,0.20786311681560682
5,19,1,0,0.2692307692307692,0.10570716491818918
5,19,3,2,0.2391304347826087,0.14226776297457577
5,19,0,3,0.03571428571428571,0.11230569539137644
5,20,2,3,0.6947368421052632,0.2095746271297931
5,20,1,1,0.29411764705882354,0.10246101211413139
5,20,3,0,0.0,0.08211851507820495
5,20,0,2,0.0,0.09935130677454809
5,21,2,2,0.6206896551724138,0.21101245816677297
5,21,1,1,0.3076923076923077,0.09245248287793102
5,21,3,0,0.22448979591836735,0.13939908987633354
5,21,0,3,0.0,0.1228977674589836
5,22,2,3,0.6444444444444445,0.21334153967991873
5,22,1,2,0.36363636363636365,0.09317166898326394
5,22,3,1,0.2127659574468085,0.14454566547405534
5,22,0,0,0.0,0.12115348964182597
5,23,2,0,0.7415730337078652,0.2046604721323719
5,23,1,2,0.26666666666666666,0.10660549498717581
5,23,0,1,0.0625,0.09008769216709599
5,23,3,3,0.0,0.13398807975336513
5,24,2,3,0.4945054945054945,0.21320418444991465
5,24,1,0,0.3870967741935484,0.11190488210218086
5,24,3,2,0.18181818181818182,0.13936967931098723
5,24,0,1,0.0,0.13115342295785878
5,25,2,0,0.6935483870967742,0.1812581979344073
5,25,1,1,0.3076923076923077,0.09245248287793102
5,25,0,2,0.1,0.2174349871120012
6,7,3,1,0.9404761904761905,0.2101020583018463
6,7,0,0,0.8,0.17561544327308007
6,7,1,3,0.5185185185185185,0.12537379641303684
6,7,2,2,0.25,0.09398545576897539
6,8,3,1,0.6144578313253012,0.21454691125710046
6,8,2,3,0.4444444444444444,0.1436359377455967
6,8,1,0,0.36538461538461536,0.12445687523105216
6,8,0,2,0.0,0.10732060685251417
6,9,3,2,0.9080459770114943,0.2055499439575458
6,9,1,0,0.5666666666666667,0.13424239342129887
6,9,2,3,0.4117647058823529,0.1439310999695214
6,9,0,1,0.07407407407407407,0.0784398500315157
6,10,3,0,0.8372093023255814,0.21014723383202788
6,10,2,3,0.5294117647058824,0.13839143321954078
6,10,0,2,0.37037037037037035,0.12793346011724135
6,10,1,1,0.21621621621621623,0.11243418847077456
6,11,3,1,0.7682926829268293,0.2140839838537881
6,11,1,0,0.40425531914893614,0.12767521437387971
6,11,2,3,0.2777777777777778,0.135545284867147
6,11,0,2,0.06666666666666667,0.09212134000051525
6,12,3,1,0.6951219512195121,0.21547401407340436
6,12,1,0,0.3333333333333333,0.12715490098850446
6,12,2,2,0.29411764705882354,0.14823208996732054
6,12,0,3,0.027777777777777776,0.10044202476293325
6,13,3,0,0.75,0.20954281455507068
6,13,2,1,0.4117647058823529,0.10407205571584305
6,13,1,2,0.32727272727272727,0.12533873197804715
6,13,0,3,0.0,0.09286686570693661
6,14,3,3,0.8571428571428571,0.21683931240009907
6,14,1,1,0.46511627906976744,0.11856630202324137
6,14,2,2,0.4117647058823529,0.16019049505257366
6,14,0,0,0.0,0.04372082794763096
6,15,3,0,0.7840909090909091,0.20810388994448614
6,15,0,2,0.36666666666666664,0.1292815323495462
6,15,2,3,0.35294117647058826,0.1486513067858316
6,15,1,1,0.21621621621621623,0.11243418847077456
6,16,3,1,0.7857142857142857,0.21131469262722485
6,16,1,3,0.32,0.1197207150826488
6,16,2,0,0.2777777777777778,0.11007363223896031
6,16,0,2,0.0,0.09860959404787593
6,17,3,1,0.5421686746987951,0.2220057794651548
6,17,2,0,0.3888888888888889,0.1329862890981468
6,17,1,3,0.35185185185185186,0.1195881268392448
6,17,0,2,0.0,0.12302896184412412
6,18,3,1,0.5975609756097561,0.21122468058576493
6,18,2,0,0.5882352941176471,0.12105096712633998
6,18,1,2,0.34545454545454546,0.12475890947518277
6,18,0,3,0.0,0.1340220097394008
6,19,3,1,0.6951219512195121,0.21547401407340436
6,19,2,0,0.47058823529411764,0.13346907472137604
6,19,1,2,0.3333333333333333,0.12715490098850446
6,19,0,3,0.030303030303030304,0.10454929692352305
6,20,3,3,0.8214285714285714,0.21790497791145064
6,20,2,0,0.47058823529411764,0.11246653955392975
6,20,1,1,0.4318181818181818,0.11740916568418885
6,20,0,2,0.0,0.095566048627849
6,21,3,2,0.6219512195121951,0.21904642385046455
6,21,2,1,0.5294117647058824,0.1187087143278093
6,21,1,0,0.33962264150943394,0.1260379903437861
6,21,0,3,0.0,0.12026518599506955
6,22,3,3,0.75,0.22211203680239264
6,22,2,0,0.35294117647058826,0.14311543836346177
6,22,1,1,0.2830188679245283,0.12400500674900608
6,22,0,2,0.029411764705882353,0.07901834000457576
6,23,3,0,0.7294117647058823,0.2119476926385203
6,23,1,2,0.35185185185185186,0.12199416385470009
6,23,2,1,0.3333333333333333,0.11183425760822242
6,23,0,3,0.0,0.09286686570693661
6,24,2,0,0.5909090909090909,0.12888783193459574
6,24,3,3,0.5421686746987951,0.2220057794651548
6,24,1,2,0.3695652173913043,0.12229256197374082
6,24,0,1,0.0,0.12302896184412412
6,25,3,0,0.6422764227642277,0.1877497323513867
6,25,2,1,0.5294117647058824,0.1187087143278093
6,25,0,2,0.06666666666666667,0.17699292489278498
7,8,1,1,0.5977011494252874,0.2112776674306051
7,8,2,3,0.22727272727272727,0.10510538861224422
7,8,0,0,0.19607843137254902,0.14745955891040424
7,8,3,2,0.11428571428571428,0.12373816215583912
7,9,1,2,0.8791208791208791,0.20257280940030326
7,9,3,0,0.4666666666666667,0.13713852899799342
7,9,2,1,0.3333333333333333,0.08323468081317009
7,9,0,3,0.0,0.11844417441474984
7,10,1,0,0.8111111111111111,0.20707264790462515
7,10,0,2,0.36,0.14819221925490664
7,10,2,1,0.20588235294117646,0.09400202872788731
7,10,3,3,0.12,0.1121352897953051
7,11,1,1,0.7647058823529411,0.21106600653552765
7,11,3,0,0.3404255319148936,0.13073148856767658
7,11,2,3,0.2,0.11075683379023972
7,11,0,2,0.03571428571428571,0.10439551682085696
7,12,1,1,0.6744186046511628,0.21243317135300202
7,12,0,0,0.23404255319148937,0.14763908742098578
7,12,2,2,0.15,0.09992353134509377
7,12,3,3,0.1388888888888889,0.10698676808328067
7,13,1,0,0.7471264367816092,0.20678351855077481
7,13,0,2,0.23529411764705882,0.14725551579005272
7,13,2,1,0.13636363636363635,0.06672002495747423
7,13,3,3,0.08333333333333333,0.14473190045633175
7,14,1,3,0.8089887640449438,0.21361346172924203
7,14,2,1,0.2826086956521739,0.09316918109706687
7,14,3,0,0.17391304347826086,0.06704697172512689
7,14,0,2,0.0,0.13838713785630744
7,15,1,0,0.8,0.20534595726135282
7,15,0,2,0.3103448275862069,0.14811998087375772
7,15,2,1,0.20588235294117646,0.09400202872788731
7,15,3,3,0.08695652173913043,0.12450131953975299
7,16,1,1,0.7816091954022989,0.20834493025867515
7,16,3,2,0.34782608695652173,0.1450898227033118
7,16,2,3,0.24,0.09471819250527566
7,16,0,0,0.0,0.08958469713796369
7,17,1,1,0.5287356321839081,0.21865802021821962
7,17,2,3,0.2545454545454545,0.0944870198481766
7,17,3,0,0.125,0.11620470412997501
7,17,0,2,0.0,0.14441846797916777
7,18,1,1,0.5813953488372093,0.20814801019530352
7,18,2,0,0.2727272727272727,0.08725092336649472
7,18,0,2,0.20754716981132076,0.14637380092901675
7,18,3,3,0.08571428571428572,0.1363391501288849
7,19,1,1,0.6744186046511628,0.21243317135300202
7,19,0,2,0.23404255319148937,0.14763908742098578
7,19,2,0,0.18181818181818182,0.08808454803849293
7,19,3,3,0.11764705882352941,0.11250043089664134
7,20,1,3,0.7752808988764045,0.21475525808283072
7,20,2,1,0.2826086956521739,0.09197445368778628
7,20,3,2,0.16,0.12904869201884114
7,20,0,0,0.0,0.08512957163889058
7,21,1,2,0.6046511627906976,0.21578911421452
7,21,0,0,0.24489795918367346,0.14636549010998928
7,21,2,1,0.22727272727272727,0.07878719989049793
7,21,3,3,0.05263157894736842,0.116887505681687
7,22,1,3,0.7058823529411765,0.21852931478574578
7,22,3,2,0.3448275862068966,0.10173841551572702
7,22,0,1,0.20833333333333334,0.14951270560711624
7,22,2,0,0.14285714285714285,0.1045870699280696
7,23,1,0,0.7272727272727273,0.20916972122522556
7,23,3,2,0.25,0.12127193004802056
7,23,2,1,0.13636363636363635,0.07834737603695578
7,23,0,3,0.0,0.10988124912223993
7,24,1,3,0.5287356321839081,0.21865802021821962
7,24,2,0,0.2413793103448276,0.09194634589754022
7,24,3,2,0.17647058823529413,0.11700887295970328
7,24,0,1,0.0,0.14441846797916777
7,25,1,0,0.6829268292682927,0.18549901609854264
7,25,2,1,0.22727272727272727,0.07878719989049793
7,25,0,2,0.08333333333333333,0.21500122761247928
8,9,1,2,0.5955056179775281,0.20683899849840867
8,9,3,3,0.45454545454545453,0.1784539142955607
8,9,0,0,0.39622641509433965,0.14139674905726785
8,9,2,1,0.21428571428571427,0.09139179663742308
8,10,1,0,0.675,0.212985537747625
8,10,3,3,0.5,0.16888038018037635
8,10,0,2,0.42,0.1363211467024894
8,10,2,1,0.34375,0.12601446193314358
8,11,1,1,0.7794117647058824,0.21836068072561754
8,11,0,0,0.6607142857142857,0.14298358738571632
8,11,2,2,0.37037037037037035,0.111339617323154
8,11,3,3,0.36363636363636365,0.16630054680163692
8,12,1,1,0.8253968253968254,0.22173843333892038
8,12,0,0,0.7272727272727273,0.14557709386174264
8,12,2,3,0.68,0.1398369346997796
8,12,3,2,0.5555555555555556,0.23122462899307117
8,13,1,0,0.7323943661971831,0.2139441437438201
8,13,0,2,0.7241379310344828,0.14344005141802718
8,13,3,1,0.3333333333333333,0.11205187005839111
8,13,2,3,0.17391304347826086,0.16104471155539396
8,14,0,1,0.6363636363636364,0.13084327746195834
8,14,1,3,0.6296296296296297,0.21968988449540144
8,14,3,2,0.45454545454545453,0.21467032507505987
8,14,2,0,0.2727272727272727,0.08170910036533807
8,15,1,0,0.7051282051282052,0.211464944913546
8,15,3,3,0.6666666666666666,0.22055501768996816
8,15,0,2,0.5306122448979592,0.13916000052131708
8,15,2,1,0.34375,0.12601446193314358
8,16,1,1,0.7746478873239436,0.21576367124874124
8,16,0,3,0.7222222222222222,0.13736623781902318
8,16,3,0,0.36363636363636365,0.14081342699058025
8,16,2,2,0.14285714285714285,0.1398785936254858
8,17,1,1,0.7931034482758621,0.22980971560332916
8,17,0,3,0.7543859649122807,0.13671322988459594
8,17,3,0,0.5454545454545454,0.17946521812496458
8,17,2,2,0.40625,0.15446631568242009
8,18,1,1,0.8771929824561403,0.21816368375890638
8,18,0,2,0.8035714285714286,0.14366563770372826
8,18,2,3,0.625,0.1776052689100807
8,18,3,0,0.5833333333333334,0.1449861512226901
8,19,1,1,0.8253968253968254,0.22173843333892038
8,19,0,2,0.7272727272727273,0.14557709386174264
8,19,2,3,0.625,0.14714885321023155
8,19,3,0,0.5454545454545454,0.1778724116386771
8,20,1,3,0.6538461538461539,0.22128346624137088
8,20,0,1,0.6363636363636364,0.12992304715930658
8,20,3,0,0.3076923076923077,0.12189839799198138
8,20,2,2,0.25,0.1456111010567397
8,21,1,2,0.8166666666666667,0.22579786160726123
8,21,0,0,0.75,0.14366586821909003
8,21,3,1,0.6363636363636364,0.15938235747232446
8,21,2,3,0.5769230769230769,0.1561466860935937
8,22,1,3,0.7313432835820896,0.22704758547869824
8,22,0,1,0.7272727272727273,0.1448222531753088
8,22,3,0,0.25,0.160906970468352
8,22,2,2,0.21212121212121213,0.10642668640850428
8,23,1,0,0.7571428571428571,0.2171447668418864
8,23,0,2,0.6949152542372882,0.13895546042341567
8,23,3,1,0.3333333333333333,0.12810781846694932
8,23,2,3,0.17391304347826086,0.16104471155539396
8,24,1,3,0.7931034482758621,0.22980971560332916
8,24,0,2,0.7307692307692307,0.14021372359879095
8,24,3,0,0.42105263157894735,0.1479086247680946
8,24,2,1,0.40625,0.15446631568242009
8,25,3,1,0.6363636363636364,0.15938235747232446
8,25,1,0,0.44715447154471544,0.1887228463935824
8,25,0,2,0.02040816326530612,0.1485736809411726
9,10,2,0,0.8241758241758241,0.20288583194701015
9,10,3,3,0.7777777777777778,0.19659345770167863
9,10,1,1,0.5416666666666666,0.10695799250156297
9,10,0,2,0.5161290322580645,0.14321542856400016
9,11,2,1,0.7191011235955056,0.20634621100475597
9,11,0,0,0.5333333333333333,0.14719778944932532
9,11,3,3,0.4444444444444444,0.17965605482892122
9,11,1,2,0.34782608695652173,0.0860568613999399
9,12,2,1,0.651685393258427,0.2077713812545722
9,12,0,0,0.39215686274509803,0.1445619293438625
9,12,3,2,0.3333333333333333,0.1780858080004486
9,12,1,3,0.16129032258064516,0.081583057412651
9,13,2,0,0.7032967032967034,0.20218583390693373
9,13,3,1,0.4,0.13784530566258668
9,13,0,2,0.38181818181818183,0.14227534901287947
9,13,1,3,0.10526315789473684,0.09135891199474966
9,14,2,3,0.8636363636363636,0.20937188966802223
9,14,3,2,0.5555555555555556,0.21216142630209006
9,14,0,1,0.5,0.13134425448493034
9,14,1,0,0.29411764705882354,0.07590233823297073
9,15,2,0,0.7553191489361702,0.20078142635823873
9,15,3,3,0.625,0.21474258122963508
9,15,1,1,0.5416666666666666,0.10695799250156297
9,15,0,2,0.45714285714285713,0.14015359022425705
9,16,2,1,0.7555555555555555,0.20394668121698895
9,16,3,0,0.625,0.18155488971992587
9,16,0,3,0.35294117647058826,0.13459904793793037
9,16,1,2,0.18181818181818182,0.08651744122669405
9,17,2,1,0.5454545454545454,0.21426316400836015
9,17,3,0,0.5,0.17374949646608598
9,17,0,3,0.4074074074074074,0.13605902896658123
9,17,1,2,0.05405405405405406,0.08669976035624974
9,18,2,1,0.5617977528089888,0.2035399468381076
9,18,0,2,0.375,0.1424127132122335
9,18,3,0,0.3076923076923077,0.12823166099572944
9,18,1,3,0.1,0.09629366362443549
9,19,2,1,0.651685393258427,0.2077713812545722
9,19,3,0,0.5,0.16834994566614006
9,19,0,2,0.39215686274509803,0.1445619293438625
9,19,1,3,0.13793103448275862,0.08331706366088949
9,20,2,3,0.8295454545454546,0.21051163254716698
9,20,0,1,0.4666666666666667,0.13016946418188985
9,20,3,0,0.36363636363636365,0.1379059448029521
9,20,1,2,0.14285714285714285,0.08984859151083939
9,21,2,2,0.5842696629213483,0.21107595721100772
9,21,3,1,0.45454545454545453,0.1431617208197567
9,21,0,0,0.39622641509433965,0.14293060007710248
9,21,1,3,0.09375,0.08723228454407984
9,22,2,3,0.6818181818181818,0.21381075403146726
9,22,3,0,0.625,0.2086958106192475
9,22,1,2,0.36,0.08675666010969531
9,22,0,1,0.33962264150943394,0.1426027673312311
9,23,2,0,0.6847826086956522,0.20448412133116034
9,23,3,1,0.4,0.15235108914128345
9,23,0,2,0.35714285714285715,0.13684170010215543
9,23,1,3,0.10526315789473684,0.09135891199474966
9,24,2,3,0.5454545454545454,0.21426316400836015
9,24,0,2,0.3469387755102041,0.13774786945052328
9,24,3,0,0.25,0.13093955693836595
9,24,1,1,0.05405405405405406,0.08669976035624974
9,25,2,0,0.6935483870967742,0.18182653749904445
9,25,3,1,0.45454545454545453,0.1431617208197567
9,25,1,2,0.0,0.09500196226480592
10,11,0,1,0.7901234567901234,0.21194875410023742
10,11,2,0,0.43478260869565216,0.1385754556939114
10,11,1,2,0.42857142857142855,0.1056637435474949
10,11,3,3,0.36363636363636365,0.15338366855224056
10,12,0,1,0.7375,0.213960311171268
10,12,2,0,0.44680851063829785,0.13866462525594178
10,12,3,2,0.4,0.18225701065520766
10,12,1,3,0.3235294117647059,0.11255002894946617
10,13,0,0,0.7710843373493976,0.20764993929530728
10,13,3,1,0.6,0.14144258580410685
10,13,2,2,0.40384615384615385,0.1358109388876093
10,13,1,3,0.2,0.1334524082220597
10,14,0,3,0.7528089887640449,0.21411051906857306
10,14,3,2,0.6,0.20202393071611371
10,14,2,1,0.4318181818181818,0.12439051549467225
10,14,1,0,0.19230769230769232,0.06979896068993674
10,15,1,1,1.0,0.13560812572306574
10,15,0,0,0.891566265060241,0.20630365668703585
10,15,2,2,0.7777777777777778,0.14237854083735874
10,15,3,3,0.6666666666666666,0.2046479073532613
10,16,0,1,0.7857142857142857,0.20919432484904915
10,16,3,0,0.5,0.1509657583128088
10,16,2,3,0.40425531914893614,0.12976903748380658
10,16,1,2,0.16666666666666666,0.11772388935807344
10,17,0,1,0.6,0.22060167364828412
10,17,3,0,0.5454545454545454,0.16505312282518014
10,17,2,3,0.37735849056603776,0.12930279787696222
10,17,1,2,0.14285714285714285,0.12510537507910116
10,18,0,1,0.6375,0.20946971647164814
10,18,3,0,0.46153846153846156,0.12953398939827063
10,18,2,2,0.39622641509433965,0.13637459835966845
10,18,1,3,0.2,0.13928615735327426
10,19,0,1,0.7375,0.213960311171268
10,19,3,0,0.5454545454545454,0.1600902206619744
10,19,2,2,0.44680851063829785,0.13866462525594178
10,19,1,3,0.3125,0.11825639181996063
10,20,0,3,0.7386363636363636,0.21543375645548218
10,20,3,0,0.5454545454545454,0.14044298129321858
10,20,2,1,0.4,0.12266225183101742
10,20,1,2,0.13793103448275862,0.115830419747737
10,21,0,2,0.6625,0.21734604915008904
10,21,3,1,0.6363636363636364,0.14877761724785324
10,21,2,0,0.42,0.1356902750847111
10,21,1,3,0.2222222222222222,0.12308661396654583
10,22,0,3,0.6666666666666666,0.219270483046333
10,22,3,0,0.5,0.17679042369817205
10,22,2,1,0.3877551020408163,0.1382161833310603
10,22,1,2,0.34375,0.10271659097247542
10,23,0,0,0.7710843373493976,0.21030388024679544
10,23,3,1,0.45454545454545453,0.1387892182856443
10,23,2,2,0.37735849056603776,0.13152631384553723
10,23,1,3,0.2,0.1334524082220597
10,24,0,3,0.6,0.22060167364828412
10,24,2,2,0.3695652173913043,0.13487307174169175
10,24,3,0,0.35,0.12752285049097983
10,24,1,1,0.14285714285714285,0.12510537507910116
10,25,0,0,0.6422764227642277,0.1855359802882459
10,25,3,1,0.6363636363636364,0.14877761724785324
10,25,1,2,0.043478260869565216,0.17706685453705767
11,12,1,1,0.8260869565217391,0.21946368197939836
11,12,0,0,0.6981132075471698,0.1468622838461613
11,12,2,3,0.4444444444444444,0.10542739183461192
11,12,3,2,0.2222222222222222,0.14912091767540622
11,13,1,0,0.8611111111111112,0.213130990892211
11,13,0,2,0.6666666666666666,0.14387251590187433
11,13,3,1,0.3,0.11837399875417494
11,13,2,3,0.2,0.11656045817334955
11,14,1,3,0.7875,0.21910762762786495
11,14,0,1,0.6666666666666666,0.13206136696569484
11,14,3,2,0.4444444444444444,0.20127652707218646
11,14,2,0,0.3157894736842105,0.07689444574299203
11,15,1,0,0.8227848101265823,0.21043940723934676
11,15,0,2,0.48936170212765956,0.138892526846545
11,15,2,1,0.42857142857142855,0.1056637435474949
11,15,3,3,0.3333333333333333,0.1700878634872736
11,16,1,1,0.9027777777777778,0.21471731540898348
11,16,0,3,0.6,0.13611425366932114
11,16,3,0,0.5,0.16084480308560062
11,16,2,2,0.16,0.10271913606509724
11,17,0,3,0.6666666666666666,0.13722279126143216
11,17,1,1,0.6428571428571429,0.2257505926741503
11,17,3,0,0.2727272727272727,0.14421287144005956
11,17,2,2,0.13513513513513514,0.10728087154170828
11,18,1,1,0.7352941176470589,0.21489721003321685
11,18,0,2,0.6551724137931034,0.14382740449466902
11,18,3,0,0.3333333333333333,0.1266607219018336
11,18,2,3,0.2413793103448276,0.12279258409372934
11,19,1,1,0.8260869565217391,0.21946368197939836
11,19,0,2,0.6981132075471698,0.1468622838461613
11,19,2,3,0.44,0.11030365592116059
11,19,3,0,0.4,0.15207855768503975
11,20,1,3,0.75,0.22022468435735015
11,20,0,1,0.6346153846153846,0.13072765595490568
11,20,3,0,0.2727272727272727,0.12761565241302647
11,20,2,2,0.125,0.09708031969047345
11,21,1,2,0.7391304347826086,0.222834639487831
11,21,0,0,0.6909090909090909,0.1444859731854751
11,21,2,3,0.26666666666666666,0.11081322229203629
11,21,3,1,0.25,0.11339190899151573
11,22,1,3,0.7638888888888888,0.22501814786997215
11,22,0,1,0.6363636363636364,0.14499186738313996
11,22,3,0,0.3333333333333333,0.17437966824697126
11,22,2,2,0.1935483870967742,0.08309544336815207
11,23,1,0,0.8611111111111112,0.2159112854103241
11,23,0,2,0.6666666666666666,0.13986949097014187
11,23,3,1,0.3,0.13739911169657995
11,23,2,3,0.2,0.11656045817334955
11,24,1,3,0.6428571428571429,0.2257505926741503
11,24,0,2,0.5740740740740741,0.13989983578148965
11,24,3,0,0.2,0.13495172402959418
11,24,2,1,0.13513513513513514,0.10728087154170828
11,25,1,0,0.5365853658536586,0.18852389121263008
11,25,3,1,0.25,0.11339190899151573
11,25,2,2,0.058823529411764705,0.1646565348612713
12,13,0,2,0.9019607843137255,0.1480224880262525
12,13,1,0,0.8823529411764706,0.21593437924730371
12,13,2,3,0.3333333333333333,0.24705008460175476
12,13,3,1,0.20833333333333334,0.08569344800856998
12,14,0,1,0.7058823529411765,0.13425038579022902
12,14,1,3,0.691358024691358,0.22102596392817042
12,14,2,2,0.5,0.25117861384827256
12,14,3,0,0.30434782608695654,0.08324358021536565
12,15,1,0,0.7692307692307693,0.21246426340910837
12,15,2,3,0.5714285714285714,0.25275685185746294
12,15,0,2,0.5652173913043478,0.1416169544795176
12,15,3,1,0.3235294117647059,0.11255002894946617
12,16,1,1,0.8194444444444444,0.21671466933595604
12,16,0,3,0.7647058823529411,0.14004309313267496
12,16,2,0,0.2222222222222222,0.12284267185282412
12,16,3,2,0.13333333333333333,0.1146923217915126
12,17,0,3,0.7636363636363637,0.13937852459373376
12,17,1,1,0.676923076923077,0.2284956647691511
12,17,2,0,0.4444444444444444,0.20129327463050445
12,17,3,2,0.34285714285714286,0.13653826678232803
12,18,1,1,0.8064516129032258,0.21796716888664208
12,18,0,2,0.7818181818181819,0.1461602110671524
12,18,3,3,0.4642857142857143,0.15349315006900216
12,18,2,0,0.36363636363636365,0.1514332633150047
12,19,0,2,1.0,0.15216636343486165
12,19,1,1,1.0,0.2237721472321816
12,19,3,3,0.8636363636363636,0.14006024065565653
12,19,2,0,0.625,0.22300480507312126
12,20,0,1,0.7058823529411765,0.13327641136731397
12,20,1,3,0.6962025316455697,0.22265620512423517
12,20,2,2,0.25,0.1921208565681626
12,20,3,0,0.2,0.09146218467868815
12,21,0,0,0.9387755102040817,0.14899270648902085
12,21,1,2,0.9,0.2269190979329061
12,21,2,1,0.5555555555555556,0.19072679012719748
12,21,3,3,0.5357142857142857,0.1400293970858794
12,22,1,3,0.704225352112676,0.22739777887782645
12,22,0,1,0.6428571428571429,0.14679796715738666
12,22,3,2,0.23529411764705882,0.09516331265985807
12,22,2,0,0.2222222222222222,0.15540808972067682
12,23,1,0,0.855072463768116,0.21887591852943103
12,23,0,2,0.8301886792452831,0.1433823885044876
12,23,2,3,0.3333333333333333,0.24705008460175476
12,23,3,1,0.20833333333333334,0.1036667716648431
12,24,1,3,0.676923076923077,0.2284956647691511
12,24,0,2,0.6730769230769231,0.14228578364246144
12,24,3,1,0.34285714285714286,0.13653826678232803
12,24,2,0,0.2777777777777778,0.151926444815391
12,25,2,1,0.5555555555555556,0.19072679012719748
12,25,1,0,0.4878048780487805,0.18967631056984482
12,25,3,2,0.045454545454545456,0.1712678110484573
13,14,0,3,0.7469879518072289,0.21486055876624446
13,14,2,1,0.7037037037037037,0.13192391299410808
13,14,1,2,0.4,0.13476212771621512
13,14,3,0,0.15384615384615385,0.07670029297529073
13,15,0,0,0.825,0.20645963031786763
13,15,2,2,0.5098039215686274,0.13866509394637258
13,15,1,3,0.4444444444444444,0.1439536853156182
13,15,3,1,0.2,0.1334524082220597
13,16,0,1,0.9041095890410958,0.21089458459547206
13,16,2,3,0.8627450980392157,0.13884875876555644
13,16,1,0,0.4444444444444444,0.13064952411012132
13,16,3,2,0.1875,0.19628625752159592
13,17,2,3,0.7894736842105263,0.1371449484233102
13,17,0,1,0.625,0.22098201400843853
13,17,1,0,0.5,0.1332317393106962
13,17,3,2,0.10344827586206896,0.15975564461766098
13,18,2,2,0.8070175438596491,0.14403786155285528
13,18,0,1,0.7391304347826086,0.21101004940287096
13,18,1,0,0.5454545454545454,0.11725082178646835
13,18,3,3,0.18181818181818182,0.19042268088397604
13,19,2,2,0.9019607843137255,0.1480224880262525
13,19,0,1,0.8823529411764706,0.21593437924730374
13,19,1,0,0.5,0.12763599665023115
13,19,3,3,0.18181818181818182,0.1444790400856211
13,20,1,0,0.875,0.15159097449554468
13,20,2,1,0.7358490566037735,0.1315454305449121
13,20,0,3,0.7317073170731707,0.2161251195823426
13,20,3,2,0.4166666666666667,0.2140133601209692
13,21,2,0,0.9607843137254902,0.14635640495306498
13,21,0,2,0.7941176470588235,0.2190912566172783
13,21,1,1,0.6,0.12771515528977723
13,21,3,3,0.16666666666666666,0.1603456597504973
13,22,0,3,0.7432432432432432,0.22051610960360984
13,22,2,1,0.6724137931034483,0.14465417918604104
13,22,1,0,0.3,0.12401487865804948
13,22,3,2,0.17391304347826086,0.1260133253799832
13,23,3,3,1.0,0.29734504322384786
13,23,0,0,0.9428571428571428,0.21265413400185174
13,23,2,2,0.8888888888888888,0.14110794030300913
13,23,1,1,0.75,0.152005892739019
13,24,2,2,0.6727272727272727,0.13942747799562444
13,24,0,3,0.625,0.22098201400843853
13,24,1,0,0.3157894736842105,0.09396037224155876
13,24,3,1,0.10344827586206896,0.15975564461766098
13,25,1,1,0.6,0.12771515528977723
13,25,0,0,0.5528455284552846,0.18504233833629763
13,25,2,2,0.0196078431372549,0.14919112519120928
14,15,3,0,0.7415730337078652,0.21234377063844345
14,15,2,3,0.625,0.2476262659000692
14,15,1,2,0.4888888888888889,0.12550983099363763
14,15,0,1,0.19230769230769232,0.06979896068993674
14,16,3,1,0.8048780487804879,0.2165724828740983
14,16,1,3,0.6346153846153846,0.12615353823006673
14,16,2,0,0.4444444444444444,0.16576191743030155
14,16,0,2,0.25,0.0761603831767234
14,17,1,3,0.7037037037037037,0.12528046312097055
14,17,3,1,0.575,0.22760159854438008
14,17,2,0,0.5,0.20220533202911142
14,17,0,2,0.1,0.06242350692098686
14,18,1,2,0.631578947368421,0.1304373223471728
14,18,3,1,0.6125,0.21631371584818884
14,18,2,0,0.3076923076923077,0.1399069005389152
14,18,0,3,0.125,0.06875640585162823
14,19,1,2,0.7058823529411765,0.13425038579022902
14,19,3,1,0.691358024691358,0.22102596392817042
14,19,2,0,0.6666666666666666,0.2092985028545571
14,19,0,3,0.2857142857142857,0.08344131609901013
14,20,3,3,0.961038961038961,0.22363365231832116
14,20,1,1,0.9523809523809523,0.1234321320673228
14,20,2,0,0.5,0.15488574862244356
14,20,0,2,0.2857142857142857,0.08376239928404931
14,21,1,0,0.6981132075471698,0.13247600522101902
14,21,3,2,0.6172839506172839,0.2244442294782361
14,21,2,1,0.45454545454545453,0.1650841772667128
14,21,0,3,0.11538461538461539,0.06477341150295637
14,22,3,3,0.7922077922077922,0.2275755089835462
14,22,1,1,0.6111111111111112,0.13206063932882509
14,22,2,0,0.4444444444444444,0.20071423783289438
14,22,0,2,0.2727272727272727,0.06772339079854836
14,23,3,0,0.7469879518072289,0.217637962170867
14,23,1,2,0.6727272727272727,0.12812803008883705
14,23,2,1,0.4,0.1536028506922831
14,23,0,3,0.15384615384615385,0.07670029297529073
14,24,1,2,0.6078431372549019,0.12757547064746178
14,24,3,3,0.575,0.22760159854438008
14,24,2,0,0.25,0.15375491917321452
14,24,0,1,0.1,0.06242350692098686
14,25,3,0,0.6129032258064516,0.19130740602452642
14,25,2,1,0.45454545454545453,0.1650841772667128
14,25,1,2,0.0,0.12764080385077267
15,16,0,1,0.8395061728395061,0.20793133668992808
15,16,2,3,0.5217391304347826,0.1327846031552222
15,16,3,0,0.5,0.17158544946666304
15,16,1,2,0.16666666666666666,0.11772388935807344
15,17,3,0,0.75,0.21740115495747672
15,17,0,1,0.6075949367088608,0.21889783343670313
15,17,2,3,0.4807692307692308,0.1317528703626368
15,17,1,2,0.14285714285714285,0.12510537507910116
15,18,0,1,0.6666666666666666,0.2081443190960549
15,18,2,2,0.5,0.1388885858629864
15,18,3,0,0.45454545454545453,0.15223826191063583
15,18,1,3,0.2,0.13928615735327426
15,19,0,1,0.7692307692307693,0.21246426340910837
15,19,2,2,0.5652173913043478,0.14161695447951758
15,19,3,0,0.5555555555555556,0.19699754916783171
15,19,1,3,0.3125,0.11825639181996063
15,20,0,3,0.7272727272727273,0.213612225898276
15,20,2,1,0.4888888888888889,0.12474645433291177
15,20,3,0,0.4,0.14563490814589478
15,20,1,2,0.13793103448275862,0.115830419747737
15,21,0,2,0.6923076923076923,0.2158741019077682
15,21,3,1,0.6666666666666666,0.18345488578205113
15,21,2,0,0.5306122448979592,0.13890623523215817
15,21,1,3,0.2222222222222222,0.12308661396654583
15,22,0,3,0.6746987951807228,0.2176230446545762
15,22,2,1,0.5,0.14051084912952894
15,22,1,2,0.34375,0.10271659097247542
15,22,3,0,0.3333333333333333,0.17757620414056033
15,23,0,0,0.825,0.20906290404649203
15,23,2,2,0.4807692307692308,0.13430236149328967
15,23,3,1,0.4444444444444444,0.15654158069009733
15,23,1,3,0.2,0.1334524082220597
15,24,0,3,0.6075949367088608,0.21889783343670313
15,24,2,2,0.4888888888888889,0.13638381472565408
15,24,3,0,0.3333333333333333,0.14781081433421317
15,24,1,1,0.14285714285714285,0.12510537507910116
15,25,3,1,0.6666666666666666,0.18345488578205113
15,25,0,0,0.6209677419354839,0.18400660680865175
15,25,1,2,0.043478260869565216,0.17706685453705767
16,17,3,3,0.7592592592592593,0.13081908735515105
16,17,1,1,0.6666666666666666,0.22322668213087957
16,17,0,0,0.4,0.1390140054840171
16,17,2,2,0.027777777777777776,0.1386839024410109
16,18,3,2,0.7454545454545455,0.1364781083692045
16,18,1,1,0.7323943661971831,0.21241948724267665
16,18,0,0,0.3333333333333333,0.10965389003715333
16,18,2,3,0.06896551724137931,0.15888890061155864
16,19,1,1,0.8194444444444444,0.21671466933595604
16,19,3,2,0.7647058823529411,0.140043093132675
16,19,0,0,0.4,0.1327817354535827
16,19,2,3,0.10714285714285714,0.1195213859827976
16,20,1,3,0.7682926829268293,0.21766492953841188
16,20,3,1,0.6666666666666666,0.12587669521209033
16,20,0,0,0.4,0.12657827589428727
16,20,2,2,0.15789473684210525,0.16023441344763267
16,21,3,0,0.8235294117647058,0.1388748977846171
16,21,1,2,0.7361111111111112,0.2201806288253159
16,21,0,1,0.36363636363636365,0.11439029964444203
16,21,2,3,0.06451612903225806,0.13713096391689433
16,22,1,3,0.7837837837837838,0.22250483739935883
16,22,3,1,0.6666666666666666,0.13800956259765879
16,22,0,0,0.5,0.16877048462391459
16,22,2,2,0.3333333333333333,0.11855966079628859
16,23,1,0,0.9041095890410958,0.2136392646633591
16,23,3,2,0.7924528301886793,0.13437374803541852
16,23,0,1,0.4444444444444444,0.14244943083471537
16,23,2,3,0.1875,0.19628625752159592
16,24,3,2,0.7,0.13307577749629368
16,24,1,3,0.6666666666666666,0.22322668213087957
16,24,2,0,0.30434782608695654,0.13807548154991897
16,24,0,1,0.06896551724137931,0.09925034656039476
16,25,1,0,0.5772357723577236,0.18650953267454987
16,25,0,1,0.36363636363636365,0.11439029964444203
16,25,3,2,0.022727272727272728,0.1456749142635048
17,18,3,2,0.8070175438596491,0.13699962247441005
17,18,1,1,0.7719298245614035,0.226424440264268
17,18,2,3,0.5714285714285714,0.19274897626647078
17,18,0,0,0.5,0.13679569664095598
17,19,3,2,0.7636363636363637,0.13937852459373376
17,19,1,1,0.676923076923077,0.2284956647691511
17,19,0,0,0.6,0.1749519530537325
17,19,2,3,0.3333333333333333,0.14482693796633608
17,20,3,1,0.7358490566037735,0.1249031676318406
17,20,1,3,0.5974025974025974,0.2291993954272897
17,20,0,0,0.45454545454545453,0.13418048436859914
17,20,2,2,0.25,0.15301417355713912
17,21,3,0,0.7857142857142857,0.13752559901475253
17,21,1,2,0.7166666666666667,0.23366740212938902
17,21,0,1,0.7,0.1588229921938734
17,21,2,3,0.5862068965517241,0.17035907781782467
17,22,3,1,0.6724137931034483,0.13741299534237075
17,22,1,3,0.6176470588235294,0.23502851172274422
17,22,0,0,0.2727272727272727,0.14797127618040748
17,22,2,2,0.15384615384615385,0.10790633170648822
17,23,3,2,0.8214285714285714,0.13361122763396155
17,23,0,1,0.6666666666666666,0.1605298036986984
17,23,1,0,0.647887323943662,0.22446321542332118
17,23,2,3,0.10344827586206896,0.159755644617661
17,24,2,1,1.0,0.18451680059867287
17,24,1,3,1.0,0.24188383295874438
17,24,3,2,0.803921568627451,0.13427210663400344
17,24,0,0,0.4444444444444444,0.14077644059818573
17,25,0,1,0.7,0.1588229921938734
17,25,1,0,0.3983739837398374,0.19561101341621742
17,25,2,2,0.0,0.17315743739852915
18,19,1,1,0.8064516129032258,0.21796716888664208
18,19,2,2,0.7818181818181819,0.14616021106715243
18,19,0,0,0.5,0.13503653416689385
18,19,3,3,0.46153846153846156,0.16368045212491564
18,20,2,1,0.6607142857142857,0.13006157913295757
18,20,1,3,0.6363636363636364,0.21791202476626675
18,20,0,0,0.5,0.11497647286781673
18,20,3,2,0.3181818181818182,0.17397990186395668
18,21,2,0,0.8363636363636363,0.14473121413629134
18,21,1,2,0.7966101694915254,0.22227280232310268
18,21,0,1,0.7272727272727273,0.13482550794042386
18,21,3,3,0.6,0.18912168162038415
18,22,2,1,0.7192982456140351,0.144590668006931
18,22,1,3,0.6865671641791045,0.2232191558168465
18,22,0,2,0.30434782608695654,0.0911404831638394
18,22,3,0,0.08695652173913043,0.15438201950213928
18,23,2,2,0.7758620689655172,0.1393081913478866
18,23,1,0,0.7647058823529411,0.2141001707040202
18,23,0,1,0.4166666666666667,0.1145273934527302
18,23,3,3,0.18181818181818182,0.19042268088397604
18,24,1,3,0.7719298245614035,0.226424440264268
18,24,2,2,0.7547169811320755,0.14051289293501446
18,24,3,1,0.5714285714285714,0.19274897626647078
18,24,0,0,0.5555555555555556,0.12239592346755583
18,25,0,1,0.7272727272727273,0.13482550794042386
18,25,1,0,0.42276422764227645,0.18618202073433243
18,25,2,2,0.019230769230769232,0.15060123641096632
19,20,2,1,0.7058823529411765,0.13327641136731397
19,20,1,3,0.6962025316455697,0.22265620512423517
19,20,0,0,0.45454545454545453,0.1284042730808632
19,20,3,2,0.20833333333333334,0.1327201305614918
19,21,2,0,0.9387755102040817,0.14899270648902085
19,21,1,2,0.9,0.2269190979329061
19,21,0,1,0.7,0.15910947722299895
19,21,3,3,0.5384615384615384,0.1491418639351185
19,22,1,3,0.704225352112676,0.22739777887782645
19,22,2,1,0.6428571428571429,0.14679796715738666
19,22,0,0,0.2727272727272727,0.14133600420775952
19,22,3,2,0.18181818181818182,0.09782291638695258
19,23,1,0,0.855072463768116,0.21887591852943103
19,23,2,2,0.8301886792452831,0.1433823885044876
19,23,0,1,0.5,0.1408689008534983
19,23,3,3,0.18181818181818182,0.1444790400856211
19,24,1,3,0.676923076923077,0.2284956647691511
19,24,2,2,0.6730769230769231,0.14228578364246144
19,24,0,0,0.3684210526315789,0.13000778777801467
19,24,3,1,0.3333333333333333,0.14482693796633606
19,25,0,1,0.7,0.15910947722299895
19,25,1,0,0.4878048780487805,0.18967631056984482
19,25,3,2,0.05263157894736842,0.18399340195681008
20,21,1,0,0.7307692307692307,0.13215603405570162
20,21,3,2,0.620253164556962,0.2260208991088732
20,21,0,1,0.5454545454545454,0.12486771654170764
20,21,2,3,0.19230769230769232,0.14757990099453203
20,22,3,3,0.8,0.22893098242777013
20,22,1,1,0.6111111111111112,0.13125841238151134
20,22,0,0,0.4,0.1428019727218163
20,22,2,2,0.30434782608695654,0.11926692506565903
20,23,3,0,0.7317073170731707,0.21894464690435375
20,23,1,2,0.7037037037037037,0.1277244926041505
20,23,0,1,0.6666666666666666,0.14439589250603393
20,23,2,3,0.4166666666666667,0.2140133601209692
20,24,1,2,0.6078431372549019,0.1266292677614398
20,24,3,3,0.5974025974025974,0.2291993954272897
20,24,0,0,0.3,0.10063198109880084
20,24,2,1,0.25,0.15301417355713912
20,25,3,0,0.5887096774193549,0.1924226747477531
20,25,0,1,0.5454545454545454,0.12486771654170764
20,25,2,2,0.0,0.11547080033465344
21,22,0,1,0.6666666666666666,0.144881781733002
21,22,2,3,0.6428571428571429,0.23108763578259783
21,22,1,2,0.2608695652173913,0.0878967424504458
21,22,3,0,0.08,0.1360168601031097
21,23,0,2,0.8518518518518519,0.14138217424302077
21,23,2,0,0.7681159420289855,0.22206856296551686
21,23,1,1,0.45454545454545453,0.1202340696664141
21,23,3,3,0.16666666666666666,0.1603456597504973
21,24,2,3,0.7166666666666667,0.23366740212938905
21,24,0,2,0.6666666666666666,0.13956442502324834
21,24,3,1,0.5862068965517241,0.17035907781782467
21,24,1,0,0.5,0.11705906140799396
21,25,1,1,1.0,0.1593402942250711
21,25,2,0,0.43902439024390244,0.19274606351662485
21,25,0,2,0.02040816326530612,0.15178407706684394
22,23,3,0,0.7671232876712328,0.22373128979509102
22,23,1,2,0.6724137931034483,0.1406513110001254
22,23,0,1,0.3,0.14091673360089207
22,23,2,3,0.17391304347826086,0.1260133253799832
22,24,1,2,0.74,0.14196735523559845
22,24,3,3,0.6176470588235294,0.23502851172274422
22,24,2,0,0.46153846153846156,0.10933292525007139
22,24,0,1,0.06896551724137931,0.13813596956209376
22,25,3,0,0.4959349593495935,0.19502027780353653
22,25,2,1,0.2608695652173913,0.0878967424504458
22,25,1,2,0.021739130434782608,0.1482369202650175
23,24,2,2,0.7037037037037037,0.13602893708778135
23,24,0,3,0.647887323943662,0.22446321542332118
23,24,1,0,0.3157894736842105,0.11227973333714387
23,24,3,1,0.10344827586206896,0.15975564461766098
23,25,0,0,0.5528455284552846,0.1870436662788702
23,25,1,1,0.45454545454545453,0.12023406966641409
23,25,2,2,0.0,0.12566924709320923
24,25,0,1,0.5,0.11705906140799394
24,25,3,0,0.3983739837398374,0.19561101341621742
24,25,2,2,0.0,0.11251365121523187
