ER,UBQ4,GPX1,AT5G06940,MYB68,TGG2,PR1,AT4G16610,ACS2,PR4,TBL9,AT2G35790,uL18-L4,AO1,ADA1A,FAD2,LOX1,ARAB-1,PLL16,TGG1,ABCC2,AIG1,AT-P4H-1,AIM1,CYP71B6,PLC8,PETE1,PDF1.2,ICK1,ATR2,PLDALPHA1,SEH,UGT88A1,TBL15,EXO70A3,GSTU19,HCHIB,NIA2,RNS1,MPPalpha,PRK,cPGK2,AAS,HPL1,GPX2,ATRABE1B,ACX2,CCR1,PKT3,PME1,GRF7,NDR1,MPK3,WIN2,URE,CAD9,GER2,OXR2,PLDBETA1,LAZ5,VEP1,RNS2,LHB1B2,APX1,AT3G15350,GS2,MFP2,RBCS1B,WRKY11,ECS1,ROF1,NDPK1,FAH1,FSD1,NIT2,PR5,MEKK1,TCH2,TCH3
1.0,0.05610833565260587,0.10870870960029566,0.08700642818841742,0.2900918912263153,0.3296737967113643,0.2499878154950057,0.08386112246146749,0.11816573940736308,0.2518669639775293,0.0,0.0,0.0,0.32272903042830536,0.0,0.0,0.24185124207582331,0.0,0.0,0.3389173346183598,0.1305646272630493,0.15966163921846876,0.023862243453215526,0.1704585091491071,0.10537299361170938,0.1595193439783138,0.0,0.18882871339584717,0.20125435210794496,0.0,0.30736991256574875,0.10782053855069662,0.0,0.10456468995813917,0.0956389472255752,0.14843612381133076,0.21374303987447718,0.17652310197725496,0.18108421910935024,0.0,0.12361115697369107,0.116675446919844,0.11992945399316823,0.1219484076060936,0.10870870960029566,0.16221854295317506,0.0324387280966798,0.13845631415211757,0.16005370945597586,0.08894818392984605,0.26518118820577374,0.33343088671013255,0.32327733507485146,0.3017344430219029,0.06938655318789877,0.0591307357847467,0.0,0.10870870960029566,0.1933615690741335,0.2099313062857726,0.17323860567168348,0.11823889469906645,0.042292062110211304,0.1816435463389835,0.0,0.09258457477304738,0.027354116763744885,0.0,0.3862515111607012,0.21104622417976981,0.2554494285147062,0.07234398093602368,0.1868434660181023,0.12240145788087309,0.1545778788015476,0.2400645402253907,0.23334545484714186,0.3029382943232535,0.1467624659106318
0.05610833565260587,1.0,0.07703011684798544,0.1688760988324216,0.04429315761763519,0.12305563448702317,0.11082736776424151,0.02421728278911628,0.17599975237029042,0.04331310275608946,0.0,0.0,0.0,0.11105386085236058,0.0,0.0,0.1149920055805177,0.0,0.0,0.11533259791703387,0.09251355087014768,0.03896879322803781,0.22019629391635476,0.09834635203714481,0.1826596829860352,0.07969161865644458,0.0,0.04596826266522802,0.02964499147088928,0.0,0.12693796901329235,0.04294467225957099,0.0,0.245002391006797,0.08027704226032761,0.15498105950209862,0.03985180404007771,0.1352244000283559,0.20027632424649255,0.0,0.04225355178155865,0.11289565508664945,0.10824798495770016,0.15067549994536478,0.07703011684798544,0.08276599443051891,0.15336565168581107,0.10992680293251,0.12224140396934546,0.06685391633237203,0.05787927025917827,0.05199319264569924,0.10450131753661118,0.2576370985894185,0.19848137222664897,0.14260925506857458,0.0,0.07703011684798544,0.19017984323194692,0.05537835436217431,0.20227913405055853,0.3019172413381721,0.11717578901100212,0.14876630231021026,0.0,0.1043086264087687,0.1395238678189631,0.0,0.03827899076441832,0.04464467507990988,0.059869242156837976,0.0640721214334361,0.15145254691456722,0.061828953811732146,0.05606123705192334,0.044483983752881096,0.1206446187416007,0.045598488873778376,0.05903304022340916
0.10870870960029566,0.07703011684798544,1.0,0.14382920282164935,0.12703445085868348,0.13486500046719552,0.21040828755191432,0.024375937539635628,0.1382552340149399,0.17777786019912867,0.0,0.0,0.0,0.14066213105946013,0.0,0.0,0.1562725423930188,0.0,0.0,0.13391232633937544,0.12389138392172705,0.1272436074446347,0.0414755293083221,0.040966918484946824,0.1549741037196476,0.16148054568340997,0.0,0.20634705041115864,0.06525150312249028,0.0,0.08949056319116488,0.26926200653933163,0.0,0.1014401428907068,0.11690090821452126,0.3193304329516191,0.17466736251834258,0.12828437288422623,0.3283624389395223,0.0,0.23297726323327572,0.052580683150173835,0.18555954689211152,0.19547061296579293,1.0,0.08212475830579313,0.04556699783106122,0.15834398347895773,0.11416262870379223,0.4518252085405985,0.12226655339756731,0.22658130897864615,0.1922261749257459,0.12489468767561518,0.11957029425502108,0.09462692390623562,0.0,1.0,0.14654649378560325,0.22539577368557118,0.17009992706700205,0.0665180812965761,0.06584780316790939,0.30104407843647263,0.0,0.20005765330656533,0.04482063811413861,0.0,0.12880028075436956,0.1838298755396991,0.2444290132253507,0.6032981648756048,0.0900805564316085,0.25947640622937684,0.15056841299683266,0.15674679246338163,0.19098436475836755,0.19953645418162358,0.24058756661512903
0.08700642818841742,0.1688760988324216,0.14382920282164935,1.0,0.07094425457825893,0.1457088884877401,0.11564657706262715,0.030807082959033116,0.18701371334453398,0.07557796979143805,0.0,0.0,0.0,0.16711920576696015,0.0,0.0,0.11414763420590424,0.0,0.0,0.13689529211429552,0.1638365887214377,0.07520011750018363,0.08345215418955831,0.06808622324246583,0.3762166329382288,0.1110790801307382,0.0,0.07988541464055199,0.03740945564619391,0.0,0.13084345533641484,0.07990424448674782,0.0,0.18580174395072324,0.15138971023063275,0.20959169251770615,0.05902462574414902,0.22506693815882683,0.16867930001262765,0.0,0.08347599250020388,0.10296280825285431,0.0867057937529867,0.12306290845179835,0.14382920282164935,0.11293501420480756,0.09769910029053852,0.15178555502641933,0.102136353535482,0.09685453953107104,0.08272284549341147,0.08028573599248157,0.12788022809603383,0.2342392292397264,0.26415860342377706,0.2083716958221582,0.0,0.14382920282164935,0.267272861344636,0.08395867843436577,0.23329928970271963,0.13474786555257356,0.1560850791620022,0.186560239757952,0.0,0.09467706358804862,0.09156718876607339,0.0,0.0612441875434091,0.07805253272527535,0.09407219808506628,0.09206517287194194,0.1793887584737789,0.0963930908471502,0.07546159162173127,0.07300080492667027,0.13105853832280068,0.07662688944117046,0.08801445090588389
0.2900918912263153,0.04429315761763519,0.12703445085868348,0.07094425457825893,1.0,0.24423018143434172,0.4038589269342303,0.10269054274277323,0.23320198603047504,0.1442430534449317,0.0,0.0,0.0,0.2593102619960672,0.0,0.0,0.2917174954212416,0.0,0.0,0.23526084056038143,0.07487914204202362,0.08610120192240234,0.020850956375638274,0.133193968933896,0.08712667925727624,0.148442300348555,0.0,0.20272792017064356,0.2957755679498485,0.0,0.2540749304553215,0.3615637643389037,0.0,0.05658084403021868,0.06010828762723541,0.22681059924610436,0.12205445588071573,0.12287368567674495,0.16320215984864905,0.0,0.19111564858980168,0.17974517226279718,0.14853327649287196,0.15138344210193022,0.12703445085868348,0.17918217750148935,0.02646256278983894,0.17732946262496752,0.16058104418062957,0.12081967832445639,0.25836670476990564,0.1731440440950559,0.3152887607357653,0.2389727388693057,0.05586568932133118,0.04967641185575011,0.0,0.12703445085868348,0.097054952653162,0.11086956189375263,0.19082061298571973,0.11293300400242035,0.03881521985619418,0.18085337025236714,0.0,0.13200404054295112,0.023075975144440264,0.0,0.2250550080140915,0.18581280452565774,0.27762752504230814,0.1098003163002299,0.13721424897350532,0.2097217427467153,0.11600782756770622,0.19014372397062484,0.3511065519496597,0.32030453727291563,0.19924531694692238
0.3296737967113643,0.12305563448702317,0.13486500046719552,0.1457088884877401,0.24423018143434172,1.0,0.3123241833261926,0.0684154216034838,0.1894045683582637,0.43222160326949277,0.0,0.0,0.0,0.35490459516143336,0.0,0.0,0.41079351122228036,0.0,0.0,0.9769723453933981,0.09994230740365362,0.2535453591508523,0.11370966944941718,0.1215470553104605,0.165152033561194,0.13389096331468908,0.0,0.44214874474690724,0.21029700905715742,0.0,0.41193254468747265,0.23688348149815375,0.0,0.10629537957959989,0.08598475498346159,0.251667435871646,0.2553931638425151,0.309309730461621,0.19895430859183372,0.0,0.1364086236884039,0.13117953524445358,0.2053656171309104,0.24871706834965845,0.13486500046719552,0.07172446009164335,0.13737466749389415,0.16868263825739493,0.20943695038126786,0.10219514237867466,0.16221625159546704,0.423760499069356,0.2892037694351025,0.31622545207700736,0.1871426976108208,0.10234460775181253,0.0,0.13486500046719552,0.28741685778595993,0.3232724008531279,0.2006273833678387,0.1555914881710766,0.06659589592871984,0.21574644748643568,0.0,0.19972701214879152,0.11907929237904846,0.0,0.4014369951259552,0.2655024183207354,0.1807254853272161,0.10975155711280704,0.21569038618035252,0.18512103899564025,0.2849516029901109,0.3238875259008145,0.2249942940109365,0.38873203482790175,0.1614966094258652
0.2499878154950057,0.11082736776424151,0.21040828755191432,0.11564657706262715,0.4038589269342303,0.3123241833261926,1.0,0.059139146639697326,0.31423250537063685,0.4038491399314682,0.0,0.0,0.0,0.24015671936532468,0.0,0.0,0.3556140694872658,0.0,0.0,0.3228351961535789,0.12354212526674824,0.20428554445209257,0.04118758762297414,0.11684097420335704,0.1522145013994589,0.15133085035016536,0.0,0.4446776876596038,0.1546297081796587,0.0,0.21645555131181604,0.35588893229632057,0.0,0.13241042504735712,0.08444503062449715,0.3323646579910129,0.2649067127477738,0.2568205381212061,0.33671212990038524,0.0,0.24869538785721168,0.13637452039127795,0.2743507668238597,0.27995747255390235,0.21040828755191432,0.07771784153172345,0.04849011100535916,0.28066742493045527,0.2605778883091294,0.17234447084228477,0.20281783347441396,0.4781103594022479,0.4044109397874689,0.3080642474424531,0.09365034624170754,0.11703050958047745,0.0,0.21040828755191432,0.25049222921262415,0.32817859751045786,0.2799113275512912,0.12152820796512831,0.05818537224689879,0.30254756163861374,0.0,0.18659309090517828,0.04171788206033711,0.0,0.3579665286972904,0.37558260959187995,0.3335883199674454,0.15879498539571557,0.198004374779282,0.2618341667269941,0.2338480477161584,0.40394704624886124,0.36370517782199774,0.36914126652573653,0.25153589130728315
0.08386112246146749,0.02421728278911628,0.024375937539635628,0.030807082959033116,0.10269054274277323,0.0684154216034838,0.059139146639697326,1.0,0.025246531205123657,0.027478535443028362,0.0,0.0,0.0,0.07466731458005293,0.0,0.0,0.02550822790031504,0.0,0.0,0.06329354444521151,0.026744677985771403,0.027440404337305657,0.01780781977842938,0.021847391209806832,0.03304386672132298,0.10958496566212206,0.0,0.028468667968490458,0.10586858875450456,0.0,0.07187358660603205,0.028587957364356043,0.0,0.025466947915711358,0.025317619534929392,0.02777206538624233,0.07096129721645861,0.02802265882441446,0.026497426055169027,0.0,0.02952666595481168,0.05137793435665827,0.02654368120155659,0.03065189976558047,0.024375937539635628,0.026971499063354498,0.019354315911361497,0.031181502336582345,0.047944673540354144,0.021382034536344685,0.25809126127399473,0.02522380308282801,0.05679896978625887,0.08828670491249324,0.025867230723020218,0.025602470238339392,0.0,0.024375937539635628,0.02373766172886449,0.023383363180159322,0.03159534445619849,0.11164066304980558,0.02751895152794681,0.02565921286431705,0.0,0.027099809008830134,0.019191523119231668,0.0,0.28440361822746896,0.02882451983388945,0.02977966282857525,0.020552234682335024,0.04934772387735764,0.029371922555687546,0.032818785586225085,0.12263376925276004,0.05232545176063719,0.057649185234498246,0.029355993031235816
0.11816573940736308,0.17599975237029042,0.1382552340149399,0.18701371334453398,0.23320198603047504,0.1894045683582637,0.31423250537063685,0.025246531205123657,1.0,0.12853297233330274,0.0,0.0,0.0,0.23912206539147374,0.0,0.0,0.26738445790482723,0.0,0.0,0.18534253163430647,0.13438310865355418,0.07070253607399268,0.1773711963940925,0.1338327931323997,0.23347039535010827,0.08893858090194984,0.0,0.18261239902182524,0.07896881606182993,0.0,0.18398184437171672,0.3127973139486674,0.0,0.17978988179875477,0.10065712247133674,0.30392238914956204,0.0932265422291898,0.2618152057713945,0.22656701359130138,0.0,0.15990858989591739,0.13707230011300464,0.20621608310677975,0.23771617361745911,0.1382552340149399,0.08924045530987501,0.16623744855590694,0.23612270485795406,0.2113368695273905,0.12740184368112628,0.13287119430748218,0.16002129155004252,0.2257945283811954,0.17014997490827732,0.1546861752516111,0.17094815854847079,0.0,0.1382552340149399,0.1728207594655089,0.10427477806562213,0.2957324150870959,0.13843203121195458,0.1086548113392416,0.27778975969164477,0.0,0.20570201186937798,0.12359838980959637,0.0,0.10960456882742453,0.15477636293844022,0.21670070652798767,0.11707186570865458,0.2410987731375881,0.196825923191288,0.19053623218992666,0.1286045460999744,0.26738381781617526,0.23510007055339754,0.18380398244760277
0.2518669639775293,0.04331310275608946,0.17777786019912867,0.07557796979143805,0.1442430534449317,0.43222160326949277,0.4038491399314682,0.027478535443028362,0.12853297233330274,1.0,0.0,0.0,0.0,0.2105938058809591,0.0,0.0,0.38243138577412483,0.0,0.0,0.479684417268041,0.09261835162551835,0.6025506491725102,0.02013310680120972,0.0657833631960012,0.11060666704780964,0.09475266053489817,0.0,0.7350555672489979,0.1429015637299358,0.0,0.14603307730939274,0.35735425272545074,0.0,0.058828046667455225,0.07184037347644223,0.21776633341402096,0.5981795470058396,0.34077401856827105,0.19758611415249816,0.0,0.21650429980395203,0.04192806504273383,0.2219227343474055,0.2245214234294104,0.17777786019912867,0.054414278918780146,0.02444160677012641,0.18613997162874307,0.15529912220551068,0.13217558519847272,0.12675869835852205,0.6591313298729734,0.2697256362497804,0.4232526312990418,0.060855383879230174,0.04877418139348322,0.0,0.17777786019912867,0.473319966821625,0.6598934735132939,0.19529090632778645,0.04095495070960253,0.034718766261056855,0.16599180703151295,0.0,0.23067906588038523,0.022149849641007524,0.0,0.5572220105746397,0.5062595303518593,0.2208786258847959,0.12059694142290844,0.08287220473107793,0.2482298010818308,0.5041269662981507,0.6732374219417011,0.22719097889314244,0.39791114974930597,0.2507831688752371
0.0,0.0,0.0,0.0,0.0,0.0,0.0,0.0,0.0,0.0,1.0,0.0,0.0,0.0,0.0,0.0,0.0,0.0,0.0,0.0,0.0,0.0,0.0,0.0,0.0,0.0,0.0,0.0,0.0,0.0,0.0,0.0,0.0,0.0,0.0,0.0,0.0,0.0,0.0,0.0,0.0,0.0,0.0,0.0,0.0,0.0,0.0,0.0,0.0,0.0,0.0,0.0,0.0,0.0,0.0,0.0,0.0,0.0,0.0,0.0,0.0,0.0,0.0,0.0,0.0,0.0,0.0,0.0,0.0,0.0,0.0,0.0,0.0,0.0,0.0,0.0,0.0,0.0,0.0
0.0,0.0,0.0,0.0,0.0,0.0,0.0,0.0,0.0,0.0,0.0,1.0,0.0,0.0,0.0,0.0,0.0,0.0,0.0,0.0,0.0,0.0,0.0,0.0,0.0,0.0,0.0,0.0,0.0,0.0,0.0,0.0,0.0,0.0,0.0,0.0,0.0,0.0,0.0,0.0,0.0,0.0,0.0,0.0,0.0,0.0,0.0,0.0,0.0,0.0,0.0,0.0,0.0,0.0,0.0,0.0,0.0,0.0,0.0,0.0,0.0,0.0,0.0,0.0,0.0,0.0,0.0,0.0,0.0,0.0,0.0,0.0,0.0,0.0,0.0,0.0,0.0,0.0,0.0
0.0,0.0,0.0,0.0,0.0,0.0,0.0,0.0,0.0,0.0,0.0,0.0,1.0,0.0,0.0,0.0,0.0,0.0,0.0,0.0,0.0,0.0,0.0,0.0,0.0,0.0,0.0,0.0,0.0,0.0,0.0,0.0,0.0,0.0,0.0,0.0,0.0,0.0,0.0,0.0,0.0,0.0,0.0,0.0,0.0,0.0,0.0,0.0,0.0,0.0,0.0,0.0,0.0,0.0,0.0,0.0,0.0,0.0,0.0,0.0,0.0,0.0,0.0,0.0,0.0,0.0,0.0,0.0,0.0,0.0,0.0,0.0,0.0,0.0,0.0,0.0,0.0,0.0,0.0
0.32272903042830536,0.11105386085236058,0.14066213105946013,0.16711920576696015,0.2593102619960672,0.35490459516143336,0.24015671936532468,0.07466731458005293,0.23912206539147374,0.2105938058809591,0.0,0.0,0.0,1.0,0.0,0.0,0.3901507746470274,0.0,0.0,0.34035082821379237,0.15819687107024594,0.09442432973642745,0.04507664929584054,0.11441962757890334,0.24070808616151118,0.1827963341445159,0.0,0.41505676378733525,0.2360000379803575,0.0,0.37148394855659506,0.2573509087227879,0.0,0.2917482470822015,0.10463289746426241,0.21952264579944303,0.16333632264893094,0.21520348214373874,0.17260643235191375,0.0,0.10022909803226698,0.1247269953466279,0.11455458285284614,0.12757997520490705,0.14066213105946013,0.11703050376123236,0.06396379010738684,0.1575647144016349,0.151861112218997,0.10216598152875345,0.19425046540563573,0.11785245641432374,0.27409778677762897,0.17923447147749672,0.13172566752123116,0.13165591275020616,0.0,0.14066213105946013,0.10915277867086859,0.10303440265875519,0.2172534485232268,0.13788490692947974,0.08123840672050597,0.24682711514687694,0.0,0.14887612967761787,0.053973483604386696,0.0,0.15210013935489997,0.13502613409630038,0.1440814452004049,0.1288909754299825,0.24384176992186157,0.20392651988604205,0.20851357804120818,0.1654169975613783,0.21897242420166974,0.30230450610949355,0.1350862348534747
0.0,0.0,0.0,0.0,0.0,0.0,0.0,0.0,0.0,0.0,0.0,0.0,0.0,0.0,1.0,0.0,0.0,0.0,0.0,0.0,0.0,0.0,0.0,0.0,0.0,0.0,0.0,0.0,0.0,0.0,0.0,0.0,0.0,0.0,0.0,0.0,0.0,0.0,0.0,0.0,0.0,0.0,0.0,0.0,0.0,0.0,0.0,0.0,0.0,0.0,0.0,0.0,0.0,0.0,0.0,0.0,0.0,0.0,0.0,0.0,0.0,0.0,0.0,0.0,0.0,0.0,0.0,0.0,0.0,0.0,0.0,0.0,0.0,0.0,0.0,0.0,0.0,0.0,0.0
0.0,0.0,0.0,0.0,0.0,0.0,0.0,0.0,0.0,0.0,0.0,0.0,0.0,0.0,0.0,1.0,0.0,0.0,0.0,0.0,0.0,0.0,0.0,0.0,0.0,0.0,0.0,0.0,0.0,0.0,0.0,0.0,0.0,0.0,0.0,0.0,0.0,0.0,0.0,0.0,0.0,0.0,0.0,0.0,0.0,0.0,0.0,0.0,0.0,0.0,0.0,0.0,0.0,0.0,0.0,0.0,0.0,0.0,0.0,0.0,0.0,0.0,0.0,0.0,0.0,0.0,0.0,0.0,0.0,0.0,0.0,0.0,0.0,0.0,0.0,0.0,0.0,0.0,0.0
0.24185124207582331,0.1149920055805177,0.1562725423930188,0.11414763420590424,0.2917174954212416,0.41079351122228036,0.3556140694872658,0.02550822790031504,0.26738445790482723,0.38243138577412483,0.0,0.0,0.0,0.3901507746470274,0.0,0.0,1.0,0.0,0.0,0.41829194788047874,0.09776902603349735,0.18863605937878958,0.058534081625052026,0.2805904560616448,0.1358918033853871,0.09140341063918778,0.0,0.5539025650069181,0.4805249682462174,0.0,0.3937328394781954,0.28462471387531474,0.0,0.13561330968028262,0.0745440474429172,0.2575680658794359,0.20834746531129622,0.22296442348785916,0.2943507873989998,0.0,0.18292546030910306,0.1344093022885886,0.28555212234211247,0.35301519854324614,0.1562725423930188,0.16575325317587297,0.1639961398912433,0.20859325432662468,0.4440541518017722,0.1212541581461658,0.16858557490064707,0.43722218643612565,0.3536543042521607,0.2689318686292306,0.09232008323467322,0.09139801103121581,0.0,0.1562725423930188,0.301038630129673,0.25063092528163167,0.4012005328963437,0.09274823008621103,0.06281434954137877,0.26885161342292796,0.0,0.18979425237803427,0.13042988479697404,0.0,0.34587176970397415,0.3268565644692031,0.32489848519173736,0.12749282203606316,0.20767305102130706,0.2142985776923524,0.2478432109362132,0.2510496066311332,0.39538393217307266,0.41093199199775876,0.18804004119456996
0.0,0.0,0.0,0.0,0.0,0.0,0.0,0.0,0.0,0.0,0.0,0.0,0.0,0.0,0.0,0.0,0.0,1.0,0.0,0.0,0.0,0.0,0.0,0.0,0.0,0.0,0.0,0.0,0.0,0.0,0.0,0.0,0.0,0.0,0.0,0.0,0.0,0.0,0.0,0.0,0.0,0.0,0.0,0.0,0.0,0.0,0.0,0.0,0.0,0.0,0.0,0.0,0.0,0.0,0.0,0.0,0.0,0.0,0.0,0.0,0.0,0.0,0.0,0.0,0.0,0.0,0.0,0.0,0.0,0.0,0.0,0.0,0.0,0.0,0.0,0.0,0.0,0.0,0.0
0.0,0.0,0.0,0.0,0.0,0.0,0.0,0.0,0.0,0.0,0.0,0.0,0.0,0.0,0.0,0.0,0.0,0.0,1.0,0.0,0.0,0.0,0.0,0.0,0.0,0.0,0.0,0.0,0.0,0.0,0.0,0.0,0.0,0.0,0.0,0.0,0.0,0.0,0.0,0.0,0.0,0.0,0.0,0.0,0.0,0.0,0.0,0.0,0.0,0.0,0.0,0.0,0.0,0.0,0.0,0.0,0.0,0.0,0.0,0.0,0.0,0.0,0.0,0.0,0.0,0.0,0.0,0.0,0.0,0.0,0.0,0.0,0.0,0.0,0.0,0.0,0.0,0.0,0.0
0.3389173346183598,0.11533259791703387,0.13391232633937544,0.13689529211429552,0.23526084056038143,0.9769723453933981,0.3228351961535789,0.06329354444521151,0.18534253163430647,0.479684417268041,0.0,0.0,0.0,0.34035082821379237,0.0,0.0,0.41829194788047874,0.0,0.0,1.0,0.10082133524296888,0.3345268239494257,0.10201270192024514,0.12128662698514947,0.16055295515826307,0.13066962578133234,0.0,0.5080880343729779,0.20489029599816277,0.0,0.39459944978395767,0.23072930837962646,0.0,0.10204312255830306,0.08448147484754287,0.24979284455676376,0.28932306168070765,0.33875349027271207,0.20124663879298432,0.0,0.1416494300882034,0.12368001571885223,0.208219096495025,0.24675371980057892,0.13391232633937544,0.07024433334895097,0.12615991750366673,0.1696478819203353,0.21109925661408901,0.10033056367886573,0.1643738869868665,0.44353764128684303,0.3100108265349626,0.3406791313079315,0.17133864323984704,0.09630321564061561,0.0,0.13391232633937544,0.31778856740821415,0.37582918964279255,0.20339279682602984,0.14422979177908402,0.06258814979828009,0.21377742787592846,0.0,0.19924015391648053,0.108283911595632,0.0,0.4371484295840613,0.325913237363592,0.18552085847892297,0.10645389649892711,0.2114395324966929,0.1871303390281731,0.34659615044504377,0.36923583024928297,0.22528251483936534,0.3945761528155831,0.18592665561297206
0.1305646272630493,0.09251355087014768,0.12389138392172705,0.1638365887214377,0.07487914204202362,0.09994230740365362,0.12354212526674824,0.026744677985771403,0.13438310865355418,0.09261835162551835,0.0,0.0,0.0,0.15819687107024594,0.0,0.0,0.09776902603349735,0.0,0.0,0.10082133524296888,1.0,0.09892212692792124,0.04439503268299938,0.07118930786864297,0.2791869041194459,0.21749560209912344,0.0,0.09894855974004746,0.03832939347784148,0.0,0.06801808750865534,0.08324384151322362,0.0,0.12429184430814477,0.3813230851558378,0.15944946958149064,0.0647377062854908,0.14660179155747155,0.1288447203650105,0.0,0.08642887775679109,0.06465505938950689,0.10636791809384538,0.11412682889738157,0.12389138392172705,0.10736362957894818,0.052751072042433234,0.13583788293367727,0.09147577811651475,0.0852231344396851,0.1296761338339868,0.0995091975442185,0.10592174561027468,0.08707525460051146,0.1328182891198667,0.10689636058162943,0.0,0.12389138392172705,0.08588256172245212,0.0927380414100979,0.14639677435088727,0.08072497166918635,0.07520898997007253,0.11990364792909947,0.0,0.08735257690939735,0.048903396381526076,0.0,0.07586317604049597,0.10485847150760885,0.10571936564269357,0.08147394311265543,0.10687518297315068,0.11164533458418524,0.08445704223596351,0.08144866219247937,0.09669976813355985,0.09036945368553029,0.1081980180899742
0.15966163921846876,0.03896879322803781,0.1272436074446347,0.07520011750018363,0.08610120192240234,0.2535453591508523,0.20428554445209257,0.027440404337305657,0.07070253607399268,0.6025506491725102,0.0,0.0,0.0,0.09442432973642745,0.0,0.0,0.18863605937878958,0.0,0.0,0.3345268239494257,0.09892212692792124,1.0,0.020133929216040625,0.048922900682718984,0.12835940633774567,0.0821056325309899,0.0,0.389400522092302,0.05126222137303249,0.0,0.05931514351623557,0.166529979269878,0.0,0.051610440185900885,0.07395851389611141,0.1444648618736235,0.4319262267231969,0.23780907431288512,0.13458625187656437,0.0,0.17833507488679912,0.03487533394082731,0.15910272649781665,0.16439285960577743,0.1272436074446347,0.0474892421531925,0.022802936445869948,0.13545117007586582,0.08837673243233524,0.08727851278020327,0.11112278875419124,0.514668480215637,0.1934068387846355,0.3764736492392865,0.06071026264303081,0.04797207875103948,0.0,0.1272436074446347,0.48014148453899796,0.5373869829161775,0.13132881625775028,0.03826067182443016,0.03453392688520163,0.09387624838793784,0.0,0.1570441309950542,0.02192086532829951,0.0,0.5742643017587234,0.5093539870515666,0.16296439219196068,0.08337027220176763,0.06198905479321837,0.1538775841420731,0.5421647441263553,0.4154626310702685,0.14703811660237442,0.19842200790865183,0.2289922906860229
0.023862243453215526,0.22019629391635476,0.0414755293083221,0.08345215418955831,0.020850956375638274,0.11370966944941718,0.04118758762297414,0.01780781977842938,0.1773711963940925,0.02013310680120972,0.0,0.0,0.0,0.04507664929584054,0.0,0.0,0.058534081625052026,0.0,0.0,0.10201270192024514,0.04439503268299938,0.020133929216040625,1.0,0.11497481299188272,0.08766867964700387,0.04323972121620678,0.0,0.0206259622798306,0.014457138511433376,0.0,0.1278934945743635,0.02072596981236985,0.0,0.11881491294183388,0.04267589088266477,0.09838361738698553,0.0261261973023158,0.11853360173574468,0.06689784785028419,0.0,0.021234811274383536,0.08185832657594383,0.23284021886212314,0.24056556381890537,0.0414755293083221,0.03725634067498518,0.2382861685842912,0.047726375470913296,0.14083381921602078,0.03750435879821035,0.02537236344940108,0.024813415268499228,0.04602254940146566,0.142119008835508,0.11112584857656183,0.0729197219398603,0.0,0.0414755293083221,0.08442797718638073,0.028007574289373838,0.09907423187820685,0.1049262120250034,0.07419412710913531,0.05497476637065768,0.0,0.2413752325473818,0.1985677586644622,0.0,0.0187599120236267,0.02059044686794087,0.026943157018759045,0.03635993315666586,0.1544767353517862,0.029583445398621233,0.09825055776945746,0.020575571395284653,0.0555798958198469,0.019974140865189005,0.026955495087627734
0.1704585091491071,0.09834635203714481,0.040966918484946824,0.06808622324246583,0.133193968933896,0.1215470553104605,0.11684097420335704,0.021847391209806832,0.1338327931323997,0.0657833631960012,0.0,0.0,0.0,0.11441962757890334,0.0,0.0,0.2805904560616448,0.0,0.0,0.12128662698514947,0.07118930786864297,0.048922900682718984,0.11497481299188272,1.0,0.08894236316267468,0.040446355013315394,0.0,0.07185167258644509,0.19809559057406878,0.0,0.36301496426126123,0.05003401883454317,0.0,0.08570437166379019,0.047543079832999435,0.08883531300107639,0.039876272406399016,0.11429251489308745,0.0925969297170659,0.0,0.0464705415837694,0.11039601561421486,0.18214543757578394,0.27128951894312225,0.040966918484946824,0.1547929304249036,0.5442063106486016,0.09090164876090712,0.5106694045947641,0.032345951717659305,0.1207345044689252,0.0676667729490168,0.19607360812310692,0.07755386092012573,0.10322961971608746,0.061324034878185385,0.0,0.040966918484946824,0.1349708865190844,0.0530682625420682,0.2309746343016812,0.08491066921750157,0.057302901284992824,0.12844546023181258,0.0,0.1308523165929666,0.5453427602494305,0.0,0.056005035589271834,0.1193371817022858,0.26677093367423543,0.030994893509649457,0.2117060946710101,0.08221601206123286,0.16154871890615718,0.06041559742572589,0.16024313415115143,0.10457114705647375,0.07457587272201205
0.10537299361170938,0.1826596829860352,0.1549741037196476,0.3762166329382288,0.08712667925727624,0.165152033561194,0.1522145013994589,0.03304386672132298,0.23347039535010827,0.11060666704780964,0.0,0.0,0.0,0.24070808616151118,0.0,0.0,0.1358918033853871,0.0,0.0,0.16055295515826307,0.2791869041194459,0.12835940633774567,0.08766867964700387,0.08894236316267468,1.0,0.1204788549122815,0.0,0.11585356335359764,0.04092301825435185,0.0,0.10129372081231935,0.10358796427235917,0.0,0.2020738911375337,0.20473448496481128,0.2773876873797627,0.07475273855649389,0.27157215793143863,0.19008253639070405,0.0,0.1151596941070625,0.10074859600092234,0.13753768333131378,0.16452419272369267,0.1549741037196476,0.1249638003302006,0.10490688232546475,0.1891277640221345,0.12138331732569507,0.10309532066269178,0.10421383438333287,0.1141847456816989,0.13361933495026224,0.1410543950187706,0.2864900565054671,0.22572019137649435,0.0,0.1549741037196476,0.15086880253233637,0.10810279051443561,0.27192803984023917,0.14428644646310806,0.17388205950472124,0.20862394107740023,0.0,0.11995361307658858,0.09666869529992894,0.0,0.08437427807662146,0.12630000581037182,0.1267940996954513,0.09768610283751844,0.19521305544460665,0.13370734609782975,0.13436018907708558,0.09432640001420955,0.11923594255637071,0.10636655641939341,0.13072060809477648
0.1595193439783138,0.07969161865644458,0.16148054568340997,0.1110790801307382,0.148442300348555,0.13389096331468908,0.15133085035016536,0.10958496566212206,0.08893858090194984,0.09475266053489817,0.0,0.0,0.0,0.1827963341445159,0.0,0.0,0.09140341063918778,0.0,0.0,0.13066962578133234,0.21749560209912344,0.0821056325309899,0.04323972121620678,0.040446355013315394,0.1204788549122815,1.0,0.0,0.10070942312295661,0.059458788175422495,0.0,0.15231378928473827,0.09261201250613715,0.0,0.09107375318537225,0.15032641764853805,0.13025214629820803,0.2135854169700372,0.10500919082914684,0.15826661865326985,0.0,0.08933860797338522,0.08626822157090719,0.08475867480277677,0.09744962958222037,0.16148054568340997,0.08715080581789558,0.0494573001838533,0.09269336601555589,0.09717677336931829,0.1394703503805238,0.2116963957743081,0.10877756492323454,0.20543307149715884,0.14536346908279163,0.09104829425983829,0.09171042154062647,0.0,0.16148054568340997,0.08298048851511708,0.1127261277113053,0.10604056654121718,0.12268797911864382,0.0711581177719427,0.11053355369008011,0.0,0.09602306526231463,0.04711484867755111,0.0,0.12365940981974366,0.10062286479909777,0.12295792585156606,0.13348975362165239,0.11369625926901383,0.09831596977859203,0.0881570189823897,0.1235082014061788,0.20343569119567828,0.1245459291100045,0.12746877703433213
0.0,0.0,0.0,0.0,0.0,0.0,0.0,0.0,0.0,0.0,0.0,0.0,0.0,0.0,0.0,0.0,0.0,0.0,0.0,0.0,0.0,0.0,0.0,0.0,0.0,0.0,1.0,0.0,0.0,0.0,0.0,0.0,0.0,0.0,0.0,0.0,0.0,0.0,0.0,0.0,0.0,0.0,0.0,0.0,0.0,0.0,0.0,0.0,0.0,0.0,0.0,0.0,0.0,0.0,0.0,0.0,0.0,0.0,0.0,0.0,0.0,0.0,0.0,0.0,0.0,0.0,0.0,0.0,0.0,0.0,0.0,0.0,0.0,0.0,0.0,0.0,0.0,0.0,0.0
0.18882871339584717,0.04596826266522802,0.20634705041115864,0.07988541464055199,0.20272792017064356,0.44214874474690724,0.4446776876596038,0.028468667968490458,0.18261239902182524,0.7350555672489979,0.0,0.0,0.0,0.41505676378733525,0.0,0.0,0.5539025650069181,0.0,0.0,0.5080880343729779,0.09894855974004746,0.389400522092302,0.0206259622798306,0.07185167258644509,0.11585356335359764,0.10070942312295661,0.0,1.0,0.2422863704643442,0.0,0.23768889122104997,0.455939785981721,0.0,0.06278145230407262,0.07136716424193212,0.2864714921330015,0.3703826524628049,0.25893525209620094,0.28582065542090884,0.0,0.2646488898205941,0.04503073872872787,0.31817537321033873,0.32082978397024486,0.20634705041115864,0.05828380313317105,0.025788378972194104,0.2335176115634886,0.2264304194384973,0.15431643574229614,0.14236745148952645,0.5553490801422304,0.3318740834338323,0.2888460227484324,0.0634380019928179,0.05122810087200058,0.0,0.20634705041115864,0.3146821423142514,0.45161377251849155,0.2783070550921961,0.04309805040462078,0.03675580098371101,0.22072386762374285,0.0,0.2631922165074364,0.022875778003435654,0.0,0.4127983589835251,0.5079723038762181,0.33878455392099216,0.16111991091567335,0.09277133155655592,0.29398242367170035,0.3720711791322401,0.49124295031595455,0.35399725803484905,0.46810497465385326,0.2623388224098009
0.20125435210794496,0.02964499147088928,0.06525150312249028,0.03740945564619391,0.2957755679498485,0.21029700905715742,0.1546297081796587,0.10586858875450456,0.07896881606182993,0.1429015637299358,0.0,0.0,0.0,0.2360000379803575,0.0,0.0,0.4805249682462174,0.0,0.0,0.20489029599816277,0.03832939347784148,0.05126222137303249,0.014457138511433376,0.19809559057406878,0.04092301825435185,0.059458788175422495,0.0,0.2422863704643442,1.0,0.0,0.31070222219600885,0.1737124652788764,0.0,0.034695933146838276,0.02963648421848486,0.08373844110888928,0.060404766214455785,0.06392131973864223,0.0775556510520905,0.0,0.055834002853681675,0.039589200315924056,0.05857740106253817,0.06071743157121967,0.06525150312249028,0.3502197472042493,0.020129683571468937,0.06166969878553563,0.07613662117490216,0.047719588175571315,0.3044639698291185,0.07574689429602333,0.19963460151998325,0.06556923832074268,0.03038677214608887,0.030796053208218432,0.0,0.06525150312249028,0.041899889343504304,0.057214724074119316,0.15892097506803748,0.059634497118468355,0.02599305414819364,0.13791668514829247,0.0,0.08708156570503833,0.016676384713112835,0.0,0.1181635295238278,0.11527055556367027,0.1736206227881083,0.06268152288943507,0.060733953828874365,0.134704428832511,0.0803549834588273,0.12755897695368357,0.2559981580389863,0.28434067024784204,0.08819821181519316
0.0,0.0,0.0,0.0,0.0,0.0,0.0,0.0,0.0,0.0,0.0,0.0,0.0,0.0,0.0,0.0,0.0,0.0,0.0,0.0,0.0,0.0,0.0,0.0,0.0,0.0,0.0,0.0,0.0,1.0,0.0,0.0,0.0,0.0,0.0,0.0,0.0,0.0,0.0,0.0,0.0,0.0,0.0,0.0,0.0,0.0,0.0,0.0,0.0,0.0,0.0,0.0,0.0,0.0,0.0,0.0,0.0,0.0,0.0,0.0,0.0,0.0,0.0,0.0,0.0,0.0,0.0,0.0,0.0,0.0,0.0,0.0,0.0,0.0,0.0,0.0,0.0,0.0,0.0
0.30736991256574875,0.12693796901329235,0.08949056319116488,0.13084345533641484,0.2540749304553215,0.41193254468747265,0.21645555131181604,0.07187358660603205,0.18398184437171672,0.14603307730939274,0.0,0.0,0.0,0.37148394855659506,0.0,0.0,0.3937328394781954,0.0,0.0,0.39459944978395767,0.06801808750865534,0.05931514351623557,0.1278934945743635,0.36301496426126123,0.10129372081231935,0.15231378928473827,0.0,0.23768889122104997,0.31070222219600885,0.0,1.0,0.17209604591655991,0.0,0.10863583892773587,0.05546694677649244,0.1405023512434307,0.13548741940498,0.16142295360614134,0.13023328496001485,0.0,0.06454135447592768,0.14474330284712145,0.1388502567494716,0.3520737924232811,0.08949056319116488,0.1319598458016068,0.3076943466123996,0.10288977687249179,0.40083127089083903,0.07014566265710165,0.20504547437697052,0.08593124142981501,0.2946110269359816,0.231734308681542,0.1056560649069973,0.07884512231473495,0.0,0.08949056319116488,0.2660692839861487,0.07151052665981483,0.2588235928231688,0.15416826765071978,0.06575285755823435,0.18922947093969156,0.0,0.17872077502989037,0.20323492348347783,0.0,0.1526368029513585,0.0994577823228503,0.22647796849677304,0.08823693863121762,0.375584899526864,0.15228811294828104,0.15452845424282913,0.1330126268378229,0.226369961958517,0.31035764973134916,0.10203625113746062
0.10782053855069662,0.04294467225957099,0.26926200653933163,0.07990424448674782,0.3615637643389037,0.23688348149815375,0.35588893229632057,0.028587957364356043,0.3127973139486674,0.35735425272545074,0.0,0.0,0.0,0.2573509087227879,0.0,0.0,0.28462471387531474,0.0,0.0,0.23072930837962646,0.08324384151322362,0.166529979269878,0.02072596981236985,0.05003401883454317,0.10358796427235917,0.09261201250613715,0.0,0.455939785981721,0.1737124652788764,0.0,0.17209604591655991,1.0,0.0,0.05760321600761453,0.07280963815610553,0.33437261382282113,0.17562624953153083,0.16453060688588728,0.21099283332238405,0.0,0.36758914938755227,0.039613326326578324,0.24657346907324884,0.25112117496675734,0.26926200653933163,0.05366468156084658,0.02463865510727503,0.25657446873301515,0.14264063501522184,0.2449298447581506,0.15570826067212673,0.22499292929413317,0.22530669238589995,0.13622890879858396,0.06364764155647151,0.05092757386577773,0.0,0.26926200653933163,0.1520908153379903,0.16346813055316556,0.19840881546853917,0.04130794431229423,0.03674853452652238,0.21159297174850122,0.0,0.3051811864191072,0.022845633850311575,0.0,0.15807949348305472,0.26630115832517776,0.30974788395345576,0.22274483130465195,0.08532239574625966,0.3342814557256546,0.2038451256374173,0.2367798409849825,0.3119490843259729,0.4097290544358392,0.2770944291393931
0.0,0.0,0.0,0.0,0.0,0.0,0.0,0.0,0.0,0.0,0.0,0.0,0.0,0.0,0.0,0.0,0.0,0.0,0.0,0.0,0.0,0.0,0.0,0.0,0.0,0.0,0.0,0.0,0.0,0.0,0.0,0.0,1.0,0.0,0.0,0.0,0.0,0.0,0.0,0.0,0.0,0.0,0.0,0.0,0.0,0.0,0.0,0.0,0.0,0.0,0.0,0.0,0.0,0.0,0.0,0.0,0.0,0.0,0.0,0.0,0.0,0.0,0.0,0.0,0.0,0.0,0.0,0.0,0.0,0.0,0.0,0.0,0.0,0.0,0.0,0.0,0.0,0.0,0.0
0.10456468995813917,0.245002391006797,0.1014401428907068,0.18580174395072324,0.05658084403021868,0.10629537957959989,0.13241042504735712,0.025466947915711358,0.17978988179875477,0.058828046667455225,0.0,0.0,0.0,0.2917482470822015,0.0,0.0,0.13561330968028262,0.0,0.0,0.10204312255830306,0.12429184430814477,0.051610440185900885,0.11881491294183388,0.08570437166379019,0.2020738911375337,0.09107375318537225,0.0,0.06278145230407262,0.034695933146838276,0.0,0.10863583892773587,0.05760321600761453,0.0,1.0,0.10589492989381133,0.14803994842387003,0.04745953855776042,0.1604722154837731,0.16812852547060753,0.0,0.056195363990289016,0.13162896590288353,0.08885002775705808,0.13515603707307844,0.1014401428907068,0.1383744658707201,0.12515944456678263,0.12977190997840038,0.1407358917764775,0.07747252048741138,0.07309329122738517,0.067450174043312,0.09979904893540148,0.17206578520891458,0.15156512840944503,0.1618550289822982,0.0,0.1014401428907068,0.14092591902409013,0.0700752980712065,0.2051267384489831,0.19444896934387645,0.10654212245013939,0.1481343964563968,0.0,0.10398747655328944,0.10526545647662444,0.0,0.050284443456927286,0.059868202495276135,0.07899983516043907,0.07413802482918064,0.1633579700680572,0.07699992794623056,0.0691376795952302,0.058373214510284654,0.10066137890956806,0.06246571431408332,0.07339818004905951
0.0956389472255752,0.08027704226032761,0.11690090821452126,0.15138971023063275,0.06010828762723541,0.08598475498346159,0.08444503062449715,0.025317619534929392,0.10065712247133674,0.07184037347644223,0.0,0.0,0.0,0.10463289746426241,0.0,0.0,0.0745440474429172,0.0,0.0,0.08448147484754287,0.3813230851558378,0.07395851389611141,0.04267589088266477,0.047543079832999435,0.20473448496481128,0.15032641764853805,0.0,0.07136716424193212,0.02963648421848486,0.0,0.05546694677649244,0.07280963815610553,0.0,0.10589492989381133,1.0,0.12540434909702336,0.057618953547589835,0.12589541652282576,0.11089090251820877,0.0,0.0802155793695557,0.05468226406288024,0.07144613882926731,0.08195332868927885,0.11690090821452126,0.08632061050361306,0.047327151644756094,0.09351377811437012,0.06928416655382885,0.08112461818789996,0.08126220635955739,0.07552941028989879,0.07930337768116791,0.07557942582871835,0.1247495803779306,0.09867977257396165,0.0,0.11690090821452126,0.07786190739354237,0.07599796501446554,0.11695089117359103,0.06904677443745255,0.06937251595808747,0.10018421642275277,0.0,0.0757680194667063,0.04622571211189774,0.0,0.05786486938328128,0.07268256376858973,0.08080813498005746,0.07773738328005197,0.08819686380758829,0.0753796506187473,0.060844638875901635,0.06368092880808773,0.07370485611370159,0.068643311941196,0.07909664647362957
0.14843612381133076,0.15498105950209862,0.3193304329516191,0.20959169251770615,0.22681059924610436,0.251667435871646,0.3323646579910129,0.02777206538624233,0.30392238914956204,0.21776633341402096,0.0,0.0,0.0,0.21952264579944303,0.0,0.0,0.2575680658794359,0.0,0.0,0.24979284455676376,0.15944946958149064,0.1444648618736235,0.09838361738698553,0.08883531300107639,0.2773876873797627,0.13025214629820803,0.0,0.2864714921330015,0.08373844110888928,0.0,0.1405023512434307,0.33437261382282113,0.0,0.14803994842387003,0.12540434909702336,1.0,0.17089308812475668,0.2589235112090009,0.3321084566783321,0.0,0.28055064931564755,0.08661178857178398,0.3036933971123712,0.31271187916818,0.3193304329516191,0.09839260144459339,0.08374971416092025,0.296402093184819,0.22320413758475255,0.2647765769106455,0.1506535360693705,0.3104417184432491,0.322307169478913,0.18678072937871582,0.1985286348227535,0.17639549011899536,0.0,0.3193304329516191,0.22393779391972368,0.20713744868781958,0.3430382233215836,0.13337710333422437,0.09965380989126549,0.36287603069199137,0.0,0.18981297699478905,0.07905758964556708,0.0,0.18016664902214763,0.29720845883557956,0.3531250968948543,0.2690756459281216,0.2026616012453879,0.2799370293314356,0.22872282382783138,0.1926000874299164,0.32733416039972063,0.28037906882848285,0.295956293430085
0.21374303987447718,0.03985180404007771,0.17466736251834258,0.05902462574414902,0.12205445588071573,0.2553931638425151,0.2649067127477738,0.07096129721645861,0.0932265422291898,0.5981795470058396,0.0,0.0,0.0,0.16333632264893094,0.0,0.0,0.20834746531129622,0.0,0.0,0.28932306168070765,0.0647377062854908,0.4319262267231969,0.0261261973023158,0.039876272406399016,0.07475273855649389,0.2135854169700372,0.0,0.3703826524628049,0.060404766214455785,0.0,0.13548741940498,0.17562624953153083,0.0,0.04745953855776042,0.057618953547589835,0.17089308812475668,1.0,0.2342345136217402,0.1709312661614104,0.0,0.19656814324742788,0.046566983677127305,0.18673759666142975,0.19063338746199154,0.17466736251834258,0.04252204852186148,0.02946761879235793,0.14482982774593922,0.11876936030680463,0.15981778905112343,0.13717245078152418,0.6188241788080414,0.21541814678932103,0.36333335657398835,0.04990561031353924,0.04236247576951524,0.0,0.17466736251834258,0.42491059554102684,0.4910743035676759,0.1483787316881907,0.06660140135625714,0.03711018866047888,0.12186604255910416,0.0,0.10997245414623169,0.028776395948659217,0.0,0.479462730064254,0.3360881803533988,0.19623941103564213,0.14012454341817826,0.06727077687515814,0.14287885627840624,0.29159008572465994,0.3686379690729482,0.22564339895005292,0.21040444084025844,0.17682478186594008
0.17652310197725496,0.1352244000283559,0.12828437288422623,0.22506693815882683,0.12287368567674495,0.309309730461621,0.2568205381212061,0.02802265882441446,0.2618152057713945,0.34077401856827105,0.0,0.0,0.0,0.21520348214373874,0.0,0.0,0.22296442348785916,0.0,0.0,0.33875349027271207,0.14660179155747155,0.23780907431288512,0.11853360173574468,0.11429251489308745,0.27157215793143863,0.10500919082914684,0.0,0.25893525209620094,0.06392131973864223,0.0,0.16142295360614134,0.16453060688588728,0.0,0.1604722154837731,0.12589541652282576,0.2589235112090009,0.2342345136217402,1.0,0.22574536730213657,0.0,0.18359843240631735,0.12256206837156425,0.175723065364086,0.2419444695548597,0.12828437288422623,0.10058511957336913,0.14816906621225723,0.25752176998746124,0.1910817377924382,0.10862032317648207,0.286853725754008,0.33217120623177454,0.25113330719922067,0.2322793189726461,0.2503323344362306,0.19883222032459424,0.0,0.12828437288422623,0.24481067049525995,0.27407260595905925,0.25253736083359557,0.11682872747213935,0.10337095769552462,0.27488213092541924,0.0,0.19377439279311437,0.11379542981538515,0.0,0.27961516267885544,0.39448533915176986,0.26971714545366954,0.08479253139404053,0.3285879384330377,0.25410967494757697,0.2546610781681711,0.3247735112735486,0.24018964010494503,0.28296215031522665,0.29627356270529215
0.18108421910935024,0.20027632424649255,0.3283624389395223,0.16867930001262765,0.16320215984864905,0.19895430859183372,0.33671212990038524,0.026497426055169027,0.22656701359130138,0.19758611415249816,0.0,0.0,0.0,0.17260643235191375,0.0,0.0,0.2943507873989998,0.0,0.0,0.20124663879298432,0.1288447203650105,0.13458625187656437,0.06689784785028419,0.0925969297170659,0.19008253639070405,0.15826661865326985,0.0,0.28582065542090884,0.0775556510520905,0.0,0.13023328496001485,0.21099283332238405,0.0,0.16812852547060753,0.11089090251820877,0.3321084566783321,0.1709312661614104,0.22574536730213657,1.0,0.0,0.2525312707391236,0.09779515012318352,0.37621559929510695,0.3876846480562496,0.3283624389395223,0.09935296030351326,0.08545116682852882,0.2738229022356453,0.2984767281830738,0.253977128252895,0.17912872164647253,0.30936116846981576,0.32565954968642963,0.2064915962983105,0.15237915253097123,0.1465805758138683,0.0,0.3283624389395223,0.21622895414585808,0.2377569017958645,0.37521625637237843,0.33611584288163177,0.07983323044789792,0.33299551125855253,0.0,0.17273480574778532,0.07754970464236277,0.0,0.17703464113866652,0.28349037052765214,0.42904830209617706,0.21176591111383114,0.1899637772938506,0.2157729633665364,0.1429743925717757,0.17283299904083482,0.3593896442825788,0.25644476689046314,0.279134988402717
0.0,0.0,0.0,0.0,0.0,0.0,0.0,0.0,0.0,0.0,0.0,0.0,0.0,0.0,0.0,0.0,0.0,0.0,0.0,0.0,0.0,0.0,0.0,0.0,0.0,0.0,0.0,0.0,0.0,0.0,0.0,0.0,0.0,0.0,0.0,0.0,0.0,0.0,0.0,1.0,0.0,0.0,0.0,0.0,0.0,0.0,0.0,0.0,0.0,0.0,0.0,0.0,0.0,0.0,0.0,0.0,0.0,0.0,0.0,0.0,0.0,0.0,0.0,0.0,0.0,0.0,0.0,0.0,0.0,0.0,0.0,0.0,0.0,0.0,0.0,0.0,0.0,0.0,0.0
0.12361115697369107,0.04225355178155865,0.23297726323327572,0.08347599250020388,0.19111564858980168,0.1364086236884039,0.24869538785721168,0.02952666595481168,0.15990858989591739,0.21650429980395203,0.0,0.0,0.0,0.10022909803226698,0.0,0.0,0.18292546030910306,0.0,0.0,0.1416494300882034,0.08642887775679109,0.17833507488679912,0.021234811274383536,0.0464705415837694,0.1151596941070625,0.08933860797338522,0.0,0.2646488898205941,0.055834002853681675,0.0,0.06454135447592768,0.36758914938755227,0.0,0.056195363990289016,0.0802155793695557,0.28055064931564755,0.19656814324742788,0.18359843240631735,0.2525312707391236,0.0,1.0,0.03782414395916278,0.3280196322288069,0.3339501357809267,0.23297726323327572,0.0525228955884105,0.02454940419382834,0.5440453047064595,0.16237248287859551,0.25915846342179016,0.17535688926678406,0.27947343207350417,0.28067442897524386,0.15833785744373507,0.06599213765547463,0.05209008940266813,0.0,0.23297726323327572,0.18727230129160366,0.18242425983620036,0.236781245185948,0.041147750896230684,0.03842113162239236,0.22226392158180064,0.0,0.19592199397538612,0.02323219468306892,0.0,0.18012577693165532,0.3276141241133521,0.46812802687116806,0.1504533060996407,0.08630336643246583,0.22659491634460727,0.1355651424579004,0.19355396868908314,0.4492754906343215,0.3706734794701878,0.42942970562496074
0.116675446919844,0.11289565508664945,0.052580683150173835,0.10296280825285431,0.17974517226279718,0.13117953524445358,0.13637452039127795,0.05137793435665827,0.13707230011300464,0.04192806504273383,0.0,0.0,0.0,0.1247269953466279,0.0,0.0,0.1344093022885886,0.0,0.0,0.12368001571885223,0.06465505938950689,0.03487533394082731,0.08185832657594383,0.11039601561421486,0.10074859600092234,0.08626822157090719,0.0,0.04503073872872787,0.039589200315924056,0.0,0.14474330284712145,0.039613326326578324,0.0,0.13162896590288353,0.05468226406288024,0.08661178857178398,0.046566983677127305,0.12256206837156425,0.09779515012318352,0.0,0.03782414395916278,1.0,0.08197677254087876,0.1312663756759478,0.052580683150173835,0.1757467601311058,0.1322194452961769,0.09682676183626515,0.2195109047563596,0.045980633513835634,0.07600161732883881,0.046692657138303284,0.10539604672226177,0.14925867091772527,0.08487837020651123,0.12292986877114509,0.0,0.052580683150173835,0.11299053042946294,0.04519193060222815,0.14121256449004038,0.1233481597385162,0.07534773170146958,0.1174306413214119,0.0,0.08483716422336496,0.11323081418653536,0.0,0.08447426753317311,0.04308185635422046,0.05366769231826163,0.04417117074258359,0.17701708147064021,0.0554634522648777,0.07883042547672314,0.062214705067522136,0.07686145852825466,0.06799448262534369,0.052519022805204374
0.11992945399316823,0.10824798495770016,0.18555954689211152,0.0867057937529867,0.14853327649287196,0.2053656171309104,0.2743507668238597,0.02654368120155659,0.20621608310677975,0.2219227343474055,0.0,0.0,0.0,0.11455458285284614,0.0,0.0,0.28555212234211247,0.0,0.0,0.208219096495025,0.10636791809384538,0.15910272649781665,0.23284021886212314,0.18214543757578394,0.13753768333131378,0.08475867480277677,0.0,0.31817537321033873,0.05857740106253817,0.0,0.1388502567494716,0.24657346907324884,0.0,0.08885002775705808,0.07144613882926731,0.3036933971123712,0.18673759666142975,0.175723065364086,0.37621559929510695,0.0,0.3280196322288069,0.08197677254087876,1.0,0.6323075876071795,0.18555954689211152,0.0553694106734719,0.23803075072219482,0.25448658138849034,0.39071935751976794,0.15284505555019845,0.13504335696678404,0.3102409773700532,0.27982834227593467,0.1700660636008402,0.13462611626871845,0.058217835330993895,0.0,0.18555954689211152,0.20695100578614634,0.17940639291792804,0.3994212812336515,0.09156730740557062,0.0574954897759099,0.1899914976684497,0.0,0.2882592953644809,0.23952857450479315,0.0,0.1854663333616322,0.324688090169178,0.44601030779263373,0.11960895412208561,0.1523181344493204,0.21772496162838606,0.19933032816474183,0.18766627907877975,0.37280090269418953,0.2694603489980465,0.25376257163714855
0.1219484076060936,0.15067549994536478,0.19547061296579293,0.12306290845179835,0.15138344210193022,0.24871706834965845,0.27995747255390235,0.03065189976558047,0.23771617361745911,0.2245214234294104,0.0,0.0,0.0,0.12757997520490705,0.0,0.0,0.35301519854324614,0.0,0.0,0.24675371980057892,0.11412682889738157,0.16439285960577743,0.24056556381890537,0.27128951894312225,0.16452419272369267,0.09744962958222037,0.0,0.32082978397024486,0.06071743157121967,0.0,0.3520737924232811,0.25112117496675734,0.0,0.13515603707307844,0.08195332868927885,0.31271187916818,0.19063338746199154,0.2419444695548597,0.3876846480562496,0.0,0.3339501357809267,0.1312663756759478,0.6323075876071795,1.0,0.19547061296579293,0.066104837422169,0.503523788182856,0.27543356676775566,0.5470803485806854,0.16095608267547523,0.13828687448866117,0.3124558542251644,0.2884329522303585,0.20444251320059414,0.136829129951339,0.09699970253323709,0.0,0.19547061296579293,0.2766032148136377,0.18272870820059484,0.5628009805430345,0.11092080094512802,0.09594835360052922,0.2126758488512852,0.0,0.31441807689111045,0.35568105058321187,0.0,0.18722971106428588,0.3282273045157196,0.4495632397673077,0.1272470789722998,0.3840022281816775,0.2208721412088378,0.2561055872958775,0.19016017398670582,0.3819748491323759,0.27064008711356036,0.25723872611941
0.10870870960029566,0.07703011684798544,1.0,0.14382920282164935,0.12703445085868348,0.13486500046719552,0.21040828755191432,0.024375937539635628,0.1382552340149399,0.17777786019912867,0.0,0.0,0.0,0.14066213105946013,0.0,0.0,0.1562725423930188,0.0,0.0,0.13391232633937544,0.12389138392172705,0.1272436074446347,0.0414755293083221,0.040966918484946824,0.1549741037196476,0.16148054568340997,0.0,0.20634705041115864,0.06525150312249028,0.0,0.08949056319116488,0.26926200653933163,0.0,0.1014401428907068,0.11690090821452126,0.3193304329516191,0.17466736251834258,0.12828437288422623,0.3283624389395223,0.0,0.23297726323327572,0.052580683150173835,0.18555954689211152,0.19547061296579293,1.0,0.08212475830579313,0.04556699783106122,0.15834398347895773,0.11416262870379223,0.4518252085405985,0.12226655339756731,0.22658130897864615,0.1922261749257459,0.12489468767561518,0.11957029425502108,0.09462692390623562,0.0,1.0,0.14654649378560325,0.22539577368557118,0.17009992706700205,0.0665180812965761,0.06584780316790939,0.30104407843647263,0.0,0.20005765330656533,0.04482063811413861,0.0,0.12880028075436956,0.1838298755396991,0.2444290132253507,0.6032981648756048,0.0900805564316085,0.25947640622937684,0.15056841299683266,0.15674679246338163,0.19098436475836755,0.19953645418162358,0.24058756661512903
0.16221854295317506,0.08276599443051891,0.08212475830579313,0.11293501420480756,0.17918217750148935,0.07172446009164335,0.07771784153172345,0.026971499063354498,0.08924045530987501,0.054414278918780146,0.0,0.0,0.0,0.11703050376123236,0.0,0.0,0.16575325317587297,0.0,0.0,0.07024433334895097,0.10736362957894818,0.0474892421531925,0.03725634067498518,0.1547929304249036,0.1249638003302006,0.08715080581789558,0.0,0.05828380313317105,0.3502197472042493,0.0,0.1319598458016068,0.05366468156084658,0.0,0.1383744658707201,0.08632061050361306,0.09839260144459339,0.04252204852186148,0.10058511957336913,0.09935296030351326,0.0,0.0525228955884105,0.1757467601311058,0.0553694106734719,0.066104837422169,0.08212475830579313,1.0,0.04985310120842901,0.08435173487699588,0.20881044736634036,0.06942177551115847,0.26131411511343494,0.061327889016780435,0.10937027433044544,0.06894678906922225,0.08881637172427792,0.09563287038142987,0.0,0.08212475830579313,0.06755821363200398,0.06264933802984796,0.16145047687562752,0.06985359047420192,0.06949066464177345,0.10931798829521333,0.0,0.05877648932505186,0.04386510075492489,0.0,0.046871469147910405,0.08263027113562027,0.12034323215947051,0.06606267310060532,0.09215840218277749,0.063652953447769,0.051504093638302995,0.056174905462936464,0.11786016061598659,0.06548345788696541,0.07042949466883386
0.0324387280966798,0.15336565168581107,0.04556699783106122,0.09769910029053852,0.02646256278983894,0.13737466749389415,0.04849011100535916,0.019354315911361497,0.16623744855590694,0.02444160677012641,0.0,0.0,0.0,0.06396379010738684,0.0,0.0,0.1639961398912433,0.0,0.0,0.12615991750366673,0.052751072042433234,0.022802936445869948,0.2382861685842912,0.5442063106486016,0.10490688232546475,0.0494573001838533,0.0,0.025788378972194104,0.020129683571468937,0.0,0.3076943466123996,0.02463865510727503,0.0,0.12515944456678263,0.047327151644756094,0.08374971416092025,0.02946761879235793,0.14816906621225723,0.08545116682852882,0.0,0.02454940419382834,0.1322194452961769,0.23803075072219482,0.503523788182856,0.04556699783106122,0.04985310120842901,1.0,0.06419448905025826,0.5352613908111056,0.03998745556565253,0.034679691889611064,0.02975561117655756,0.04829950661363869,0.09604178653690831,0.16204302548614447,0.08264688505536921,0.0,0.04556699783106122,0.19558575752552543,0.03211011985021228,0.2143075889743019,0.11607951220301582,0.09650957612933753,0.0773585771415779,0.0,0.19150713193124325,0.8595042195317589,0.0,0.022226660130008957,0.02652818110997135,0.03590045379290341,0.038444502095520194,0.35811018807466044,0.04067708904150735,0.17817607549212688,0.025490852354284388,0.054021869666299405,0.025570180558582623,0.03422120271408746
0.13845631415211757,0.10992680293251,0.15834398347895773,0.15178555502641933,0.17732946262496752,0.16868263825739493,0.28066742493045527,0.031181502336582345,0.23612270485795406,0.18613997162874307,0.0,0.0,0.0,0.1575647144016349,0.0,0.0,0.20859325432662468,0.0,0.0,0.1696478819203353,0.13583788293367727,0.13545117007586582,0.047726375470913296,0.09090164876090712,0.1891277640221345,0.09269336601555589,0.0,0.2335176115634886,0.06166969878553563,0.0,0.10288977687249179,0.25657446873301515,0.0,0.12977190997840038,0.09351377811437012,0.296402093184819,0.14482982774593922,0.25752176998746124,0.2738229022356453,0.0,0.5440453047064595,0.09682676183626515,0.25448658138849034,0.27543356676775566,0.15834398347895773,0.08435173487699588,0.06419448905025826,1.0,0.18960237993933826,0.16205977101338176,0.1778409792328578,0.24967298558129125,0.29656683982525645,0.16698560847966626,0.1220765425606335,0.6229857119111858,0.0,0.15834398347895773,0.17971286840048095,0.16004502442231727,0.26361391529793976,0.09346544708822468,0.08168204232123111,0.5809354735232579,0.0,0.16249532312773785,0.05734599059085377,0.0,0.16461835220225596,0.26959812798485716,0.39675608549980623,0.10618627926542823,0.4954569292520241,0.3964235603912081,0.14272929278953017,0.1735406979418419,0.421562396192265,0.34674033841314233,0.35605561365463323
0.16005370945597586,0.12224140396934546,0.11416262870379223,0.102136353535482,0.16058104418062957,0.20943695038126786,0.2605778883091294,0.047944673540354144,0.2113368695273905,0.15529912220551068,0.0,0.0,0.0,0.151861112218997,0.0,0.0,0.4440541518017722,0.0,0.0,0.21109925661408901,0.09147577811651475,0.08837673243233524,0.14083381921602078,0.5106694045947641,0.12138331732569507,0.09717677336931829,0.0,0.2264304194384973,0.07613662117490216,0.0,0.40083127089083903,0.14264063501522184,0.0,0.1407358917764775,0.06928416655382885,0.22320413758475255,0.11876936030680463,0.1910817377924382,0.2984767281830738,0.0,0.16237248287859551,0.2195109047563596,0.39071935751976794,0.5470803485806854,0.11416262870379223,0.20881044736634036,0.5352613908111056,0.18960237993933826,1.0,0.09566521519699778,0.130577419772412,0.23005484965475065,0.2737204528252064,0.23658008764505523,0.11574145416240311,0.09021122084558275,0.0,0.11416262870379223,0.1951604135914018,0.12696153002978328,0.3557007010787513,0.12619765463069288,0.07034783421695523,0.1913803705774333,0.0,0.19946352545986712,0.5064331935133439,0.0,0.20661108467716305,0.21198905885943253,0.3176957487198988,0.08019454321902941,0.31900859486282473,0.1641455018458755,0.21330386655922695,0.15692548608834112,0.3299579063300766,0.241823561090037,0.1817407956071193
0.08894818392984605,0.06685391633237203,0.4518252085405985,0.09685453953107104,0.12081967832445639,0.10219514237867466,0.17234447084228477,0.021382034536344685,0.12740184368112628,0.13217558519847272,0.0,0.0,0.0,0.10216598152875345,0.0,0.0,0.1212541581461658,0.0,0.0,0.10033056367886573,0.0852231344396851,0.08727851278020327,0.03750435879821035,0.032345951717659305,0.10309532066269178,0.1394703503805238,0.0,0.15431643574229614,0.047719588175571315,0.0,0.07014566265710165,0.2449298447581506,0.0,0.07747252048741138,0.08112461818789996,0.2647765769106455,0.15981778905112343,0.10862032317648207,0.253977128252895,0.0,0.25915846342179016,0.045980633513835634,0.15284505555019845,0.16095608267547523,0.4518252085405985,0.06942177551115847,0.03998745556565253,0.16205977101338176,0.09566521519699778,1.0,0.12219209917858309,0.20043038324446782,0.14944395532722488,0.11061010196846677,0.0827266770194699,0.08195569625881494,0.0,0.4518252085405985,0.13354682664147455,0.19645360583292582,0.13108320087390024,0.05845938849066701,0.055275363864157434,0.17376011378338718,0.0,0.13886653892381928,0.04021860355889473,0.0,0.11240619069275481,0.15794628177897074,0.23931201520380463,0.3483442457361694,0.08340803118193829,0.16426165309663177,0.10910651388206427,0.12484414879250694,0.18446054308557103,0.1652226699541508,0.44150013023237067
0.26518118820577374,0.05787927025917827,0.12226655339756731,0.08272284549341147,0.25836670476990564,0.16221625159546704,0.20281783347441396,0.25809126127399473,0.13287119430748218,0.12675869835852205,0.0,0.0,0.0,0.19425046540563573,0.0,0.0,0.16858557490064707,0.0,0.0,0.1643738869868665,0.1296761338339868,0.11112278875419124,0.02537236344940108,0.1207345044689252,0.10421383438333287,0.2116963957743081,0.0,0.14236745148952645,0.3044639698291185,0.0,0.20504547437697052,0.15570826067212673,0.0,0.07309329122738517,0.08126220635955739,0.1506535360693705,0.13717245078152418,0.286853725754008,0.17912872164647253,0.0,0.17535688926678406,0.07600161732883881,0.13504335696678404,0.13828687448866117,0.12226655339756731,0.26131411511343494,0.034679691889611064,0.1778409792328578,0.130577419772412,0.12219209917858309,1.0,0.14359379480174073,0.33887095942113543,0.13896094242037915,0.06613634372407928,0.06232152289265924,0.0,0.12226655339756731,0.09045511170526899,0.1256614096332631,0.16871919717871253,0.0919871075502473,0.044911984091067,0.16343304394365132,0.0,0.13238598213580588,0.029594622613009602,0.0,0.25697462355238043,0.32526788074997603,0.3302091939413073,0.08867815276142099,0.24455758730875332,0.2889716704773704,0.11725021794883095,0.31146282688408866,0.27197772490009964,0.28293677125141015,0.31709473288902257
0.33343088671013255,0.05199319264569924,0.22658130897864615,0.08028573599248157,0.1731440440950559,0.423760499069356,0.4781103594022479,0.02522380308282801,0.16002129155004252,0.6591313298729734,0.0,0.0,0.0,0.11785245641432374,0.0,0.0,0.43722218643612565,0.0,0.0,0.44353764128684303,0.0995091975442185,0.514668480215637,0.024813415268499228,0.0676667729490168,0.1141847456816989,0.10877756492323454,0.0,0.5553490801422304,0.07574689429602333,0.0,0.08593124142981501,0.22499292929413317,0.0,0.067450174043312,0.07552941028989879,0.3104417184432491,0.6188241788080414,0.33217120623177454,0.30936116846981576,0.0,0.27947343207350417,0.046692657138303284,0.3102409773700532,0.3124558542251644,0.22658130897864615,0.061327889016780435,0.02975561117655756,0.24967298558129125,0.23005484965475065,0.20043038324446782,0.14359379480174073,1.0,0.33186161259546565,0.5701386891445559,0.066767339350564,0.05699248218569353,0.0,0.22658130897864615,0.6244863534248652,0.7972642043239663,0.2746526797302621,0.04910394580785926,0.03798321605111843,0.2212555606385903,0.0,0.16011318327008317,0.027713602543112392,0.0,0.6839918536198473,0.5714753289353899,0.35530950406167183,0.1584393198450088,0.09107914200069445,0.21344057321965604,0.4342087789743454,0.4792229098789855,0.3154569789285354,0.37880628358943014,0.26813847010862235
0.32327733507485146,0.10450131753661118,0.1922261749257459,0.12788022809603383,0.3152887607357653,0.2892037694351025,0.4044109397874689,0.05679896978625887,0.2257945283811954,0.2697256362497804,0.0,0.0,0.0,0.27409778677762897,0.0,0.0,0.3536543042521607,0.0,0.0,0.3100108265349626,0.10592174561027468,0.1934068387846355,0.04602254940146566,0.19607360812310692,0.13361933495026224,0.20543307149715884,0.0,0.3318740834338323,0.19963460151998325,0.0,0.2946110269359816,0.22530669238589995,0.0,0.09979904893540148,0.07930337768116791,0.322307169478913,0.21541814678932103,0.25113330719922067,0.32565954968642963,0.0,0.28067442897524386,0.10539604672226177,0.27982834227593467,0.2884329522303585,0.1922261749257459,0.10937027433044544,0.04829950661363869,0.29656683982525645,0.2737204528252064,0.14944395532722488,0.33887095942113543,0.33186161259546565,1.0,0.27691139736605885,0.07954780930166228,0.08924761649722046,0.0,0.1922261749257459,0.2033352983670087,0.2242290970983286,0.3226526879958983,0.10398966931642983,0.05014361347728791,0.3518782354521084,0.0,0.1797570143575309,0.038367394940527655,0.0,0.29960777338113065,0.4192867220679134,0.4173801337577321,0.1365850482800508,0.2595226013013796,0.25596228440153956,0.23143473015871652,0.3130338743010952,0.5962607166080831,0.43703502732695454,0.29299759252392377
0.3017344430219029,0.2576370985894185,0.12489468767561518,0.2342392292397264,0.2389727388693057,0.31622545207700736,0.3080642474424531,0.08828670491249324,0.17014997490827732,0.4232526312990418,0.0,0.0,0.0,0.17923447147749672,0.0,0.0,0.2689318686292306,0.0,0.0,0.3406791313079315,0.08707525460051146,0.3764736492392865,0.142119008835508,0.07755386092012573,0.1410543950187706,0.14536346908279163,0.0,0.2888460227484324,0.06556923832074268,0.0,0.231734308681542,0.13622890879858396,0.0,0.17206578520891458,0.07557942582871835,0.18678072937871582,0.36333335657398835,0.2322793189726461,0.2064915962983105,0.0,0.15833785744373507,0.14925867091772527,0.1700660636008402,0.20444251320059414,0.12489468767561518,0.06894678906922225,0.09604178653690831,0.16698560847966626,0.23658008764505523,0.11061010196846677,0.13896094242037915,0.5701386891445559,0.27691139736605885,1.0,0.1058892552496109,0.11023882469982027,0.0,0.12489468767561518,0.552658278171534,0.3977801770744065,0.22128757623544315,0.1961743683083369,0.06877568213975316,0.17093065298361676,0.0,0.12371588746218387,0.07521979525777711,0.0,0.7103751913191794,0.3215677220338675,0.17748687127070817,0.09133188826966343,0.1818288702273232,0.13007339249761773,0.28272907750703147,0.3337463206212583,0.2525574736204571,0.22568879030816846,0.15511829608261607
0.06938655318789877,0.19848137222664897,0.11957029425502108,0.26415860342377706,0.05586568932133118,0.1871426976108208,0.09365034624170754,0.025867230723020218,0.1546861752516111,0.060855383879230174,0.0,0.0,0.0,0.13172566752123116,0.0,0.0,0.09232008323467322,0.0,0.0,0.17133864323984704,0.1328182891198667,0.06071026264303081,0.11112584857656183,0.10322961971608746,0.2864900565054671,0.09104829425983829,0.0,0.0634380019928179,0.03038677214608887,0.0,0.1056560649069973,0.06364764155647151,0.0,0.15156512840944503,0.1247495803779306,0.1985286348227535,0.04990561031353924,0.2503323344362306,0.15237915253097123,0.0,0.06599213765547463,0.08487837020651123,0.13462611626871845,0.136829129951339,0.11957029425502108,0.08881637172427792,0.16204302548614447,0.1220765425606335,0.11574145416240311,0.0827266770194699,0.06613634372407928,0.066767339350564,0.07954780930166228,0.1058892552496109,1.0,0.1712412136896473,0.0,0.11957029425502108,0.17680562987635662,0.07179290498989133,0.18167366249274786,0.16738191790146129,0.12111351634563683,0.1797686671282377,0.0,0.10506964998170087,0.17932746458992643,0.0,0.05043172835585785,0.060728642691201706,0.07548312064380969,0.07920724003678459,0.15955714069664184,0.07770265564146672,0.075932555621676,0.058148456702331375,0.07261865431088799,0.06063047852882175,0.07089354788375446
0.0591307357847467,0.14260925506857458,0.09462692390623562,0.2083716958221582,0.04967641185575011,0.10234460775181253,0.11703050958047745,0.025602470238339392,0.17094815854847079,0.04877418139348322,0.0,0.0,0.0,0.13165591275020616,0.0,0.0,0.09139801103121581,0.0,0.0,0.09630321564061561,0.10689636058162943,0.04797207875103948,0.0729197219398603,0.061324034878185385,0.22572019137649435,0.09171042154062647,0.0,0.05122810087200058,0.030796053208218432,0.0,0.07884512231473495,0.05092757386577773,0.0,0.1618550289822982,0.09867977257396165,0.17639549011899536,0.04236247576951524,0.19883222032459424,0.1465805758138683,0.0,0.05209008940266813,0.12292986877114509,0.058217835330993895,0.09699970253323709,0.09462692390623562,0.09563287038142987,0.08264688505536921,0.6229857119111858,0.09021122084558275,0.08195569625881494,0.06232152289265924,0.05699248218569353,0.08924761649722046,0.11023882469982027,0.1712412136896473,1.0,0.0,0.09462692390623562,0.11855483742219064,0.0624170813096282,0.15548016469841386,0.11984878661887044,0.11938837920489298,0.5272365309056489,0.0,0.07677812330763134,0.07904051516032484,0.0,0.04217642425928392,0.05047261873202891,0.06577287729244363,0.07850018313302276,0.5729790700653408,0.06564070882185513,0.07839413386863714,0.049493261842234904,0.06770792894532707,0.04915742355228225,0.06593559047732567
0.0,0.0,0.0,0.0,0.0,0.0,0.0,0.0,0.0,0.0,0.0,0.0,0.0,0.0,0.0,0.0,0.0,0.0,0.0,0.0,0.0,0.0,0.0,0.0,0.0,0.0,0.0,0.0,0.0,0.0,0.0,0.0,0.0,0.0,0.0,0.0,0.0,0.0,0.0,0.0,0.0,0.0,0.0,0.0,0.0,0.0,0.0,0.0,0.0,0.0,0.0,0.0,0.0,0.0,0.0,0.0,1.0,0.0,0.0,0.0,0.0,0.0,0.0,0.0,0.0,0.0,0.0,0.0,0.0,0.0,0.0,0.0,0.0,0.0,0.0,0.0,0.0,0.0,0.0
0.10870870960029566,0.07703011684798544,1.0,0.14382920282164935,0.12703445085868348,0.13486500046719552,0.21040828755191432,0.024375937539635628,0.1382552340149399,0.17777786019912867,0.0,0.0,0.0,0.14066213105946013,0.0,0.0,0.1562725423930188,0.0,0.0,0.13391232633937544,0.12389138392172705,0.1272436074446347,0.0414755293083221,0.040966918484946824,0.1549741037196476,0.16148054568340997,0.0,0.20634705041115864,0.06525150312249028,0.0,0.08949056319116488,0.26926200653933163,0.0,0.1014401428907068,0.11690090821452126,0.3193304329516191,0.17466736251834258,0.12828437288422623,0.3283624389395223,0.0,0.23297726323327572,0.052580683150173835,0.18555954689211152,0.19547061296579293,1.0,0.08212475830579313,0.04556699783106122,0.15834398347895773,0.11416262870379223,0.4518252085405985,0.12226655339756731,0.22658130897864615,0.1922261749257459,0.12489468767561518,0.11957029425502108,0.09462692390623562,0.0,1.0,0.14654649378560325,0.22539577368557118,0.17009992706700205,0.0665180812965761,0.06584780316790939,0.30104407843647263,0.0,0.20005765330656533,0.04482063811413861,0.0,0.12880028075436956,0.1838298755396991,0.2444290132253507,0.6032981648756048,0.0900805564316085,0.25947640622937684,0.15056841299683266,0.15674679246338163,0.19098436475836755,0.19953645418162358,0.24058756661512903
0.1933615690741335,0.19017984323194692,0.14654649378560325,0.267272861344636,0.097054952653162,0.28741685778595993,0.25049222921262415,0.02373766172886449,0.1728207594655089,0.473319966821625,0.0,0.0,0.0,0.10915277867086859,0.0,0.0,0.301038630129673,0.0,0.0,0.31778856740821415,0.08588256172245212,0.48014148453899796,0.08442797718638073,0.1349708865190844,0.15086880253233637,0.08298048851511708,0.0,0.3146821423142514,0.041899889343504304,0.0,0.2660692839861487,0.1520908153379903,0.0,0.14092591902409013,0.07786190739354237,0.22393779391972368,0.42491059554102684,0.24481067049525995,0.21622895414585808,0.0,0.18727230129160366,0.11299053042946294,0.20695100578614634,0.2766032148136377,0.14654649378560325,0.06755821363200398,0.19558575752552543,0.17971286840048095,0.1951604135914018,0.13354682664147455,0.09045511170526899,0.6244863534248652,0.2033352983670087,0.552658278171534,0.17680562987635662,0.11855483742219064,0.0,0.14654649378560325,1.0,0.4531313873761156,0.2881996514931362,0.15248834798683186,0.07504880914135348,0.1936879961636595,0.0,0.13323496887414554,0.19217735408610492,0.0,0.599160617938462,0.3614694980025319,0.18887244416005666,0.10849168651987351,0.16919329325868981,0.13505459968519906,0.32532046253179947,0.3247446139551766,0.20085514142787853,0.19098645595093555,0.1655657979760906
0.2099313062857726,0.05537835436217431,0.22539577368557118,0.08395867843436577,0.11086956189375263,0.3232724008531279,0.32817859751045786,0.023383363180159322,0.10427477806562213,0.6598934735132939,0.0,0.0,0.0,0.10303440265875519,0.0,0.0,0.25063092528163167,0.0,0.0,0.37582918964279255,0.0927380414100979,0.5373869829161775,0.028007574289373838,0.0530682625420682,0.10810279051443561,0.1127261277113053,0.0,0.45161377251849155,0.057214724074119316,0.0,0.07151052665981483,0.16346813055316556,0.0,0.0700752980712065,0.07599796501446554,0.20713744868781958,0.4910743035676759,0.27407260595905925,0.2377569017958645,0.0,0.18242425983620036,0.04519193060222815,0.17940639291792804,0.18272870820059484,0.22539577368557118,0.06264933802984796,0.03211011985021228,0.16004502442231727,0.12696153002978328,0.19645360583292582,0.1256614096332631,0.7972642043239663,0.2242290970983286,0.3977801770744065,0.07179290498989133,0.0624170813096282,0.0,0.22539577368557118,0.4531313873761156,1.0,0.1601717188399976,0.05168581694820862,0.04082160351249242,0.16008174445270562,0.0,0.12590795378853337,0.030977886983878933,0.0,0.5851597756473423,0.4331618447538712,0.23142801181092187,0.16012485214296912,0.07950035988515414,0.16025371390093957,0.40951139377429846,0.5144304944989175,0.18503598717535907,0.2860969149548399,0.2490835608444869
0.17323860567168348,0.20227913405055853,0.17009992706700205,0.23329928970271963,0.19082061298571973,0.2006273833678387,0.2799113275512912,0.03159534445619849,0.2957324150870959,0.19529090632778645,0.0,0.0,0.0,0.2172534485232268,0.0,0.0,0.4012005328963437,0.0,0.0,0.20339279682602984,0.14639677435088727,0.13132881625775028,0.09907423187820685,0.2309746343016812,0.27192803984023917,0.10604056654121718,0.0,0.2783070550921961,0.15892097506803748,0.0,0.2588235928231688,0.19840881546853917,0.0,0.2051267384489831,0.11695089117359103,0.3430382233215836,0.1483787316881907,0.25253736083359557,0.37521625637237843,0.0,0.236781245185948,0.14121256449004038,0.3994212812336515,0.5628009805430345,0.17009992706700205,0.16145047687562752,0.2143075889743019,0.26361391529793976,0.3557007010787513,0.13108320087390024,0.16871919717871253,0.2746526797302621,0.3226526879958983,0.22128757623544315,0.18167366249274786,0.15548016469841386,0.0,0.17009992706700205,0.2881996514931362,0.1601717188399976,1.0,0.15528876936705893,0.11074877348016865,0.2826550758177472,0.0,0.18079160531136673,0.13958369052501218,0.0,0.16804844564090837,0.29338392522618495,0.43794591319882625,0.10908284246495459,0.26423738128318774,0.20236765880605712,0.13367273740382668,0.17247199787893308,0.4044563857932202,0.254421907946618,0.22251475020938827
0.11823889469906645,0.3019172413381721,0.0665180812965761,0.13474786555257356,0.11293300400242035,0.1555914881710766,0.12152820796512831,0.11164066304980558,0.13843203121195458,0.04095495070960253,0.0,0.0,0.0,0.13788490692947974,0.0,0.0,0.09274823008621103,0.0,0.0,0.14422979177908402,0.08072497166918635,0.03826067182443016,0.1049262120250034,0.08491066921750157,0.14428644646310806,0.12268797911864382,0.0,0.04309805040462078,0.059634497118468355,0.0,0.15416826765071978,0.04130794431229423,0.0,0.19444896934387645,0.06904677443745255,0.13337710333422437,0.06660140135625714,0.11682872747213935,0.33611584288163177,0.0,0.041147750896230684,0.1233481597385162,0.09156730740557062,0.11092080094512802,0.0665180812965761,0.06985359047420192,0.11607951220301582,0.09346544708822468,0.12619765463069288,0.05845938849066701,0.0919871075502473,0.04910394580785926,0.10398966931642983,0.1961743683083369,0.16738191790146129,0.11984878661887044,0.0,0.0665180812965761,0.15248834798683186,0.05168581694820862,0.15528876936705893,1.0,0.08345488431135373,0.13161364307389556,0.0,0.08672771020195891,0.11436835739652462,0.0,0.08663894249775894,0.042026545901099444,0.054470122563956225,0.056220584618874025,0.17578866965426476,0.055682662197822363,0.04896453429247016,0.09650087564968068,0.09825025038753166,0.07714622881129829,0.054487917327942004
0.042292062110211304,0.11717578901100212,0.06584780316790939,0.1560850791620022,0.03881521985619418,0.06659589592871984,0.05818537224689879,0.02751895152794681,0.1086548113392416,0.034718766261056855,0.0,0.0,0.0,0.08123840672050597,0.0,0.0,0.06281434954137877,0.0,0.0,0.06258814979828009,0.07520898997007253,0.03453392688520163,0.07419412710913531,0.057302901284992824,0.17388205950472124,0.0711581177719427,0.0,0.03675580098371101,0.02599305414819364,0.0,0.06575285755823435,0.03674853452652238,0.0,0.10654212245013939,0.06937251595808747,0.09965380989126549,0.03711018866047888,0.10337095769552462,0.07983323044789792,0.0,0.03842113162239236,0.07534773170146958,0.0574954897759099,0.09594835360052922,0.06584780316790939,0.06949066464177345,0.09650957612933753,0.08168204232123111,0.07034783421695523,0.055275363864157434,0.044911984091067,0.03798321605111843,0.05014361347728791,0.06877568213975316,0.12111351634563683,0.11938837920489298,0.0,0.06584780316790939,0.07504880914135348,0.04082160351249242,0.11074877348016865,0.08345488431135373,1.0,0.09344575652615539,0.0,0.06364349617548759,0.08150046966686864,0.0,0.030367883429180287,0.03875845016006707,0.047836312624850885,0.05250417784979999,0.10612301274467018,0.050417260932400954,0.05272614534563669,0.03636772126410748,0.0523595815304867,0.0359987755186848,0.045285507058667074
0.1816435463389835,0.14876630231021026,0.30104407843647263,0.186560239757952,0.18085337025236714,0.21574644748643568,0.30254756163861374,0.02565921286431705,0.27778975969164477,0.16599180703151295,0.0,0.0,0.0,0.24682711514687694,0.0,0.0,0.26885161342292796,0.0,0.0,0.21377742787592846,0.11990364792909947,0.09387624838793784,0.05497476637065768,0.12844546023181258,0.20862394107740023,0.11053355369008011,0.0,0.22072386762374285,0.13791668514829247,0.0,0.18922947093969156,0.21159297174850122,0.0,0.1481343964563968,0.10018421642275277,0.36287603069199137,0.12186604255910416,0.27488213092541924,0.33299551125855253,0.0,0.22226392158180064,0.1174306413214119,0.1899914976684497,0.2126758488512852,0.30104407843647263,0.10931798829521333,0.0773585771415779,0.5809354735232579,0.1913803705774333,0.17376011378338718,0.16343304394365132,0.2212555606385903,0.3518782354521084,0.17093065298361676,0.1797686671282377,0.5272365309056489,0.0,0.30104407843647263,0.1936879961636595,0.16008174445270562,0.2826550758177472,0.13161364307389556,0.09344575652615539,1.0,0.0,0.16828833668286136,0.07184649268296561,0.0,0.1322362006012352,0.21035366405653066,0.34491053279053463,0.2166178716398428,0.5370781757970323,0.2999665209776884,0.14110965143899112,0.16614559797437756,0.3389167550729679,0.38722747107148714,0.25423153361756323
0.0,0.0,0.0,0.0,0.0,0.0,0.0,0.0,0.0,0.0,0.0,0.0,0.0,0.0,0.0,0.0,0.0,0.0,0.0,0.0,0.0,0.0,0.0,0.0,0.0,0.0,0.0,0.0,0.0,0.0,0.0,0.0,0.0,0.0,0.0,0.0,0.0,0.0,0.0,0.0,0.0,0.0,0.0,0.0,0.0,0.0,0.0,0.0,0.0,0.0,0.0,0.0,0.0,0.0,0.0,0.0,0.0,0.0,0.0,0.0,0.0,0.0,0.0,0.0,1.0,0.0,0.0,0.0,0.0,0.0,0.0,0.0,0.0,0.0,0.0,0.0,0.0,0.0,0.0
0.09258457477304738,0.1043086264087687,0.20005765330656533,0.09467706358804862,0.13200404054295112,0.19972701214879152,0.18659309090517828,0.027099809008830134,0.20570201186937798,0.23067906588038523,0.0,0.0,0.0,0.14887612967761787,0.0,0.0,0.18979425237803427,0.0,0.0,0.19924015391648053,0.08735257690939735,0.1570441309950542,0.2413752325473818,0.1308523165929666,0.11995361307658858,0.09602306526231463,0.0,0.2631922165074364,0.08708156570503833,0.0,0.17872077502989037,0.3051811864191072,0.0,0.10398747655328944,0.0757680194667063,0.18981297699478905,0.10997245414623169,0.19377439279311437,0.17273480574778532,0.0,0.19592199397538612,0.08483716422336496,0.2882592953644809,0.31441807689111045,0.20005765330656533,0.05877648932505186,0.19150713193124325,0.16249532312773785,0.19946352545986712,0.13886653892381928,0.13238598213580588,0.16011318327008317,0.1797570143575309,0.12371588746218387,0.10506964998170087,0.07677812330763134,0.0,0.20005765330656533,0.13323496887414554,0.12590795378853337,0.18079160531136673,0.08672771020195891,0.06364349617548759,0.16828833668286136,0.0,1.0,0.15483197780264701,0.0,0.12311333940180824,0.21870881475212156,0.19288167251615662,0.13235566458816206,0.17180011411031282,0.44089370592484833,0.23565448085118001,0.3450140072582639,0.28872935961463875,0.2960655046405718,0.2149416088821421
0.027354116763744885,0.1395238678189631,0.04482063811413861,0.09156718876607339,0.023075975144440264,0.11907929237904846,0.04171788206033711,0.019191523119231668,0.12359838980959637,0.022149849641007524,0.0,0.0,0.0,0.053973483604386696,0.0,0.0,0.13042988479697404,0.0,0.0,0.108283911595632,0.048903396381526076,0.02192086532829951,0.1985677586644622,0.5453427602494305,0.09666869529992894,0.04711484867755111,0.0,0.022875778003435654,0.016676384713112835,0.0,0.20323492348347783,0.022845633850311575,0.0,0.10526545647662444,0.04622571211189774,0.07905758964556708,0.028776395948659217,0.11379542981538515,0.07754970464236277,0.0,0.02323219468306892,0.11323081418653536,0.23952857450479315,0.35568105058321187,0.04482063811413861,0.04386510075492489,0.8595042195317589,0.05734599059085377,0.5064331935133439,0.04021860355889473,0.029594622613009602,0.027713602543112392,0.038367394940527655,0.07521979525777711,0.17932746458992643,0.07904051516032484,0.0,0.04482063811413861,0.19217735408610492,0.030977886983878933,0.13958369052501218,0.11436835739652462,0.08150046966686864,0.07184649268296561,0.0,0.15483197780264701,1.0,0.0,0.020487172841514023,0.02302493860324384,0.031160353632708415,0.03890543632867938,0.22952184643051554,0.03442349420268587,0.13273938139366281,0.022722701399064293,0.042864732499059977,0.022028190892085853,0.030820498782337724
0.0,0.0,0.0,0.0,0.0,0.0,0.0,0.0,0.0,0.0,0.0,0.0,0.0,0.0,0.0,0.0,0.0,0.0,0.0,0.0,0.0,0.0,0.0,0.0,0.0,0.0,0.0,0.0,0.0,0.0,0.0,0.0,0.0,0.0,0.0,0.0,0.0,0.0,0.0,0.0,0.0,0.0,0.0,0.0,0.0,0.0,0.0,0.0,0.0,0.0,0.0,0.0,0.0,0.0,0.0,0.0,0.0,0.0,0.0,0.0,0.0,0.0,0.0,0.0,0.0,0.0,0.0,1.0,0.0,0.0,0.0,0.0,0.0,0.0,0.0,0.0,0.0,0.0,0.0
0.3862515111607012,0.03827899076441832,0.12880028075436956,0.0612441875434091,0.2250550080140915,0.4014369951259552,0.3579665286972904,0.28440361822746896,0.10960456882742453,0.5572220105746397,0.0,0.0,0.0,0.15210013935489997,0.0,0.0,0.34587176970397415,0.0,0.0,0.4371484295840613,0.07586317604049597,0.5742643017587234,0.0187599120236267,0.056005035589271834,0.08437427807662146,0.12365940981974366,0.0,0.4127983589835251,0.1181635295238278,0.0,0.1526368029513585,0.15807949348305472,0.0,0.050284443456927286,0.05786486938328128,0.18016664902214763,0.479462730064254,0.27961516267885544,0.17703464113866652,0.0,0.18012577693165532,0.08447426753317311,0.1854663333616322,0.18722971106428588,0.12880028075436956,0.046871469147910405,0.022226660130008957,0.16461835220225596,0.20661108467716305,0.11240619069275481,0.25697462355238043,0.6839918536198473,0.29960777338113065,0.7103751913191794,0.05043172835585785,0.04217642425928392,0.0,0.12880028075436956,0.599160617938462,0.5851597756473423,0.16804844564090837,0.08663894249775894,0.030367883429180287,0.1322362006012352,0.0,0.12311333940180824,0.020487172841514023,0.0,1.0,0.4903104104783187,0.19417461158802218,0.09305135612876136,0.10910907532507086,0.1544573547300594,0.4805066283742023,0.4799726392815957,0.20424120969050463,0.3198637457684188,0.19642804977968542
0.21104622417976981,0.04464467507990988,0.1838298755396991,0.07805253272527535,0.18581280452565774,0.2655024183207354,0.37558260959187995,0.02882451983388945,0.15477636293844022,0.5062595303518593,0.0,0.0,0.0,0.13502613409630038,0.0,0.0,0.3268565644692031,0.0,0.0,0.325913237363592,0.10485847150760885,0.5093539870515666,0.02059044686794087,0.1193371817022858,0.12630000581037182,0.10062286479909777,0.0,0.5079723038762181,0.11527055556367027,0.0,0.0994577823228503,0.26630115832517776,0.0,0.059868202495276135,0.07268256376858973,0.29720845883557956,0.3360881803533988,0.39448533915176986,0.28349037052765214,0.0,0.3276141241133521,0.04308185635422046,0.324688090169178,0.3282273045157196,0.1838298755396991,0.08263027113562027,0.02652818110997135,0.26959812798485716,0.21198905885943253,0.15794628177897074,0.32526788074997603,0.5714753289353899,0.4192867220679134,0.3215677220338675,0.060728642691201706,0.05047261873202891,0.0,0.1838298755396991,0.3614694980025319,0.4331618447538712,0.29338392522618495,0.042026545901099444,0.03875845016006707,0.21035366405653066,0.0,0.21870881475212156,0.02302493860324384,0.0,0.4903104104783187,1.0,0.43212818628595473,0.12176276783904372,0.1485024658706684,0.33520754994774804,0.3980549427049934,0.455281138358936,0.3414900394902758,0.3534187016922893,0.39544061664266983
0.2554494285147062,0.059869242156837976,0.2444290132253507,0.09407219808506628,0.27762752504230814,0.1807254853272161,0.3335883199674454,0.02977966282857525,0.21670070652798767,0.2208786258847959,0.0,0.0,0.0,0.1440814452004049,0.0,0.0,0.32489848519173736,0.0,0.0,0.18552085847892297,0.10571936564269357,0.16296439219196068,0.026943157018759045,0.26677093367423543,0.1267940996954513,0.12295792585156606,0.0,0.33878455392099216,0.1736206227881083,0.0,0.22647796849677304,0.30974788395345576,0.0,0.07899983516043907,0.08080813498005746,0.3531250968948543,0.19623941103564213,0.26971714545366954,0.42904830209617706,0.0,0.46812802687116806,0.05366769231826163,0.44601030779263373,0.4495632397673077,0.2444290132253507,0.12034323215947051,0.03590045379290341,0.39675608549980623,0.3176957487198988,0.23931201520380463,0.3302091939413073,0.35530950406167183,0.4173801337577321,0.17748687127070817,0.07548312064380969,0.06577287729244363,0.0,0.2444290132253507,0.18887244416005666,0.23142801181092187,0.43794591319882625,0.054470122563956225,0.047836312624850885,0.34491053279053463,0.0,0.19288167251615662,0.031160353632708415,0.0,0.19417461158802218,0.43212818628595473,1.0,0.15982938425341575,0.17156055368801226,0.3326751493411473,0.15493556922996188,0.26138629378771894,0.5487308712695621,0.4665463797792766,0.4977520934438293
0.07234398093602368,0.0640721214334361,0.6032981648756048,0.09206517287194194,0.1098003163002299,0.10975155711280704,0.15879498539571557,0.020552234682335024,0.11707186570865458,0.12059694142290844,0.0,0.0,0.0,0.1288909754299825,0.0,0.0,0.12749282203606316,0.0,0.0,0.10645389649892711,0.08147394311265543,0.08337027220176763,0.03635993315666586,0.030994893509649457,0.09768610283751844,0.13348975362165239,0.0,0.16111991091567335,0.06268152288943507,0.0,0.08823693863121762,0.22274483130465195,0.0,0.07413802482918064,0.07773738328005197,0.2690756459281216,0.14012454341817826,0.08479253139404053,0.21176591111383114,0.0,0.1504533060996407,0.04417117074258359,0.11960895412208561,0.1272470789722998,0.6032981648756048,0.06606267310060532,0.038444502095520194,0.10618627926542823,0.08019454321902941,0.3483442457361694,0.08867815276142099,0.1584393198450088,0.1365850482800508,0.09133188826966343,0.07920724003678459,0.07850018313302276,0.0,0.6032981648756048,0.10849168651987351,0.16012485214296912,0.10908284246495459,0.056220584618874025,0.05250417784979999,0.2166178716398428,0.0,0.13235566458816206,0.03890543632867938,0.0,0.09305135612876136,0.12176276783904372,0.15982938425341575,1.0,0.06826375153199005,0.24042826494190261,0.1040624065169159,0.11003919016273656,0.1354879736906729,0.1728795859596779,0.17682033680754417
0.1868434660181023,0.15145254691456722,0.0900805564316085,0.1793887584737789,0.13721424897350532,0.21569038618035252,0.198004374779282,0.04934772387735764,0.2410987731375881,0.08287220473107793,0.0,0.0,0.0,0.24384176992186157,0.0,0.0,0.20767305102130706,0.0,0.0,0.2114395324966929,0.10687518297315068,0.06198905479321837,0.1544767353517862,0.2117060946710101,0.19521305544460665,0.11369625926901383,0.0,0.09277133155655592,0.060733953828874365,0.0,0.375584899526864,0.08532239574625966,0.0,0.1633579700680572,0.08819686380758829,0.2026616012453879,0.06727077687515814,0.3285879384330377,0.1899637772938506,0.0,0.08630336643246583,0.17701708147064021,0.1523181344493204,0.3840022281816775,0.0900805564316085,0.09215840218277749,0.35811018807466044,0.4954569292520241,0.31900859486282473,0.08340803118193829,0.24455758730875332,0.09107914200069445,0.2595226013013796,0.1818288702273232,0.15955714069664184,0.5729790700653408,0.0,0.0900805564316085,0.16919329325868981,0.07950035988515414,0.26423738128318774,0.17578866965426476,0.10612301274467018,0.5370781757970323,0.0,0.17180011411031282,0.22952184643051554,0.0,0.10910907532507086,0.1485024658706684,0.17156055368801226,0.06826375153199005,1.0,0.15505658010975565,0.1721775754593815,0.21101233233497885,0.1746455059616775,0.19573310172493263,0.17771660396374966
0.12240145788087309,0.061828953811732146,0.25947640622937684,0.0963930908471502,0.2097217427467153,0.18512103899564025,0.2618341667269941,0.029371922555687546,0.196825923191288,0.2482298010818308,0.0,0.0,0.0,0.20392651988604205,0.0,0.0,0.2142985776923524,0.0,0.0,0.1871303390281731,0.11164533458418524,0.1538775841420731,0.029583445398621233,0.08221601206123286,0.13370734609782975,0.09831596977859203,0.0,0.29398242367170035,0.134704428832511,0.0,0.15228811294828104,0.3342814557256546,0.0,0.07699992794623056,0.0753796506187473,0.2799370293314356,0.14287885627840624,0.25410967494757697,0.2157729633665364,0.0,0.22659491634460727,0.0554634522648777,0.21772496162838606,0.2208721412088378,0.25947640622937684,0.063652953447769,0.04067708904150735,0.3964235603912081,0.1641455018458755,0.16426165309663177,0.2889716704773704,0.21344057321965604,0.25596228440153956,0.13007339249761773,0.07770265564146672,0.06564070882185513,0.0,0.25947640622937684,0.13505459968519906,0.16025371390093957,0.20236765880605712,0.055682662197822363,0.050417260932400954,0.2999665209776884,0.0,0.44089370592484833,0.03442349420268587,0.0,0.1544573547300594,0.33520754994774804,0.3326751493411473,0.24042826494190261,0.15505658010975565,1.0,0.21543621037239724,0.4133105626367142,0.3338491621558257,0.44802554777248615,0.35687239343298205
0.1545778788015476,0.05606123705192334,0.15056841299683266,0.07546159162173127,0.11600782756770622,0.2849516029901109,0.2338480477161584,0.032818785586225085,0.19053623218992666,0.5041269662981507,0.0,0.0,0.0,0.20851357804120818,0.0,0.0,0.2478432109362132,0.0,0.0,0.34659615044504377,0.08445704223596351,0.5421647441263553,0.09825055776945746,0.16154871890615718,0.13436018907708558,0.0881570189823897,0.0,0.3720711791322401,0.0803549834588273,0.0,0.15452845424282913,0.2038451256374173,0.0,0.0691376795952302,0.060844638875901635,0.22872282382783138,0.29159008572465994,0.2546610781681711,0.1429743925717757,0.0,0.1355651424579004,0.07883042547672314,0.19933032816474183,0.2561055872958775,0.15056841299683266,0.051504093638302995,0.17817607549212688,0.14272929278953017,0.21330386655922695,0.10910651388206427,0.11725021794883095,0.4342087789743454,0.23143473015871652,0.28272907750703147,0.075932555621676,0.07839413386863714,0.0,0.15056841299683266,0.32532046253179947,0.40951139377429846,0.13367273740382668,0.04896453429247016,0.05272614534563669,0.14110965143899112,0.0,0.23565448085118001,0.13273938139366281,0.0,0.4805066283742023,0.3980549427049934,0.15493556922996188,0.1040624065169159,0.1721775754593815,0.21543621037239724,1.0,0.3794173310975075,0.17763180915610544,0.23329614295938006,0.2112299725233845
0.2400645402253907,0.044483983752881096,0.15674679246338163,0.07300080492667027,0.19014372397062484,0.3238875259008145,0.40394704624886124,0.12263376925276004,0.1286045460999744,0.6732374219417011,0.0,0.0,0.0,0.1654169975613783,0.0,0.0,0.2510496066311332,0.0,0.0,0.36923583024928297,0.08144866219247937,0.4154626310702685,0.020575571395284653,0.06041559742572589,0.09432640001420955,0.1235082014061788,0.0,0.49124295031595455,0.12755897695368357,0.0,0.1330126268378229,0.2367798409849825,0.0,0.058373214510284654,0.06368092880808773,0.1926000874299164,0.3686379690729482,0.3247735112735486,0.17283299904083482,0.0,0.19355396868908314,0.062214705067522136,0.18766627907877975,0.19016017398670582,0.15674679246338163,0.056174905462936464,0.025490852354284388,0.1735406979418419,0.15692548608834112,0.12484414879250694,0.31146282688408866,0.4792229098789855,0.3130338743010952,0.3337463206212583,0.058148456702331375,0.049493261842234904,0.0,0.15674679246338163,0.3247446139551766,0.5144304944989175,0.17247199787893308,0.09650087564968068,0.03636772126410748,0.16614559797437756,0.0,0.3450140072582639,0.022722701399064293,0.0,0.4799726392815957,0.455281138358936,0.26138629378771894,0.11003919016273656,0.21101233233497885,0.4133105626367142,0.3794173310975075,1.0,0.2893614371096468,0.4429748912381418,0.29031570636693727
0.23334545484714186,0.1206446187416007,0.19098436475836755,0.13105853832280068,0.3511065519496597,0.2249942940109365,0.36370517782199774,0.05232545176063719,0.26738381781617526,0.22719097889314244,0.0,0.0,0.0,0.21897242420166974,0.0,0.0,0.39538393217307266,0.0,0.0,0.22528251483936534,0.09669976813355985,0.14703811660237442,0.0555798958198469,0.16024313415115143,0.11923594255637071,0.20343569119567828,0.0,0.35399725803484905,0.2559981580389863,0.0,0.226369961958517,0.3119490843259729,0.0,0.10066137890956806,0.07370485611370159,0.32733416039972063,0.22564339895005292,0.24018964010494503,0.3593896442825788,0.0,0.4492754906343215,0.07686145852825466,0.37280090269418953,0.3819748491323759,0.19098436475836755,0.11786016061598659,0.054021869666299405,0.421562396192265,0.3299579063300766,0.18446054308557103,0.27197772490009964,0.3154569789285354,0.5962607166080831,0.2525574736204571,0.07261865431088799,0.06770792894532707,0.0,0.19098436475836755,0.20085514142787853,0.18503598717535907,0.4044563857932202,0.09825025038753166,0.0523595815304867,0.3389167550729679,0.0,0.28872935961463875,0.042864732499059977,0.0,0.20424120969050463,0.3414900394902758,0.5487308712695621,0.1354879736906729,0.1746455059616775,0.3338491621558257,0.17763180915610544,0.2893614371096468,1.0,0.4711227398971769,0.36200490213030734
0.3029382943232535,0.045598488873778376,0.19953645418162358,0.07662688944117046,0.32030453727291563,0.38873203482790175,0.36914126652573653,0.057649185234498246,0.23510007055339754,0.39791114974930597,0.0,0.0,0.0,0.30230450610949355,0.0,0.0,0.41093199199775876,0.0,0.0,0.3945761528155831,0.09036945368553029,0.19842200790865183,0.019974140865189005,0.10457114705647375,0.10636655641939341,0.1245459291100045,0.0,0.46810497465385326,0.28434067024784204,0.0,0.31035764973134916,0.4097290544358392,0.0,0.06246571431408332,0.068643311941196,0.28037906882848285,0.21040444084025844,0.28296215031522665,0.25644476689046314,0.0,0.3706734794701878,0.06799448262534369,0.2694603489980465,0.27064008711356036,0.19953645418162358,0.06548345788696541,0.025570180558582623,0.34674033841314233,0.241823561090037,0.1652226699541508,0.28293677125141015,0.37880628358943014,0.43703502732695454,0.22568879030816846,0.06063047852882175,0.04915742355228225,0.0,0.19953645418162358,0.19098645595093555,0.2860969149548399,0.254421907946618,0.07714622881129829,0.0359987755186848,0.38722747107148714,0.0,0.2960655046405718,0.022028190892085853,0.0,0.3198637457684188,0.3534187016922893,0.4665463797792766,0.1728795859596779,0.19573310172493263,0.44802554777248615,0.23329614295938006,0.4429748912381418,0.4711227398971769,1.0,0.5123212689436203
0.1467624659106318,0.05903304022340916,0.24058756661512903,0.08801445090588389,0.19924531694692238,0.1614966094258652,0.25153589130728315,0.029355993031235816,0.18380398244760277,0.2507831688752371,0.0,0.0,0.0,0.1350862348534747,0.0,0.0,0.18804004119456996,0.0,0.0,0.18592665561297206,0.1081980180899742,0.2289922906860229,0.026955495087627734,0.07457587272201205,0.13072060809477648,0.12746877703433213,0.0,0.2623388224098009,0.08819821181519316,0.0,0.10203625113746062,0.2770944291393931,0.0,0.07339818004905951,0.07909664647362957,0.295956293430085,0.17682478186594008,0.29627356270529215,0.279134988402717,0.0,0.42942970562496074,0.052519022805204374,0.25376257163714855,0.25723872611941,0.24058756661512903,0.07042949466883386,0.03422120271408746,0.35605561365463323,0.1817407956071193,0.44150013023237067,0.31709473288902257,0.26813847010862235,0.29299759252392377,0.15511829608261607,0.07089354788375446,0.06593559047732567,0.0,0.24058756661512903,0.1655657979760906,0.2490835608444869,0.22251475020938827,0.054487917327942004,0.045285507058667074,0.25423153361756323,0.0,0.2149416088821421,0.030820498782337724,0.0,0.19642804977968542,0.39544061664266983,0.4977520934438293,0.17682033680754417,0.17771660396374966,0.35687239343298205,0.2112299725233845,0.29031570636693727,0.36200490213030734,0.5123212689436203,1.0
