Solution 1,Cluster 1,Solution 2,Cluster 2,Disjoint Genes
0,0,1,3,"{'4CL1', 'ATR2', 'CSD1', 'LEA14', 'ADAP', 'OPR1', 'ACX1', 'NDPK1', 'PAL2', 'WRKY11', 'LOX2', 'PAL1', 'EIF4A1', 'EP3', 'TSB1', 'PER64', 'TBL15', 'LTI30', 'OMT1', 'AOS', 'ASA1', 'NPR1', 'PSBO1', 'IAR3', 'ASB1', 'HSC70-1', 'ACT2', 'TSA1', 'CAM2', 'cPGK2', 'FAD7', 'SAM-2', 'CYP83B1', 'GSTU5', 'HOG1', 'PLC1', 'LAZ5', 'EFE'}"
0,2,2,1,"{'PLL16', 'CYP71B6', 'AT4G16610', 'uL18-L4', 'AO1', 'AT2G35790', 'PDF1.2', 'AIM1', 'TGG1', 'GPX1', 'PLC8', 'AT-P4H-1', 'UBQ4', 'LAZ5', 'MYB68', 'PR1', 'PME1'}"
0,3,2,3,"{'ACS2', 'EXO70A3', 'ATR2', 'NDR1', 'PDF1.2', 'AO1', 'ICK1', 'RBCS1B', 'LHB1B2', 'LOX1', 'MPK3', 'PME1', 'PLL16', 'WRKY11', 'TBL9', 'AIG2', 'RNS2', 'EP3', 'ADA1A', 'PER64', 'CCR1', 'PETE1', 'HCHIB', 'AT-P4H-1', 'MEKK1', 'WIN2'}"
0,3,3,2,"{'PRK', 'CYP71B6', 'ACS2', 'ABCC2', 'AO1', 'AT2G35790', 'ICK1', 'AIM1', 'MFP2', 'LOX1', 'PLDALPHA1', 'ACX2', 'PLL16', 'WRKY11', 'TBL9', 'RNS2', 'EP3', 'ADA1A', 'PER64', 'PKT3', 'GS2', 'HCHIB', 'AT3G15350', 'FAD2', 'ARAB-1', 'AT5G06940'}"
0,0,3,0,"{'EF1alpha', 'GSTU19', 'ATR2', 'uL18-L4', 'CAD9', 'RNS1', 'ERD5', 'MYB68', 'NIA2', 'SEH', 'CAM2', 'cPGK2', 'WRKY11', 'GPX2', 'CM1', 'GSTF6', 'UGT88A1', 'MPPalpha', 'ECS1', 'APX1', 'ATRABE1B', 'WIN2'}"
0,2,3,1,"{'EF1alpha', 'uL18-L4', 'AO1', 'ATR2', 'TGG1', 'TGG2', 'GPX1', 'PLC8', 'MYB68', 'ER', 'PLL16', 'AT4G16610', 'ARAB-1', 'PER64', 'PLC1', 'UBQ4', 'FAD2', 'PR1', 'AT5G06940'}"
0,0,4,2,"{'GSTU19', 'ABCC2', 'uL18-L4', 'CAD9', 'AT2G35790', 'LecRK-V.5', 'MFP2', 'FAH1', 'LOX1', 'HMG1', 'NIA2', 'SEH', 'NDPK1', 'PLDALPHA1', 'CCOAMT', 'ACX2', 'RNS2', 'GSTF6', 'UGT88A1', 'MPPalpha', 'VEP1', 'DHS1', 'APX1', 'AT3G15350', 'FAD2', 'ROF1', 'EF1alpha', 'PRK', 'CYP71B6', 'TT4', 'HPL1', 'ELI3-1', 'ICK1', 'AIM1', 'RNS1', 'GER2', 'ERD5', 'CAM2', 'OXR2', 'GPX2', 'CM1', 'NIT2', 'CHIA', 'PKT3', 'GS2', 'CCR1', 'PLDBETA1', 'ARAB-1', 'ATRABE1B', 'WIN2'}"
0,3,5,1,"{'CYP71B6', 'ACS2', 'ABCC2', 'AO1', 'AT2G35790', 'ICK1', 'AIM1', 'MFP2', 'LOX1', 'PLDALPHA1', 'ACX2', 'PLL16', 'WRKY11', 'TBL9', 'RNS2', 'EP3', 'ADA1A', 'PER64', 'PKT3', 'GS2', 'HCHIB', 'AT3G15350', 'FAD2', 'ARAB-1', 'AT5G06940'}"
0,0,5,0,"{'CAM2', 'EF1alpha', 'WRKY11', 'PRK', 'CM1', 'cPGK2', 'GSTF6', 'CAD9', 'VEP1', 'ECS1', 'APX1', 'ERD5', 'LAZ5', 'MYB68', 'ATRABE1B'}"
0,2,5,3,"{'GSTU19', 'AO1', 'RNS1', 'TGG1', 'TGG2', 'GPX1', 'PLC8', 'MYB68', 'NIA2', 'SEH', 'ER', 'PME1', 'PLL16', 'AT4G16610', 'GPX2', 'UGT88A1', 'ARAB-1', 'MPPalpha', 'VEP1', 'UBQ4', 'LAZ5', 'FAD2', 'PR1', 'WIN2'}"
0,0,6,0,"{'EF1alpha', 'GSTU19', 'ABCC2', 'ATR2', 'uL18-L4', 'RNS1', 'GER2', 'ERD5', 'NIA2', 'MYB68', 'SEH', 'CAM2', 'cPGK2', 'WRKY11', 'GPX2', 'CM1', 'GSTF6', 'UGT88A1', 'MPPalpha', 'LAZ5'}"
0,2,6,1,"{'CYP71B6', 'EXO70A3', 'uL18-L4', 'ATR2', 'AT2G35790', 'ROF1', 'ICK1', 'GRF7', 'TGG1', 'GPX1', 'TGG2', 'MFP2', 'PLC8', 'MYB68', 'NDPK1', 'ER', 'ACX2', 'PME1', 'WRKY11', 'AT4G16610', 'RNS2', 'PKT3', 'GS2', 'CCR1', 'PLDBETA1', 'UBQ4', 'LAZ5', 'AT3G15350', 'FAD2', 'PR1', 'WIN2'}"
0,3,7,2,"{'CYP71B6', 'ACS2', 'ABCC2', 'uL18-L4', 'AT2G35790', 'AIM1', 'MFP2', 'PR4', 'GER2', 'NDPK1', 'PLDALPHA1', 'EP3', 'ADA1A', 'PER64', 'GS2', 'LAZ5', 'ROF1', 'FAD2', 'ARAB-1', 'AT5G06940'}"
0,0,7,0,"{'CAM2', 'EF1alpha', 'WRKY11', 'cPGK2', 'CM1', 'GSTU19', 'GPX2', 'ATR2', 'GSTF6', 'UGT88A1', 'RNS1', 'MPPalpha', 'ERD5', 'LAZ5', 'MYB68', 'NIA2', 'SEH'}"
0,2,7,3,"{'EXO70A3', 'uL18-L4', 'ATR2', 'ICK1', 'GRF7', 'TGG1', 'TGG2', 'GPX1', 'PR4', 'PLC8', 'LOX1', 'MYB68', 'ER', 'ACX2', 'PME1', 'WRKY11', 'AT4G16610', 'TBL9', 'RNS2', 'ARAB-1', 'PKT3', 'CCR1', 'PETE1', 'PLDBETA1', 'HCHIB', 'UBQ4', 'AT3G15350', 'FAD2', 'PR1', 'WIN2'}"
0,0,8,0,"{'URE', 'GSTU19', 'ABCC2', 'GRF7', 'uL18-L4', 'CAD9', 'AT2G35790', 'LecRK-V.5', 'MFP2', 'FAH1', 'HMG1', 'NIA2', 'SEH', 'NDPK1', 'CCOAMT', 'ACX2', 'RNS2', 'GSTF6', 'UGT88A1', 'MPPalpha', 'DHS1', 'APX1', 'AT3G15350', 'ROF1', 'EF1alpha', 'TT4', 'CYP71B6', 'HPL1', 'ELI3-1', 'ICK1', 'AIM1', 'RNS1', 'GER2', 'ERD5', 'MYB68', 'CAM2', 'OXR2', 'GPX2', 'CM1', 'NIT2', 'CHIA', 'PKT3', 'GS2', 'CCR1', 'PLC1', 'PLDBETA1', 'FSD1', 'ARAB-1', 'ATRABE1B', 'WIN2'}"
0,0,9,0,"{'EF1alpha', 'GSTU19', 'EXO70A3', 'GRF7', 'ICK1', 'RNS1', 'MFP2', 'ERD5', 'NIA2', 'SEH', 'NDPK1', 'ACX2', 'CAM2', 'CM1', 'RNS2', 'GSTF6', 'UGT88A1', 'PKT3', 'VEP1', 'TBL15', 'PETE1', 'GS2', 'CCR1', 'PLDBETA1', 'HCHIB', 'AT3G15350', 'ROF1', 'WIN2'}"
0,0,10,2,"{'EF1alpha', 'GSTU19', 'EXO70A3', 'uL18-L4', 'HPL1', 'RNS1', 'MFP2', 'FAH1', 'ERD5', 'NIA2', 'SEH', 'CAM2', 'GPX2', 'CM1', 'RNS2', 'GSTF6', 'UGT88A1', 'MPPalpha', 'GS2', 'CCR1', 'PLDBETA1', 'AT3G15350', 'WIN2'}"
0,0,11,0,"{'GSTU19', 'ABCC2', 'EXO70A3', 'CAD9', 'LecRK-V.5', 'MFP2', 'PR4', 'LOX1', 'NIA2', 'SEH', 'NDPK1', 'PLDALPHA1', 'CCOAMT', 'ACX2', 'RNS2', 'GSTF6', 'UGT88A1', 'ARAB-1', 'MPPalpha', 'DHS1', 'PETE1', 'HCHIB', 'AT3G15350', 'ROF1', 'EF1alpha', 'TT4', 'CYP71B6', 'HPL1', 'ELI3-1', 'ICK1', 'RNS1', 'GER2', 'ERD5', 'CAM2', 'cPGK2', 'GPX2', 'CM1', 'NIT2', 'PKT3', 'GS2', 'CCR1', 'PLC1', 'PLDBETA1', 'GRF7', 'WIN2'}"
0,0,12,0,"{'GSTU19', 'ABCC2', 'uL18-L4', 'CAD9', 'AT2G35790', 'LecRK-V.5', 'MFP2', 'FAH1', 'LOX1', 'NIA2', 'SEH', 'CCOAMT', 'PLDALPHA1', 'ACX2', 'RNS2', 'GSTF6', 'UGT88A1', 'MPPalpha', 'DHS1', 'ECS1', 'APX1', 'AT3G15350', 'ROF1', 'EF1alpha', 'PRK', 'CYP71B6', 'TT4', 'ELI3-1', 'ICK1', 'AIM1', 'RNS1', 'GER2', 'ERD5', 'CAM2', 'cPGK2', 'GPX2', 'CM1', 'NIT2', 'PKT3', 'GS2', 'CCR1', 'PLDBETA1', 'ARAB-1', 'ATRABE1B', 'WIN2'}"
0,0,13,2,"{'GSTU19', 'ABCC2', 'GRF7', 'uL18-L4', 'CAD9', 'AT2G35790', 'LecRK-V.5', 'MFP2', 'FAH1', 'LOX1', 'NIA2', 'SEH', 'CCOAMT', 'PLDALPHA1', 'ACX2', 'AT4G16610', 'RNS2', 'GSTF6', 'UGT88A1', 'MPPalpha', 'DHS1', 'ECS1', 'APX1', 'AT3G15350', 'ROF1', 'EF1alpha', 'PRK', 'CYP71B6', 'TT4', 'ELI3-1', 'ICK1', 'AIM1', 'RNS1', 'GPX1', 'GER2', 'ERD5', 'MYB68', 'CAM2', 'cPGK2', 'GPX2', 'CM1', 'NIT2', 'PKT3', 'GS2', 'CCR1', 'PLDBETA1', 'UBQ4', 'ARAB-1', 'ATRABE1B', 'WIN2'}"
0,2,14,0,"{'TBL9', 'uL18-L4', 'PR1', 'TGG1', 'GPX1', 'TGG2', 'PETE1', 'PLC8', 'AT-P4H-1', 'UBQ4', 'MYB68', 'ARAB-1', 'ER', 'AT5G06940', 'PME1'}"
0,0,14,1,"{'GSTU19', 'ABCC2', 'EXO70A3', 'uL18-L4', 'CAD9', 'AT2G35790', 'LecRK-V.5', 'MFP2', 'FAH1', 'LOX1', 'NIA2', 'SEH', 'NDPK1', 'PLDALPHA1', 'CCOAMT', 'ACX2', 'RNS2', 'GSTF6', 'UGT88A1', 'ARAB-1', 'MPPalpha', 'VEP1', 'TBL15', 'AT3G15350', 'ROF1', 'EF1alpha', 'CYP71B6', 'HPL1', 'ICK1', 'RNS1', 'AIM1', 'GPX1', 'GER2', 'ERD5', 'CAM2', 'cPGK2', 'CM1', 'NIT2', 'PKT3', 'GS2', 'HOG1', 'CCR1', 'PLDBETA1', 'GRF7', 'ATRABE1B', 'WIN2'}"
0,0,15,2,"{'EF1alpha', 'TT4', 'GSTU19', 'uL18-L4', 'HPL1', 'CAD9', 'RNS1', 'MFP2', 'FAH1', 'GER2', 'ERD5', 'NIA2', 'SEH', 'CAM2', 'GPX2', 'CM1', 'RNS2', 'GSTF6', 'UGT88A1', 'MPPalpha', 'GS2', 'CCR1', 'PLDBETA1', 'AT3G15350', 'ROF1', 'ATRABE1B', 'WIN2'}"
0,2,16,3,"{'GSTU19', 'ABCC2', 'AO1', 'ATR2', 'CAD9', 'AT2G35790', 'LecRK-V.5', 'MFP2', 'PLC8', 'FAH1', 'NIA2', 'SEH', 'CCOAMT', 'PLDALPHA1', 'ACX2', 'PME1', 'PLL16', 'WRKY11', 'RNS2', 'UGT88A1', 'MPPalpha', 'VEP1', 'TBL15', 'DHS1', 'APX1', 'AT3G15350', 'FAD2', 'PR1', 'ROF1', 'PRK', 'CYP71B6', 'TT4', 'ELI3-1', 'ICK1', 'AIM1', 'RNS1', 'TGG1', 'TGG2', 'GER2', 'ER', 'GPX2', 'PKT3', 'GS2', 'LAZ5', 'GRF7', 'ATRABE1B', 'WIN2'}"
0,0,16,2,"{'EF1alpha', 'AIG1', 'ATR2', 'HPL1', 'AO1', 'PR4', 'LOX1', 'ERD5', 'NDPK1', 'CAM2', 'WRKY11', 'TBL9', 'CM1', 'GSTF6', 'NIT2', 'VEP1', 'TBL15', 'CCR1', 'PETE1', 'PLDBETA1', 'HCHIB', 'LAZ5', 'FAD2'}"
0,0,17,1,"{'4CL1', 'ATR2', 'CSD1', 'LEA14', 'TUA4', 'ADAP', 'OPR1', 'ACX1', 'ERF4', 'PAL2', 'WRKY11', 'LOX2', 'AIG2', 'PAL1', 'EIF4A1', 'EP3', 'TSB1', 'PER64', 'TBL15', 'ECS1', 'LTI30', 'OMT1', 'ATOZI1', 'THI2.1', 'AOS', 'ASA1', 'NPR1', 'PSBO1', 'IAR3', 'AAS', 'ASB1', 'Rem1.3', 'BGL2', 'HSC70-1', 'ACT2', 'TSA1', 'cPGK2', 'FAD7', 'SAM-2', 'CYP83B1', 'GSTU5', 'HOG1', 'PLC1', 'HIS4', 'LAZ5', 'EFE'}"
0,0,18,2,"{'GSTU19', 'ABCC2', 'GRF7', 'uL18-L4', 'CAD9', 'AT2G35790', 'LecRK-V.5', 'MFP2', 'FAH1', 'HMG1', 'NIA2', 'SEH', 'NDPK1', 'CCOAMT', 'PLDALPHA1', 'ACX2', 'AT4G16610', 'RNS2', 'GSTF6', 'UGT88A1', 'MPPalpha', 'DHS1', 'ECS1', 'APX1', 'ATOZI1', 'AT3G15350', 'ROF1', 'EF1alpha', 'PRK', 'CYP71B6', 'AIG1', 'TT4', 'HPL1', 'ELI3-1', 'ICK1', 'RNS1', 'GER2', 'ERD5', 'MYB68', 'CAM2', 'cPGK2', 'GPX2', 'CM1', 'NIT2', 'CHIA', 'PKT3', 'GS2', 'CCR1', 'PLDBETA1', 'FSD1', 'ARAB-1', 'ATRABE1B', 'WIN2'}"
0,0,19,2,"{'GSTU19', 'ABCC2', 'uL18-L4', 'CAD9', 'AT2G35790', 'LecRK-V.5', 'MFP2', 'FAH1', 'LOX1', 'NIA2', 'SEH', 'CCOAMT', 'PLDALPHA1', 'ACX2', 'RNS2', 'GSTF6', 'UGT88A1', 'MPPalpha', 'DHS1', 'ECS1', 'APX1', 'AT3G15350', 'ROF1', 'EF1alpha', 'PRK', 'CYP71B6', 'TT4', 'ELI3-1', 'ICK1', 'AIM1', 'RNS1', 'GER2', 'ERD5', 'CAM2', 'cPGK2', 'GPX2', 'CM1', 'NIT2', 'PKT3', 'GS2', 'CCR1', 'PLDBETA1', 'ARAB-1', 'ATRABE1B', 'WIN2'}"
0,2,20,2,"{'AT4G16610', 'EXO70A3', 'uL18-L4', 'PR1', 'NDR1', 'PDF1.2', 'ADA1A', 'TGG1', 'GPX1', 'PR4', 'PLC8', 'UBQ4', 'MYB68', 'ARAB-1', 'ER', 'AT5G06940', 'PME1'}"
0,0,20,1,"{'GSTU19', 'ABCC2', 'uL18-L4', 'CAD9', 'AT2G35790', 'LecRK-V.5', 'MFP2', 'FAH1', 'LOX1', 'NIA2', 'SEH', 'NDPK1', 'PLDALPHA1', 'CCOAMT', 'ACX2', 'AT4G16610', 'RNS2', 'GSTF6', 'UGT88A1', 'ARAB-1', 'MPPalpha', 'VEP1', 'TBL15', 'AT3G15350', 'ROF1', 'EF1alpha', 'CYP71B6', 'HPL1', 'ICK1', 'RNS1', 'AIM1', 'GPX1', 'GER2', 'ERD5', 'CAM2', 'cPGK2', 'CM1', 'NIT2', 'PKT3', 'GS2', 'HOG1', 'CCR1', 'PLDBETA1', 'GRF7', 'ATRABE1B', 'WIN2'}"
0,0,21,0,"{'GSTU19', 'ABCC2', 'GRF7', 'uL18-L4', 'CAD9', 'AT2G35790', 'LecRK-V.5', 'MFP2', 'FAH1', 'LOX1', 'NIA2', 'SEH', 'CCOAMT', 'PLDALPHA1', 'ACX2', 'AT4G16610', 'RNS2', 'GSTF6', 'UGT88A1', 'MPPalpha', 'DHS1', 'ECS1', 'APX1', 'AT3G15350', 'ROF1', 'EF1alpha', 'PRK', 'CYP71B6', 'TT4', 'ELI3-1', 'ICK1', 'AIM1', 'RNS1', 'GER2', 'ERD5', 'MYB68', 'CAM2', 'cPGK2', 'GPX2', 'CM1', 'NIT2', 'PKT3', 'GS2', 'CCR1', 'PLDBETA1', 'ARAB-1', 'ATRABE1B', 'WIN2'}"
0,2,22,2,"{'EXO70A3', 'uL18-L4', 'AT2G35790', 'ICK1', 'AIM1', 'TGG1', 'GPX1', 'PR4', 'PLC8', 'LHB1B2', 'LOX1', 'MYB68', 'SEH', 'ER', 'PME1', 'OXR2', 'TBL9', 'ADA1A', 'CCR1', 'PETE1', 'HCHIB', 'UBQ4', 'PR1'}"
0,0,22,1,"{'GSTU19', 'ABCC2', 'uL18-L4', 'CAD9', 'LecRK-V.5', 'MFP2', 'FAH1', 'HMG1', 'NIA2', 'NDPK1', 'PLDALPHA1', 'CCOAMT', 'ACX2', 'RNS2', 'GSTF6', 'UGT88A1', 'MPPalpha', 'DHS1', 'APX1', 'AT3G15350', 'ROF1', 'EF1alpha', 'TT4', 'CYP71B6', 'HPL1', 'ELI3-1', 'RNS1', 'GPX1', 'GER2', 'ERD5', 'MYB68', 'HSC70-1', 'CAM2', 'cPGK2', 'SAM-2', 'CM1', 'GPX2', 'NIT2', 'CHIA', 'PKT3', 'GS2', 'HOG1', 'PLC1', 'PLDBETA1', 'GRF7', 'ATRABE1B', 'WIN2'}"
0,0,23,2,"{'GSTU19', 'ABCC2', 'GRF7', 'AO1', 'CAD9', 'uL18-L4', 'AT2G35790', 'LecRK-V.5', 'MFP2', 'FAH1', 'LOX1', 'HMG1', 'NIA2', 'CCOAMT', 'PLDALPHA1', 'ACX2', 'AT4G16610', 'RNS2', 'GSTF6', 'UGT88A1', 'MPPalpha', 'DHS1', 'ECS1', 'APX1', 'PETE1', 'AT3G15350', 'ROF1', 'EF1alpha', 'PRK', 'CYP71B6', 'TT4', 'HPL1', 'ELI3-1', 'ICK1', 'AIM1', 'RNS1', 'GPX1', 'GER2', 'ERD5', 'CAM2', 'cPGK2', 'GPX2', 'CM1', 'NIT2', 'PKT3', 'GS2', 'CCR1', 'PLDBETA1', 'UBQ4', 'ARAB-1', 'ATRABE1B', 'WIN2'}"
0,0,24,2,"{'GSTU19', 'ABCC2', 'uL18-L4', 'CAD9', 'AT2G35790', 'LecRK-V.5', 'MFP2', 'FAH1', 'HMG1', 'NIA2', 'NDPK1', 'CCOAMT', 'ACX2', 'RNS2', 'GSTF6', 'UGT88A1', 'ARAB-1', 'MPPalpha', 'VEP1', 'DHS1', 'APX1', 'AT3G15350', 'ROF1', 'EF1alpha', 'PRK', 'CYP71B6', 'AIG1', 'TT4', 'HPL1', 'ELI3-1', 'GPX1', 'GER2', 'ERD5', 'CAM2', 'GPX2', 'CM1', 'NIT2', 'CHIA', 'PKT3', 'GS2', 'PLDBETA1', 'GRF7', 'ATRABE1B', 'WIN2'}"
0,2,25,2,"{'PLL16', 'AT4G16610', 'AO1', 'uL18-L4', 'PR1', 'TGG1', 'TGG2', 'GPX1', 'PLC8', 'UBQ4', 'FAD2', 'ARAB-1', 'ER', 'PME1'}"
1,2,2,1,"{'GSTU19', 'ABCC2', 'uL18-L4', 'CAD9', 'ATR2', 'LecRK-V.5', 'MFP2', 'FAH1', 'HMG1', 'NIA2', 'CCOAMT', 'ACX2', 'WRKY11', 'RNS2', 'UGT88A1', 'MPPalpha', 'DHS1', 'TBL15', 'APX1', 'AT-P4H-1', 'AT3G15350', 'ROF1', 'FAD2', 'PRK', 'TT4', 'AIG1', 'ELI3-1', 'PDF1.2', 'AIM1', 'GPX1', 'TGG2', 'GER2', 'ER', 'GPX2', 'NIT2', 'CHIA', 'PKT3', 'GS2', 'PLDBETA1', 'GRF7', 'ATRABE1B', 'WIN2'}"
1,1,2,2,"{'URE', 'EXO70A3', 'TCH2', 'NDR1', 'AO1', 'TUA4', 'PLC8', 'MPK3', 'ERF4', 'PME1', 'PLL16', 'AIG2', 'TCH3', 'UGT88A1', 'GSTF6', 'EP3', 'ADA1A', 'PR5', 'TCH4', 'ECS1', 'TUB9', 'TBL15', 'ATOZI1', 'THI2.1', 'PR1', 'AAS', 'ACS2', 'FPS1', 'HPL1', 'TGG1', 'TGG2', 'Rem1.3', 'BGL2', 'ER', 'CAM2', 'OXR2', 'HIS4', 'UBQ4', 'MEKK1', 'FSD1', 'AT5G06940'}"
1,1,3,1,"{'URE', 'EXO70A3', 'TCH2', 'NDR1', 'AO1', 'ATR2', 'TUA4', 'PLC8', 'MPK3', 'ERF4', 'PLL16', 'AIG2', 'TCH3', 'ADA1A', 'PR5', 'TCH4', 'ECS1', 'TUB9', 'PER64', 'ATOZI1', 'THI2.1', 'PR1', 'AAS', 'EF1alpha', 'ACS2', 'FPS1', 'TGG1', 'TGG2', 'Rem1.3', 'BGL2', 'ER', 'CAM2', 'OXR2', 'PLC1', 'HIS4', 'UBQ4', 'MEKK1', 'FSD1'}"
1,2,5,3,"{'ABCC2', 'GRF7', 'ATR2', 'CAD9', 'AT2G35790', 'LecRK-V.5', 'MFP2', 'FAH1', 'HMG1', 'SEH', 'CCOAMT', 'ACX2', 'WRKY11', 'RNS2', 'DHS1', 'TBL15', 'VEP1', 'APX1', 'ROF1', 'AT3G15350', 'PRK', 'CYP71B6', 'AIG1', 'TT4', 'ELI3-1', 'RNS1', 'GPX1', 'GER2', 'NIT2', 'CHIA', 'PKT3', 'GS2', 'PLDBETA1', 'ARAB-1', 'ATRABE1B'}"
1,1,5,0,"{'URE', 'EXO70A3', 'AO1', 'NDR1', 'TCH2', 'ATR2', 'CAD9', 'TUA4', 'PLC8', 'MPK3', 'ERF4', 'PME1', 'PLL16', 'AIG2', 'TCH3', 'ADA1A', 'PR5', 'TCH4', 'TBL15', 'TUB9', 'APX1', 'ATOZI1', 'THI2.1', 'PR1', 'AAS', 'PRK', 'ACS2', 'FPS1', 'HPL1', 'TGG1', 'TGG2', 'Rem1.3', 'BGL2', 'MYB68', 'ER', 'CAM2', 'OXR2', 'cPGK2', 'HIS4', 'UBQ4', 'MEKK1', 'FSD1', 'ATRABE1B', 'AT5G06940'}"
1,1,6,0,"{'URE', 'GSTU19', 'ABCC2', 'EXO70A3', 'AO1', 'NDR1', 'TCH2', 'uL18-L4', 'TUA4', 'PLC8', 'MPK3', 'NIA2', 'SEH', 'ERF4', 'PME1', 'PLL16', 'AIG2', 'TCH3', 'UGT88A1', 'MPPalpha', 'ADA1A', 'PR5', 'TCH4', 'ECS1', 'TUB9', 'VEP1', 'TBL15', 'ATOZI1', 'THI2.1', 'PR1', 'AAS', 'ACS2', 'FPS1', 'HPL1', 'RNS1', 'TGG1', 'TGG2', 'Rem1.3', 'GER2', 'BGL2', 'MYB68', 'ER', 'CAM2', 'OXR2', 'cPGK2', 'GPX2', 'HIS4', 'UBQ4', 'MEKK1', 'FSD1', 'AT5G06940'}"
1,0,7,2,"{'CYP71B6', 'ABCC2', 'uL18-L4', 'ICK1', 'RNS1', 'AT2G35790', 'MFP2', 'PR4', 'GER2', 'LOX1', 'MYB68', 'SEH', 'NDPK1', 'TBL9', 'AT4G16610', 'CCR1', 'PETE1', 'GS2', 'HCHIB', 'LAZ5', 'ROF1', 'ARAB-1'}"
1,2,7,3,"{'GSTU19', 'ABCC2', 'EXO70A3', 'uL18-L4', 'CAD9', 'AT2G35790', 'AO1', 'LecRK-V.5', 'MFP2', 'PR4', 'FAH1', 'LOX1', 'HMG1', 'NIA2', 'CCOAMT', 'PLL16', 'UGT88A1', 'MPPalpha', 'DHS1', 'TBL15', 'PETE1', 'APX1', 'HCHIB', 'ROF1', 'PRK', 'CYP71B6', 'AIG1', 'TT4', 'ELI3-1', 'ICK1', 'GPX1', 'GER2', 'TBL9', 'GPX2', 'NIT2', 'CHIA', 'GS2', 'CCR1', 'LAZ5', 'ARAB-1', 'ATRABE1B'}"
1,1,7,0,"{'URE', 'GSTU19', 'EXO70A3', 'AO1', 'NDR1', 'TCH2', 'TUA4', 'PLC8', 'MPK3', 'NIA2', 'SEH', 'ERF4', 'PME1', 'PLL16', 'AIG2', 'TCH3', 'UGT88A1', 'MPPalpha', 'ADA1A', 'PR5', 'TCH4', 'ECS1', 'TUB9', 'VEP1', 'TBL15', 'ATOZI1', 'THI2.1', 'PR1', 'AAS', 'ACS2', 'FPS1', 'HPL1', 'RNS1', 'TGG1', 'TGG2', 'Rem1.3', 'BGL2', 'MYB68', 'ER', 'CAM2', 'OXR2', 'cPGK2', 'GPX2', 'HIS4', 'UBQ4', 'MEKK1', 'FSD1', 'AT5G06940'}"
1,1,9,1,"{'URE', 'ABCC2', 'EXO70A3', 'TCH2', 'NDR1', 'uL18-L4', 'AT2G35790', 'TUA4', 'PLC8', 'LOX1', 'MPK3', 'ERF4', 'PLDALPHA1', 'PME1', 'AT4G16610', 'AIG2', 'TCH3', 'ADA1A', 'PR5', 'TCH4', 'ECS1', 'TUB9', 'ATOZI1', 'THI2.1', 'FAD2', 'PR1', 'AAS', 'CYP71B6', 'ACS2', 'FPS1', 'AIM1', 'TGG1', 'TGG2', 'GPX1', 'Rem1.3', 'BGL2', 'ER', 'CAM2', 'OXR2', 'TBL9', 'HIS4', 'UBQ4', 'MEKK1', 'FSD1', 'ARAB-1', 'AT5G06940'}"
1,1,10,1,"{'URE', 'ABCC2', 'EXO70A3', 'TCH2', 'NDR1', 'AT2G35790', 'TUA4', 'PLC8', 'LOX1', 'MPK3', 'ERF4', 'PLDALPHA1', 'ACX2', 'PME1', 'AT4G16610', 'AIG2', 'TCH3', 'ADA1A', 'PR5', 'TCH4', 'ECS1', 'TUB9', 'ATOZI1', 'THI2.1', 'FAD2', 'AAS', 'PRK', 'CYP71B6', 'AIG1', 'ACS2', 'FPS1', 'ICK1', 'AIM1', 'TGG1', 'GPX1', 'Rem1.3', 'BGL2', 'MYB68', 'CAM2', 'OXR2', 'TBL9', 'PKT3', 'HIS4', 'MEKK1', 'FSD1', 'ARAB-1', 'AT5G06940'}"
1,0,11,3,"{'PRK', 'TBL9', 'AT4G16610', 'ACS2', 'ICK1', 'RNS1', 'CCR1', 'PETE1', 'PR4', 'HCHIB', 'LOX1', 'AT-P4H-1', 'SEH', 'MYB68', 'FAD2', 'PLDALPHA1'}"
1,1,11,2,"{'URE', 'EXO70A3', 'TCH2', 'NDR1', 'uL18-L4', 'AT2G35790', 'TUA4', 'PLC8', 'FAH1', 'MPK3', 'ERF4', 'PME1', 'AT4G16610', 'AIG2', 'TCH3', 'ADA1A', 'PR5', 'TCH4', 'ECS1', 'TUB9', 'ATOZI1', 'AT-P4H-1', 'THI2.1', 'FAD2', 'AIG1', 'ACS2', 'FPS1', 'TGG1', 'TGG2', 'GPX1', 'Rem1.3', 'BGL2', 'MYB68', 'CAM2', 'OXR2', 'TBL9', 'HIS4', 'MEKK1', 'FSD1', 'ATRABE1B', 'AT5G06940'}"
1,1,13,3,"{'URE', 'EXO70A3', 'TCH2', 'NDR1', 'AO1', 'TUA4', 'PR4', 'PLC8', 'MPK3', 'ERF4', 'PME1', 'AIG2', 'TCH3', 'ADA1A', 'PR5', 'TCH4', 'ECS1', 'TUB9', 'ATOZI1', 'THI2.1', 'FAD2', 'PR1', 'AAS', 'AIG1', 'ACS2', 'FPS1', 'PDF1.2', 'TGG1', 'Rem1.3', 'BGL2', 'CAM2', 'OXR2', 'HIS4', 'UBQ4', 'MEKK1', 'FSD1', 'AT5G06940'}"
1,1,14,0,"{'URE', 'EXO70A3', 'TCH2', 'NDR1', 'TUA4', 'PLC8', 'MPK3', 'ERF4', 'PME1', 'AT4G16610', 'AIG2', 'TCH3', 'ADA1A', 'PR5', 'TCH4', 'ECS1', 'TUB9', 'PETE1', 'ATOZI1', 'AT-P4H-1', 'THI2.1', 'FAD2', 'PR1', 'AAS', 'ACS2', 'FPS1', 'TGG1', 'TGG2', 'Rem1.3', 'BGL2', 'ER', 'CAM2', 'OXR2', 'TBL9', 'HIS4', 'UBQ4', 'MEKK1', 'FSD1'}"
1,1,15,1,"{'URE', 'ABCC2', 'EXO70A3', 'TCH2', 'NDR1', 'AT2G35790', 'TUA4', 'PLC8', 'LOX1', 'MPK3', 'ERF4', 'PLDALPHA1', 'ACX2', 'PME1', 'AT4G16610', 'AIG2', 'TCH3', 'ADA1A', 'PR5', 'TCH4', 'ECS1', 'TUB9', 'ATOZI1', 'THI2.1', 'FAD2', 'AAS', 'PRK', 'CYP71B6', 'AIG1', 'ACS2', 'FPS1', 'ICK1', 'AIM1', 'TGG1', 'GPX1', 'Rem1.3', 'BGL2', 'MYB68', 'CAM2', 'OXR2', 'TBL9', 'PKT3', 'HIS4', 'MEKK1', 'FSD1', 'ARAB-1', 'AT5G06940'}"
1,1,16,0,"{'URE', 'EXO70A3', 'TCH2', 'NDR1', 'AO1', 'RBCS1B', 'TUA4', 'PLC8', 'MPK3', 'ERF4', 'PME1', 'AIG2', 'TCH3', 'ADA1A', 'PR5', 'TCH4', 'ECS1', 'TUB9', 'ATOZI1', 'AT-P4H-1', 'THI2.1', 'PR1', 'AAS', 'FPS1', 'PDF1.2', 'TGG1', 'TGG2', 'LHB1B2', 'Rem1.3', 'BGL2', 'ER', 'CAM2', 'OXR2', 'HIS4', 'UBQ4', 'MEKK1', 'FSD1', 'AT5G06940'}"
1,1,20,2,"{'AAS', 'URE', 'ACS2', 'TCH2', 'FPS1', 'PDF1.2', 'TGG1', 'TUA4', 'PR4', 'PLC8', 'Rem1.3', 'BGL2', 'FSD1', 'MPK3', 'ERF4', 'ER', 'PME1', 'CAM2', 'OXR2', 'AIG2', 'TCH3', 'TCH4', 'PR5', 'ECS1', 'TUB9', 'HIS4', 'ATOZI1', 'UBQ4', 'MEKK1', 'THI2.1', 'FAD2', 'PR1'}"
1,1,22,0,"{'URE', 'EXO70A3', 'TCH2', 'NDR1', 'AO1', 'RBCS1B', 'TUA4', 'PLC8', 'MPK3', 'ERF4', 'PME1', 'PLL16', 'AIG2', 'TCH3', 'ADA1A', 'PR5', 'TCH4', 'ECS1', 'TUB9', 'PER64', 'ATOZI1', 'AT-P4H-1', 'THI2.1', 'PR1', 'AAS', 'FPS1', 'PDF1.2', 'TGG1', 'TGG2', 'Rem1.3', 'BGL2', 'ER', 'CAM2', 'OXR2', 'HIS4', 'UBQ4', 'MEKK1', 'FSD1'}"
1,1,23,3,"{'URE', 'EXO70A3', 'TCH2', 'NDR1', 'AO1', 'TUA4', 'PR4', 'PLC8', 'MPK3', 'ERF4', 'PME1', 'AIG2', 'TCH3', 'ADA1A', 'PR5', 'TCH4', 'ECS1', 'TUB9', 'ATOZI1', 'THI2.1', 'FAD2', 'PR1', 'AAS', 'AIG1', 'ACS2', 'FPS1', 'PDF1.2', 'TGG1', 'Rem1.3', 'BGL2', 'CAM2', 'OXR2', 'HIS4', 'UBQ4', 'MEKK1', 'FSD1', 'AT5G06940'}"
1,3,25,2,"{'4CL1', 'CSD1', 'LEA14', 'ADAP', 'OPR1', 'ACX1', 'NDPK1', 'PAL2', 'LOX2', 'PAL1', 'GSTF6', 'EIF4A1', 'EP3', 'TSB1', 'PER64', 'VEP1', 'LTI30', 'OMT1', 'AOS', 'ASA1', 'NPR1', 'PSBO1', 'IAR3', 'EF1alpha', 'ASB1', 'HPL1', 'ERD5', 'MYB68', 'HSC70-1', 'ACT2', 'TSA1', 'cPGK2', 'FAD7', 'SAM-2', 'CM1', 'CYP83B1', 'GSTU5', 'HOG1', 'PLC1', 'EFE'}"
2,2,3,0,"{'GSTU19', 'uL18-L4', 'CAD9', 'RNS1', 'MYB68', 'NIA2', 'SEH', 'cPGK2', 'GPX2', 'GSTF6', 'EP3', 'MPPalpha', 'VEP1', 'ECS1', 'APX1', 'LAZ5', 'ATRABE1B', 'WIN2'}"
2,1,3,1,"{'EF1alpha', 'CYP71B6', 'ATR2', 'AT2G35790', 'PDF1.2', 'AIM1', 'PER64', 'TGG2', 'PLC1', 'AT-P4H-1', 'LAZ5', 'FAD2', 'ARAB-1', 'ER', 'AT5G06940', 'PME1'}"
2,3,4,0,"{'ACS2', 'EXO70A3', 'ATR2', 'NDR1', 'AO1', 'ICK1', 'PDF1.2', 'RBCS1B', 'LHB1B2', 'LOX1', 'MPK3', 'PME1', 'PLL16', 'WRKY11', 'AIG2', 'RNS2', 'CCR1', 'PETE1', 'MEKK1', 'AT5G06940', 'WIN2'}"
2,1,4,3,"{'AAS', 'CYP71B6', 'AIG1', 'GRF7', 'AO1', 'AT2G35790', 'PDF1.2', 'AIM1', 'PR1', 'TGG1', 'GPX1', 'MYB68', 'PLL16', 'AT4G16610', 'ADA1A', 'PETE1', 'LAZ5', 'UBQ4', 'FAD2', 'ARAB-1', 'AT5G06940'}"
2,2,4,2,"{'GSTU19', 'ABCC2', 'ATR2', 'CAD9', 'uL18-L4', 'AT2G35790', 'LecRK-V.5', 'MFP2', 'FAH1', 'LOX1', 'HMG1', 'NIA2', 'SEH', 'NDPK1', 'CCOAMT', 'PLDALPHA1', 'ACX2', 'WRKY11', 'RNS2', 'GSTF6', 'EP3', 'MPPalpha', 'DHS1', 'APX1', 'AT3G15350', 'FAD2', 'ROF1', 'PRK', 'CYP71B6', 'TT4', 'HPL1', 'ELI3-1', 'ICK1', 'AIM1', 'RNS1', 'GER2', 'OXR2', 'GPX2', 'NIT2', 'CHIA', 'PKT3', 'GS2', 'CCR1', 'PLDBETA1', 'LAZ5', 'ARAB-1', 'ATRABE1B', 'WIN2'}"
2,2,5,0,"{'PRK', 'cPGK2', 'UGT88A1', 'GSTF6', 'ATR2', 'CAD9', 'EP3', 'ECS1', 'APX1', 'MYB68', 'ATRABE1B'}"
2,1,5,3,"{'CYP71B6', 'GSTU19', 'uL18-L4', 'AT2G35790', 'PDF1.2', 'AIM1', 'RNS1', 'TGG2', 'NIA2', 'SEH', 'ER', 'GPX2', 'UGT88A1', 'MPPalpha', 'VEP1', 'AT-P4H-1', 'FAD2', 'ARAB-1', 'WIN2'}"
2,1,6,2,"{'CYP71B6', 'ACS2', 'AT2G35790', 'RBCS1B', 'TGG2', 'GPX1', 'PR4', 'LHB1B2', 'LOX1', 'ER', 'PLDALPHA1', 'TBL9', 'AT4G16610', 'PER64', 'PETE1', 'HCHIB', 'LAZ5', 'ARAB-1', 'AT5G06940'}"
2,1,8,3,"{'PRK', 'CYP71B6', 'AT2G35790', 'AIM1', 'RBCS1B', 'TGG2', 'PR4', 'LHB1B2', 'LOX1', 'HCHIB', 'LAZ5', 'ARAB-1', 'ER'}"
2,2,8,0,"{'URE', 'GSTU19', 'ABCC2', 'GRF7', 'ATR2', 'CAD9', 'uL18-L4', 'AT2G35790', 'LecRK-V.5', 'MFP2', 'FAH1', 'HMG1', 'NIA2', 'SEH', 'NDPK1', 'CCOAMT', 'ACX2', 'WRKY11', 'RNS2', 'GSTF6', 'EP3', 'MPPalpha', 'VEP1', 'DHS1', 'APX1', 'AT3G15350', 'ROF1', 'TT4', 'CYP71B6', 'HPL1', 'ELI3-1', 'ICK1', 'AIM1', 'RNS1', 'GER2', 'MYB68', 'OXR2', 'GPX2', 'NIT2', 'CHIA', 'PKT3', 'GS2', 'CCR1', 'PLC1', 'PLDBETA1', 'LAZ5', 'FSD1', 'ARAB-1', 'ATRABE1B', 'WIN2'}"
2,2,9,3,"{'ACS2', 'GSTF6', 'UGT88A1', 'HPL1', 'PDF1.2', 'EP3', 'RBCS1B', 'TBL15', 'PR4', 'LHB1B2', 'AT-P4H-1', 'AT5G06940'}"
2,3,10,2,"{'GSTU19', 'AO1', 'NDR1', 'ICK1', 'uL18-L4', 'RNS1', 'MFP2', 'PR4', 'FAH1', 'LOX1', 'MPK3', 'NIA2', 'SEH', 'PME1', 'PLL16', 'TBL9', 'GPX2', 'AIG2', 'UGT88A1', 'MPPalpha', 'VEP1', 'TBL15', 'PETE1', 'GS2', 'PLDBETA1', 'HCHIB', 'LAZ5', 'MEKK1', 'AT3G15350', 'AT5G06940'}"
2,2,10,3,"{'ACS2', 'GSTF6', 'UGT88A1', 'HPL1', 'PDF1.2', 'EP3', 'RBCS1B', 'TBL15', 'PETE1', 'PR4', 'LHB1B2', 'HCHIB', 'AT-P4H-1', 'AT5G06940'}"
2,1,11,2,"{'AAS', 'CYP71B6', 'AIG1', 'AO1', 'uL18-L4', 'PDF1.2', 'AIM1', 'PR1', 'TGG2', 'GPX1', 'FAH1', 'MYB68', 'PLL16', 'TBL9', 'AT4G16610', 'LAZ5', 'UBQ4', 'ARAB-1', 'ATRABE1B'}"
2,2,11,3,"{'PRK', 'ACS2', 'GSTF6', 'UGT88A1', 'HPL1', 'PDF1.2', 'EP3', 'AIM1', 'RBCS1B', 'TBL15', 'LHB1B2'}"
2,1,12,2,"{'CYP71B6', 'AT2G35790', 'AIM1', 'RBCS1B', 'TGG2', 'PR4', 'HCHIB', 'AT-P4H-1', 'LAZ5', 'ARAB-1', 'ER'}"
2,3,12,3,"{'URE', 'EXO70A3', 'ATR2', 'NDR1', 'PR4', 'PLC8', 'LOX1', 'MPK3', 'PME1', 'WRKY11', 'AT4G16610', 'AIG2', 'RNS2', 'ADA1A', 'HCHIB', 'AT-P4H-1', 'PR1', 'AAS', 'AIG1', 'ACS2', 'ICK1', 'TGG1', 'TGG2', 'GPX1', 'LHB1B2', 'MYB68', 'ER', 'CCR1', 'UBQ4', 'MEKK1', 'GRF7', 'WIN2'}"
2,2,12,0,"{'GSTU19', 'ABCC2', 'ATR2', 'CAD9', 'uL18-L4', 'AT2G35790', 'LecRK-V.5', 'MFP2', 'FAH1', 'LOX1', 'NIA2', 'SEH', 'CCOAMT', 'PLDALPHA1', 'ACX2', 'WRKY11', 'RNS2', 'GSTF6', 'EP3', 'MPPalpha', 'VEP1', 'DHS1', 'ECS1', 'APX1', 'AT3G15350', 'ROF1', 'PRK', 'CYP71B6', 'TT4', 'ELI3-1', 'ICK1', 'AIM1', 'RNS1', 'GER2', 'cPGK2', 'GPX2', 'NIT2', 'PKT3', 'GS2', 'CCR1', 'PLDBETA1', 'LAZ5', 'ARAB-1', 'ATRABE1B', 'WIN2'}"
2,3,13,1,"{'ACS2', 'EXO70A3', 'ATR2', 'NDR1', 'AO1', 'ICK1', 'RBCS1B', 'PR4', 'LHB1B2', 'LOX1', 'MPK3', 'PME1', 'PLL16', 'WRKY11', 'AIG2', 'RNS2', 'CCR1', 'AT-P4H-1', 'MEKK1', 'AT5G06940', 'WIN2'}"
2,2,13,2,"{'GSTU19', 'ABCC2', 'GRF7', 'ATR2', 'CAD9', 'uL18-L4', 'AT2G35790', 'LecRK-V.5', 'MFP2', 'FAH1', 'LOX1', 'NIA2', 'SEH', 'CCOAMT', 'PLDALPHA1', 'ACX2', 'WRKY11', 'AT4G16610', 'RNS2', 'GSTF6', 'EP3', 'MPPalpha', 'VEP1', 'DHS1', 'ECS1', 'APX1', 'AT3G15350', 'ROF1', 'PRK', 'CYP71B6', 'TT4', 'ELI3-1', 'ICK1', 'AIM1', 'RNS1', 'GPX1', 'GER2', 'MYB68', 'cPGK2', 'GPX2', 'NIT2', 'PKT3', 'GS2', 'CCR1', 'PLDBETA1', 'LAZ5', 'UBQ4', 'ARAB-1', 'ATRABE1B', 'WIN2'}"
2,3,14,0,"{'WRKY11', 'AT4G16610', 'AIG2', 'RNS2', 'EXO70A3', 'ATR2', 'NDR1', 'ICK1', 'CCR1', 'PR4', 'WIN2', 'LOX1', 'HCHIB', 'AT-P4H-1', 'MEKK1', 'MPK3', 'FAD2', 'PME1'}"
2,1,14,1,"{'GSTU19', 'ABCC2', 'EXO70A3', 'ATR2', 'CAD9', 'uL18-L4', 'LecRK-V.5', 'MFP2', 'FAH1', 'LOX1', 'NIA2', 'SEH', 'NDPK1', 'PLDALPHA1', 'CCOAMT', 'ACX2', 'WRKY11', 'RNS2', 'UGT88A1', 'MPPalpha', 'AT-P4H-1', 'AT3G15350', 'FAD2', 'ROF1', 'ICK1', 'PDF1.2', 'RNS1', 'TGG2', 'GPX1', 'GER2', 'ER', 'cPGK2', 'NIT2', 'PKT3', 'GS2', 'HOG1', 'CCR1', 'PLDBETA1', 'GRF7', 'ATRABE1B', 'WIN2'}"
2,2,14,2,"{'ACS2', 'GSTF6', 'UGT88A1', 'HPL1', 'PDF1.2', 'EP3', 'RBCS1B', 'PER64', 'TBL15', 'PR4', 'LHB1B2', 'HCHIB'}"
2,3,15,2,"{'GSTU19', 'EXO70A3', 'AO1', 'NDR1', 'uL18-L4', 'CAD9', 'MFP2', 'PR4', 'FAH1', 'LOX1', 'MPK3', 'NIA2', 'SEH', 'PME1', 'PLL16', 'AIG2', 'UGT88A1', 'MPPalpha', 'VEP1', 'TBL15', 'PETE1', 'HCHIB', 'AT3G15350', 'ROF1', 'TT4', 'ICK1', 'RNS1', 'GER2', 'TBL9', 'GPX2', 'GS2', 'PLDBETA1', 'LAZ5', 'MEKK1', 'ATRABE1B', 'AT5G06940'}"
2,2,15,3,"{'GSTF6', 'UGT88A1', 'HPL1', 'PDF1.2', 'EP3', 'RBCS1B', 'TBL15', 'PR4', 'LHB1B2', 'HCHIB', 'AT-P4H-1'}"
2,1,16,0,"{'PLL16', 'CYP71B6', 'ACS2', 'AT2G35790', 'AIM1', 'RBCS1B', 'TGG2', 'LHB1B2', 'LAZ5', 'FAD2', 'ARAB-1', 'ER'}"
2,2,16,3,"{'GSTU19', 'ABCC2', 'GRF7', 'ATR2', 'CAD9', 'uL18-L4', 'AT2G35790', 'LecRK-V.5', 'MFP2', 'FAH1', 'NIA2', 'SEH', 'CCOAMT', 'PLDALPHA1', 'ACX2', 'WRKY11', 'AT4G16610', 'RNS2', 'GSTF6', 'EP3', 'MPPalpha', 'VEP1', 'DHS1', 'APX1', 'AT3G15350', 'ROF1', 'PRK', 'CYP71B6', 'TT4', 'HPL1', 'ELI3-1', 'ICK1', 'AIM1', 'RNS1', 'GPX1', 'GER2', 'MYB68', 'GPX2', 'PKT3', 'GS2', 'LAZ5', 'UBQ4', 'ARAB-1', 'ATRABE1B', 'WIN2'}"
2,1,17,0,"{'CYP71B6', 'TBL9', 'AT2G35790', 'AIM1', 'RBCS1B', 'TGG2', 'PR4', 'LHB1B2', 'HCHIB', 'LAZ5', 'MYB68', 'FAD2', 'ARAB-1', 'ER'}"
2,2,17,3,"{'GSTU19', 'ABCC2', 'GRF7', 'ATR2', 'CAD9', 'uL18-L4', 'AT2G35790', 'LecRK-V.5', 'MFP2', 'FAH1', 'LOX1', 'HMG1', 'NIA2', 'SEH', 'NDPK1', 'CCOAMT', 'PLDALPHA1', 'ACX2', 'WRKY11', 'AT4G16610', 'RNS2', 'GSTF6', 'EP3', 'MPPalpha', 'DHS1', 'PETE1', 'APX1', 'AT3G15350', 'FAD2', 'ROF1', 'PRK', 'CYP71B6', 'AIG1', 'TT4', 'HPL1', 'ELI3-1', 'ICK1', 'AIM1', 'RNS1', 'GPX1', 'GER2', 'GPX2', 'NIT2', 'CHIA', 'PKT3', 'GS2', 'CCR1', 'PLDBETA1', 'LAZ5', 'ARAB-1', 'ATRABE1B', 'WIN2'}"
2,2,18,2,"{'GSTU19', 'ABCC2', 'GRF7', 'ATR2', 'CAD9', 'uL18-L4', 'AT2G35790', 'LecRK-V.5', 'MFP2', 'FAH1', 'HMG1', 'NIA2', 'SEH', 'NDPK1', 'CCOAMT', 'PLDALPHA1', 'ACX2', 'WRKY11', 'AT4G16610', 'RNS2', 'GSTF6', 'EP3', 'MPPalpha', 'VEP1', 'DHS1', 'ECS1', 'APX1', 'ATOZI1', 'AT3G15350', 'ROF1', 'PRK', 'CYP71B6', 'AIG1', 'TT4', 'HPL1', 'ELI3-1', 'ICK1', 'RNS1', 'GER2', 'MYB68', 'cPGK2', 'GPX2', 'NIT2', 'CHIA', 'PKT3', 'GS2', 'CCR1', 'PLDBETA1', 'LAZ5', 'FSD1', 'ARAB-1', 'ATRABE1B', 'WIN2'}"
2,1,19,0,"{'CYP71B6', 'TBL9', 'ACS2', 'AT2G35790', 'AIM1', 'RBCS1B', 'TGG2', 'PR4', 'LHB1B2', 'HCHIB', 'AT-P4H-1', 'LAZ5', 'ARAB-1', 'ER'}"
2,3,19,2,"{'GSTU19', 'ABCC2', 'EXO70A3', 'AO1', 'NDR1', 'uL18-L4', 'CAD9', 'AT2G35790', 'LecRK-V.5', 'MFP2', 'PR4', 'FAH1', 'MPK3', 'NIA2', 'SEH', 'CCOAMT', 'PLDALPHA1', 'ACX2', 'PME1', 'PLL16', 'AIG2', 'UGT88A1', 'MPPalpha', 'VEP1', 'TBL15', 'PETE1', 'DHS1', 'ECS1', 'APX1', 'HCHIB', 'AT3G15350', 'ROF1', 'PRK', 'CYP71B6', 'TT4', 'ELI3-1', 'HPL1', 'AIM1', 'RNS1', 'GER2', 'cPGK2', 'TBL9', 'GPX2', 'NIT2', 'PKT3', 'GS2', 'PLDBETA1', 'LAZ5', 'MEKK1', 'ARAB-1', 'ATRABE1B', 'AT5G06940'}"
2,2,19,3,"{'AAS', 'URE', 'AIG1', 'GRF7', 'AO1', 'HPL1', 'TGG1', 'TGG2', 'GPX1', 'PLC8', 'MYB68', 'ER', 'PLL16', 'AT4G16610', 'GSTF6', 'UGT88A1', 'EP3', 'ADA1A', 'TBL15', 'PETE1', 'AT-P4H-1', 'UBQ4', 'PR1', 'AT5G06940'}"
2,1,20,1,"{'GSTU19', 'ABCC2', 'uL18-L4', 'CAD9', 'ATR2', 'LecRK-V.5', 'MFP2', 'FAH1', 'LOX1', 'NIA2', 'SEH', 'NDPK1', 'PLDALPHA1', 'CCOAMT', 'ACX2', 'WRKY11', 'AT4G16610', 'RNS2', 'UGT88A1', 'MPPalpha', 'AT-P4H-1', 'AT3G15350', 'FAD2', 'ROF1', 'ICK1', 'PDF1.2', 'RNS1', 'TGG2', 'GPX1', 'GER2', 'ER', 'cPGK2', 'NIT2', 'PKT3', 'GS2', 'HOG1', 'CCR1', 'PLDBETA1', 'GRF7', 'ATRABE1B', 'WIN2'}"
2,2,20,0,"{'TBL9', 'ACS2', 'GSTF6', 'UGT88A1', 'HPL1', 'EP3', 'RBCS1B', 'PER64', 'TBL15', 'PETE1', 'LHB1B2', 'HCHIB', 'AT-P4H-1'}"
2,1,21,1,"{'CYP71B6', 'TBL9', 'AT2G35790', 'AIM1', 'RBCS1B', 'TGG2', 'PETE1', 'PR4', 'LHB1B2', 'HCHIB', 'LAZ5', 'ARAB-1', 'ER'}"
2,3,21,3,"{'AAS', 'URE', 'AIG1', 'ACS2', 'EXO70A3', 'ATR2', 'NDR1', 'ICK1', 'TGG1', 'TGG2', 'PR4', 'GPX1', 'PLC8', 'LOX1', 'BGL2', 'ER', 'OXR2', 'WRKY11', 'TBL9', 'AIG2', 'RNS2', 'ADA1A', 'PR5', 'CCR1', 'PETE1', 'HCHIB', 'UBQ4', 'MEKK1', 'FSD1', 'PR1', 'WIN2'}"
2,2,21,0,"{'GSTU19', 'ABCC2', 'GRF7', 'ATR2', 'CAD9', 'uL18-L4', 'AT2G35790', 'LecRK-V.5', 'MFP2', 'FAH1', 'LOX1', 'NIA2', 'SEH', 'CCOAMT', 'PLDALPHA1', 'ACX2', 'WRKY11', 'AT4G16610', 'RNS2', 'GSTF6', 'EP3', 'MPPalpha', 'VEP1', 'DHS1', 'ECS1', 'APX1', 'AT3G15350', 'ROF1', 'PRK', 'CYP71B6', 'TT4', 'ELI3-1', 'ICK1', 'AIM1', 'RNS1', 'GER2', 'MYB68', 'cPGK2', 'GPX2', 'NIT2', 'PKT3', 'GS2', 'CCR1', 'PLDBETA1', 'LAZ5', 'ARAB-1', 'ATRABE1B', 'WIN2'}"
2,1,22,0,"{'CYP71B6', 'ACS2', 'AT2G35790', 'AIM1', 'RBCS1B', 'PER64', 'TGG2', 'LAZ5', 'FAD2', 'ARAB-1', 'ER', 'AT5G06940'}"
2,2,22,1,"{'GSTU19', 'ABCC2', 'ATR2', 'CAD9', 'uL18-L4', 'LecRK-V.5', 'MFP2', 'FAH1', 'HMG1', 'NIA2', 'NDPK1', 'CCOAMT', 'PLDALPHA1', 'ACX2', 'WRKY11', 'RNS2', 'GSTF6', 'EP3', 'MPPalpha', 'VEP1', 'DHS1', 'APX1', 'AT3G15350', 'ROF1', 'TT4', 'CYP71B6', 'HPL1', 'ELI3-1', 'RNS1', 'GPX1', 'GER2', 'MYB68', 'HSC70-1', 'cPGK2', 'SAM-2', 'GPX2', 'NIT2', 'CHIA', 'PKT3', 'GS2', 'HOG1', 'PLC1', 'PLDBETA1', 'LAZ5', 'GRF7', 'ATRABE1B', 'WIN2'}"
2,3,23,2,"{'GSTU19', 'ABCC2', 'EXO70A3', 'uL18-L4', 'NDR1', 'CAD9', 'AT2G35790', 'LecRK-V.5', 'MFP2', 'PR4', 'FAH1', 'HMG1', 'MPK3', 'NIA2', 'CCOAMT', 'PLDALPHA1', 'ACX2', 'PME1', 'PLL16', 'AT4G16610', 'AIG2', 'UGT88A1', 'ARAB-1', 'MPPalpha', 'VEP1', 'TBL15', 'DHS1', 'ECS1', 'APX1', 'HCHIB', 'AT3G15350', 'ROF1', 'PRK', 'CYP71B6', 'TT4', 'ELI3-1', 'RNS1', 'AIM1', 'GPX1', 'GER2', 'cPGK2', 'TBL9', 'GPX2', 'NIT2', 'PKT3', 'GS2', 'PLDBETA1', 'LAZ5', 'MEKK1', 'UBQ4', 'GRF7', 'ATRABE1B', 'AT5G06940'}"
2,2,23,1,"{'TBL9', 'ACS2', 'GSTF6', 'UGT88A1', 'HPL1', 'EP3', 'RBCS1B', 'TBL15', 'LHB1B2', 'HCHIB', 'AT-P4H-1', 'MYB68'}"
2,1,24,2,"{'GSTU19', 'ABCC2', 'uL18-L4', 'CAD9', 'ATR2', 'LecRK-V.5', 'MFP2', 'FAH1', 'HMG1', 'NIA2', 'NDPK1', 'CCOAMT', 'ACX2', 'WRKY11', 'RNS2', 'UGT88A1', 'MPPalpha', 'DHS1', 'TBL15', 'APX1', 'AT-P4H-1', 'AT3G15350', 'FAD2', 'ROF1', 'PRK', 'TT4', 'AIG1', 'ELI3-1', 'PDF1.2', 'AIM1', 'TGG2', 'GPX1', 'GER2', 'ER', 'GPX2', 'NIT2', 'CHIA', 'PKT3', 'GS2', 'PLDBETA1', 'GRF7', 'ATRABE1B', 'WIN2'}"
2,2,24,1,"{'URE', 'ACS2', 'EXO70A3', 'TCH2', 'HPL1', 'NDR1', 'AO1', 'FPS1', 'TGG1', 'TGG2', 'PLC8', 'MPK3', 'ER', 'PME1', 'OXR2', 'PLL16', 'GSTF6', 'UGT88A1', 'TCH3', 'EP3', 'ADA1A', 'PR5', 'TBL15', 'TCH4', 'TUB9', 'UBQ4', 'MEKK1', 'FSD1', 'PR1', 'AT5G06940'}"
2,1,25,1,"{'CYP71B6', 'TBL9', 'AT2G35790', 'AIM1', 'RBCS1B', 'TGG2', 'PETE1', 'PR4', 'LHB1B2', 'HCHIB', 'LAZ5', 'ARAB-1', 'ER'}"
2,2,25,2,"{'GSTF6', 'UGT88A1', 'HPL1', 'MYB68', 'EP3', 'TBL15'}"
3,1,4,3,"{'AAS', 'EF1alpha', 'AIG1', 'GRF7', 'ATR2', 'AO1', 'TGG1', 'TGG2', 'GPX1', 'MYB68', 'ER', 'PME1', 'PLL16', 'AT4G16610', 'PER64', 'ADA1A', 'PETE1', 'PLC1', 'AT-P4H-1', 'UBQ4', 'PR1'}"
3,0,4,0,"{'GSTU19', 'ACS2', 'uL18-L4', 'CAD9', 'HPL1', 'RNS1', 'PDF1.2', 'RBCS1B', 'PR4', 'LHB1B2', 'NIA2', 'SEH', 'MYB68', 'cPGK2', 'TBL9', 'GPX2', 'UGT88A1', 'MPPalpha', 'VEP1', 'TBL15', 'ECS1', 'APX1', 'HCHIB', 'LAZ5', 'ATRABE1B', 'WIN2'}"
3,1,5,0,"{'EF1alpha', 'PRK', 'cPGK2', 'CAD9', 'HPL1', 'PER64', 'TBL15', 'ECS1', 'PLC1', 'APX1', 'MYB68', 'ATRABE1B', 'AT5G06940', 'PME1'}"
3,1,6,2,"{'EF1alpha', 'ACS2', 'ATR2', 'PDF1.2', 'AIM1', 'RBCS1B', 'GPX1', 'PR4', 'LHB1B2', 'LOX1', 'PLDALPHA1', 'PME1', 'TBL9', 'AT4G16610', 'PETE1', 'PLC1', 'HCHIB', 'AT-P4H-1', 'FAD2'}"
3,1,7,3,"{'EF1alpha', 'EXO70A3', 'AO1', 'ICK1', 'PR4', 'LOX1', 'ACX2', 'PME1', 'PLL16', 'WRKY11', 'TBL9', 'RNS2', 'PKT3', 'PER64', 'CCR1', 'PETE1', 'PLC1', 'PLDBETA1', 'HCHIB', 'AT3G15350', 'GRF7', 'AT5G06940', 'WIN2'}"
3,1,8,2,"{'AAS', 'EF1alpha', 'AIG1', 'ACS2', 'ATR2', 'AO1', 'NDR1', 'TGG1', 'TGG2', 'GPX1', 'PLC8', 'MPK3', 'PLDALPHA1', 'ER', 'PME1', 'PLL16', 'TBL9', 'AT4G16610', 'PER64', 'ADA1A', 'PETE1', 'PLC1', 'UBQ4', 'PR1'}"
3,1,9,3,"{'EF1alpha', 'ACS2', 'ATR2', 'PDF1.2', 'PER64', 'RBCS1B', 'PR4', 'PLC1', 'LHB1B2', 'AT-P4H-1', 'PME1'}"
3,1,10,3,"{'EF1alpha', 'ACS2', 'ATR2', 'PDF1.2', 'PER64', 'RBCS1B', 'PETE1', 'PLC1', 'PR4', 'LHB1B2', 'HCHIB', 'AT-P4H-1', 'PME1'}"
3,0,11,2,"{'AAS', 'GSTU19', 'AIG1', 'AO1', 'CAD9', 'HPL1', 'RNS1', 'AT2G35790', 'GPX1', 'FAH1', 'NIA2', 'SEH', 'ER', 'cPGK2', 'PLL16', 'GPX2', 'TBL9', 'AT4G16610', 'UGT88A1', 'MPPalpha', 'VEP1', 'TBL15', 'ECS1', 'APX1', 'AT-P4H-1', 'LAZ5', 'UBQ4', 'FAD2', 'PR1', 'WIN2'}"
3,1,11,3,"{'EF1alpha', 'PRK', 'ACS2', 'ATR2', 'PDF1.2', 'AIM1', 'PER64', 'RBCS1B', 'PLC1', 'LHB1B2', 'AT5G06940', 'PME1'}"
3,2,12,2,"{'PRK', 'CYP71B6', 'ABCC2', 'AO1', 'AT2G35790', 'ICK1', 'AIM1', 'MFP2', 'LHB1B2', 'LOX1', 'PLDALPHA1', 'ACX2', 'PLL16', 'WRKY11', 'TBL9', 'RNS2', 'PKT3', 'GS2', 'AT-P4H-1', 'AT3G15350', 'ARAB-1'}"
3,1,12,3,"{'AAS', 'EF1alpha', 'URE', 'AIG1', 'ACS2', 'GRF7', 'ATR2', 'AO1', 'TGG1', 'TGG2', 'GPX1', 'PLC8', 'LHB1B2', 'MYB68', 'ER', 'PME1', 'PLL16', 'TBL9', 'AT4G16610', 'PER64', 'ADA1A', 'PETE1', 'PLC1', 'AT-P4H-1', 'UBQ4', 'PR1'}"
3,2,13,1,"{'PRK', 'CYP71B6', 'ABCC2', 'ACS2', 'AO1', 'AT2G35790', 'ICK1', 'PDF1.2', 'AIM1', 'MFP2', 'PR4', 'LOX1', 'PLDALPHA1', 'ACX2', 'PLL16', 'WRKY11', 'RNS2', 'PKT3', 'GS2', 'PETE1', 'AT3G15350', 'FAD2', 'ARAB-1'}"
3,1,13,3,"{'EF1alpha', 'PLL16', 'AIG1', 'ATR2', 'PDF1.2', 'PER64', 'TGG2', 'PR4', 'PLC1', 'FAD2', 'ER', 'AT5G06940', 'PME1'}"
3,1,14,2,"{'EF1alpha', 'ACS2', 'ATR2', 'PDF1.2', 'RBCS1B', 'PR4', 'PLC1', 'LHB1B2', 'HCHIB', 'AT5G06940', 'PME1'}"
3,0,14,0,"{'GSTU19', 'uL18-L4', 'CAD9', 'HPL1', 'RNS1', 'AO1', 'NIA2', 'SEH', 'MYB68', 'cPGK2', 'PLL16', 'GPX2', 'TBL9', 'AT4G16610', 'UGT88A1', 'MPPalpha', 'VEP1', 'TBL15', 'ECS1', 'APX1', 'PETE1', 'AT-P4H-1', 'LAZ5', 'FAD2', 'ATRABE1B', 'AT5G06940', 'WIN2'}"
3,1,15,3,"{'EF1alpha', 'ATR2', 'PDF1.2', 'PER64', 'RBCS1B', 'PR4', 'PLC1', 'LHB1B2', 'HCHIB', 'AT-P4H-1', 'AT5G06940', 'PME1'}"
3,2,16,2,"{'PRK', 'CYP71B6', 'AIG1', 'ABCC2', 'AT2G35790', 'ICK1', 'PDF1.2', 'AIM1', 'RBCS1B', 'MFP2', 'LHB1B2', 'NDPK1', 'PLDALPHA1', 'ACX2', 'PLL16', 'WRKY11', 'RNS2', 'NIT2', 'PKT3', 'GS2', 'CCR1', 'PETE1', 'PLDBETA1', 'AT-P4H-1', 'AT3G15350', 'ARAB-1'}"
3,1,16,0,"{'EF1alpha', 'PLL16', 'ACS2', 'ATR2', 'PDF1.2', 'PER64', 'RBCS1B', 'PLC1', 'LHB1B2', 'AT-P4H-1', 'AT5G06940', 'PME1'}"
3,1,17,2,"{'EF1alpha', 'URE', 'ACS2', 'EXO70A3', 'ATR2', 'AO1', 'NDR1', 'TCH2', 'FPS1', 'TGG1', 'TGG2', 'PLC8', 'MPK3', 'ER', 'OXR2', 'PLL16', 'TCH3', 'PER64', 'ADA1A', 'PR5', 'TCH4', 'PLC1', 'TUB9', 'UBQ4', 'MEKK1', 'FSD1', 'PR1'}"
3,0,17,0,"{'GSTU19', 'uL18-L4', 'CAD9', 'HPL1', 'RNS1', 'PDF1.2', 'RBCS1B', 'PR4', 'LHB1B2', 'NIA2', 'SEH', 'cPGK2', 'TBL9', 'GPX2', 'UGT88A1', 'MPPalpha', 'VEP1', 'TBL15', 'ECS1', 'APX1', 'HCHIB', 'AT-P4H-1', 'LAZ5', 'ATRABE1B', 'WIN2'}"
3,1,18,3,"{'AAS', 'EF1alpha', 'ACS2', 'ATR2', 'AO1', 'NDR1', 'TCH2', 'TGG1', 'TGG2', 'PR4', 'GPX1', 'PLC8', 'MPK3', 'ER', 'PME1', 'OXR2', 'PLL16', 'TCH3', 'PER64', 'ADA1A', 'PLC1', 'UBQ4', 'PR1'}"
3,1,19,3,"{'AAS', 'EF1alpha', 'URE', 'AIG1', 'ATR2', 'AO1', 'PR1', 'TGG1', 'TGG2', 'GPX1', 'PLC8', 'MYB68', 'ER', 'PME1', 'PLL16', 'AT4G16610', 'PER64', 'ADA1A', 'PETE1', 'PLC1', 'AT-P4H-1', 'UBQ4', 'GRF7'}"
3,1,20,0,"{'EF1alpha', 'TBL9', 'ACS2', 'ATR2', 'RBCS1B', 'PETE1', 'PLC1', 'LHB1B2', 'HCHIB', 'AT-P4H-1', 'AT5G06940', 'PME1'}"
3,0,20,2,"{'GSTU19', 'EXO70A3', 'uL18-L4', 'CAD9', 'HPL1', 'RNS1', 'AO1', 'NDR1', 'PDF1.2', 'TGG2', 'PR4', 'NIA2', 'SEH', 'MYB68', 'cPGK2', 'PLL16', 'GPX2', 'UGT88A1', 'MPPalpha', 'ADA1A', 'VEP1', 'TBL15', 'ECS1', 'APX1', 'LAZ5', 'FAD2', 'ATRABE1B', 'AT5G06940', 'WIN2'}"
3,1,21,3,"{'AAS', 'EF1alpha', 'URE', 'AIG1', 'ACS2', 'ATR2', 'AO1', 'TGG1', 'TGG2', 'GPX1', 'PLC8', 'BGL2', 'MPK3', 'ER', 'OXR2', 'PLL16', 'PER64', 'ADA1A', 'PR5', 'PLC1', 'UBQ4', 'FSD1', 'PR1'}"
3,1,22,0,"{'EF1alpha', 'ACS2', 'ATR2', 'PDF1.2', 'RBCS1B', 'PLC1', 'AT-P4H-1', 'PME1'}"
3,2,23,1,"{'PRK', 'CYP71B6', 'ABCC2', 'ACS2', 'AO1', 'AT2G35790', 'ICK1', 'PDF1.2', 'AIM1', 'MFP2', 'PR4', 'LOX1', 'MYB68', 'PLDALPHA1', 'ACX2', 'PLL16', 'WRKY11', 'RNS2', 'PKT3', 'GS2', 'AT3G15350', 'FAD2', 'ARAB-1'}"
3,1,23,3,"{'EF1alpha', 'PLL16', 'AIG1', 'ATR2', 'PDF1.2', 'PER64', 'TGG2', 'PR4', 'PLC1', 'FAD2', 'ER', 'AT5G06940', 'PME1'}"
3,1,24,1,"{'EF1alpha', 'URE', 'ACS2', 'EXO70A3', 'ATR2', 'AO1', 'NDR1', 'TCH2', 'FPS1', 'TGG1', 'TGG2', 'PLC8', 'MPK3', 'ER', 'OXR2', 'PLL16', 'TCH3', 'PER64', 'ADA1A', 'PR5', 'TCH4', 'PLC1', 'TUB9', 'UBQ4', 'MEKK1', 'FSD1', 'PR1'}"
3,0,25,2,"{'GSTU19', 'uL18-L4', 'CAD9', 'HPL1', 'RNS1', 'NIA2', 'SEH', 'cPGK2', 'GPX2', 'UGT88A1', 'MPPalpha', 'VEP1', 'TBL15', 'ECS1', 'APX1', 'LAZ5', 'ATRABE1B', 'WIN2'}"
4,3,5,0,"{'AAS', 'PRK', 'AIG1', 'GRF7', 'AO1', 'ATR2', 'CAD9', 'HPL1', 'TGG1', 'TGG2', 'GPX1', 'ER', 'PLL16', 'cPGK2', 'AT4G16610', 'ADA1A', 'TBL15', 'PETE1', 'ECS1', 'APX1', 'AT-P4H-1', 'UBQ4', 'PR1', 'ATRABE1B', 'AT5G06940'}"
4,0,5,3,"{'GSTU19', 'ACS2', 'uL18-L4', 'PDF1.2', 'RNS1', 'RBCS1B', 'PR4', 'LHB1B2', 'NIA2', 'SEH', 'TBL9', 'GPX2', 'UGT88A1', 'MPPalpha', 'VEP1', 'HCHIB', 'LAZ5', 'WIN2'}"
4,3,6,0,"{'AAS', 'AIG1', 'GSTU19', 'ABCC2', 'GRF7', 'AO1', 'uL18-L4', 'HPL1', 'RNS1', 'TGG1', 'TGG2', 'GPX1', 'GER2', 'NIA2', 'SEH', 'ER', 'PLL16', 'cPGK2', 'AT4G16610', 'GPX2', 'UGT88A1', 'MPPalpha', 'ADA1A', 'VEP1', 'TBL15', 'PETE1', 'AT-P4H-1', 'UBQ4', 'PR1', 'AT5G06940'}"
4,0,7,3,"{'ACS2', 'EXO70A3', 'ATR2', 'AO1', 'PDF1.2', 'ICK1', 'RBCS1B', 'LHB1B2', 'LOX1', 'ACX2', 'PLL16', 'WRKY11', 'RNS2', 'PKT3', 'CCR1', 'PETE1', 'PLDBETA1', 'AT3G15350', 'GRF7', 'WIN2'}"
4,3,7,0,"{'AAS', 'AIG1', 'GSTU19', 'GRF7', 'AO1', 'HPL1', 'RNS1', 'TGG1', 'TGG2', 'GPX1', 'NIA2', 'SEH', 'ER', 'PLL16', 'cPGK2', 'AT4G16610', 'GPX2', 'UGT88A1', 'MPPalpha', 'ADA1A', 'VEP1', 'TBL15', 'PETE1', 'AT-P4H-1', 'UBQ4', 'PR1', 'AT5G06940'}"
4,3,9,1,"{'AAS', 'CYP71B6', 'AIG1', 'ABCC2', 'GRF7', 'uL18-L4', 'AT2G35790', 'AIM1', 'TGG1', 'TGG2', 'LOX1', 'MYB68', 'ER', 'PLDALPHA1', 'TBL9', 'ARAB-1', 'ADA1A', 'PETE1', 'AT-P4H-1', 'UBQ4', 'FAD2', 'PR1', 'AT5G06940'}"
4,3,16,2,"{'AAS', 'GRF7', 'TGG1', 'TGG2', 'GPX1', 'PR4', 'LOX1', 'MYB68', 'NDPK1', 'ER', 'PLL16', 'TBL9', 'AT4G16610', 'NIT2', 'ADA1A', 'CCR1', 'PLDBETA1', 'HCHIB', 'AT-P4H-1', 'UBQ4', 'FAD2', 'PR1', 'AT5G06940'}"
4,3,22,2,"{'AAS', 'AIG1', 'GRF7', 'EXO70A3', 'AT2G35790', 'ICK1', 'AIM1', 'TGG1', 'GPX1', 'PR4', 'LHB1B2', 'LOX1', 'MYB68', 'SEH', 'ER', 'OXR2', 'TBL9', 'ARAB-1', 'CCR1', 'HCHIB', 'AT-P4H-1', 'UBQ4', 'FAD2', 'PR1', 'AT5G06940'}"
4,3,25,2,"{'AAS', 'AIG1', 'GRF7', 'AO1', 'TGG1', 'TGG2', 'GPX1', 'ER', 'PLL16', 'AT4G16610', 'ADA1A', 'PETE1', 'AT-P4H-1', 'UBQ4', 'PR1', 'AT5G06940'}"
5,0,6,2,"{'PRK', 'ACS2', 'ATR2', 'CAD9', 'HPL1', 'PDF1.2', 'AIM1', 'RBCS1B', 'GPX1', 'PR4', 'LHB1B2', 'LOX1', 'MYB68', 'PLDALPHA1', 'cPGK2', 'TBL9', 'AT4G16610', 'PER64', 'TBL15', 'ECS1', 'APX1', 'PETE1', 'HCHIB', 'AT-P4H-1', 'FAD2', 'ATRABE1B', 'AT5G06940'}"
5,0,7,3,"{'PRK', 'EXO70A3', 'AO1', 'CAD9', 'HPL1', 'ICK1', 'PR4', 'LOX1', 'MYB68', 'ACX2', 'cPGK2', 'PLL16', 'WRKY11', 'TBL9', 'RNS2', 'PKT3', 'TBL15', 'ECS1', 'APX1', 'CCR1', 'PETE1', 'PLDBETA1', 'HCHIB', 'AT3G15350', 'GRF7', 'ATRABE1B', 'WIN2'}"
5,0,8,2,"{'AAS', 'PRK', 'AIG1', 'ACS2', 'ATR2', 'CAD9', 'HPL1', 'AO1', 'NDR1', 'TGG1', 'TGG2', 'GPX1', 'PLC8', 'MYB68', 'MPK3', 'PLDALPHA1', 'ER', 'cPGK2', 'PLL16', 'AT4G16610', 'TBL9', 'ADA1A', 'TBL15', 'ECS1', 'APX1', 'PETE1', 'UBQ4', 'PR1', 'ATRABE1B', 'AT5G06940'}"
5,0,9,3,"{'PRK', 'cPGK2', 'ACS2', 'ATR2', 'CAD9', 'HPL1', 'PDF1.2', 'RBCS1B', 'TBL15', 'ECS1', 'APX1', 'PR4', 'LHB1B2', 'AT-P4H-1', 'MYB68', 'ATRABE1B', 'AT5G06940'}"
5,0,10,3,"{'PRK', 'ACS2', 'ATR2', 'CAD9', 'HPL1', 'PDF1.2', 'RBCS1B', 'PR4', 'LHB1B2', 'MYB68', 'cPGK2', 'TBL15', 'ECS1', 'APX1', 'PETE1', 'HCHIB', 'AT-P4H-1', 'ATRABE1B', 'AT5G06940'}"
5,0,11,2,"{'AAS', 'PRK', 'AIG1', 'ATR2', 'CAD9', 'HPL1', 'AO1', 'AT2G35790', 'uL18-L4', 'GPX1', 'FAH1', 'ER', 'cPGK2', 'PLL16', 'TBL9', 'AT4G16610', 'TBL15', 'ECS1', 'APX1', 'AT-P4H-1', 'UBQ4', 'FAD2', 'PR1'}"
5,3,11,3,"{'PRK', 'GSTU19', 'GPX2', 'ACS2', 'uL18-L4', 'UGT88A1', 'RNS1', 'PDF1.2', 'MPPalpha', 'AIM1', 'VEP1', 'RBCS1B', 'LHB1B2', 'LAZ5', 'NIA2', 'SEH', 'WIN2'}"
5,0,12,3,"{'AAS', 'PRK', 'URE', 'AIG1', 'ACS2', 'GRF7', 'ATR2', 'CAD9', 'HPL1', 'AO1', 'TGG1', 'TGG2', 'GPX1', 'PLC8', 'LHB1B2', 'ER', 'cPGK2', 'PLL16', 'AT4G16610', 'TBL9', 'ADA1A', 'TBL15', 'ECS1', 'APX1', 'PETE1', 'AT-P4H-1', 'UBQ4', 'PR1', 'ATRABE1B', 'AT5G06940'}"
5,3,12,2,"{'GSTU19', 'GPX2', 'uL18-L4', 'UGT88A1', 'RNS1', 'PDF1.2', 'MPPalpha', 'RBCS1B', 'VEP1', 'PR4', 'HCHIB', 'FAD2', 'LAZ5', 'NIA2', 'SEH', 'WIN2'}"
5,3,13,3,"{'PLL16', 'GSTU19', 'GPX2', 'AIG1', 'uL18-L4', 'UGT88A1', 'RNS1', 'PDF1.2', 'MPPalpha', 'VEP1', 'TGG2', 'PR4', 'FAD2', 'LAZ5', 'NIA2', 'SEH', 'ER', 'WIN2'}"
5,0,13,1,"{'PRK', 'cPGK2', 'TBL9', 'ACS2', 'ATR2', 'CAD9', 'HPL1', 'RBCS1B', 'TBL15', 'ECS1', 'APX1', 'PETE1', 'LHB1B2', 'HCHIB', 'AT-P4H-1', 'MYB68', 'ATRABE1B'}"
5,3,14,0,"{'GSTU19', 'uL18-L4', 'AO1', 'RNS1', 'NIA2', 'SEH', 'PLL16', 'TBL9', 'GPX2', 'AT4G16610', 'UGT88A1', 'MPPalpha', 'VEP1', 'PETE1', 'AT-P4H-1', 'LAZ5', 'FAD2', 'AT5G06940', 'WIN2'}"
5,0,14,2,"{'PRK', 'cPGK2', 'ACS2', 'ATR2', 'CAD9', 'HPL1', 'PDF1.2', 'RBCS1B', 'PER64', 'TBL15', 'ECS1', 'APX1', 'PR4', 'LHB1B2', 'HCHIB', 'MYB68', 'ATRABE1B'}"
5,0,15,3,"{'PRK', 'cPGK2', 'ATR2', 'CAD9', 'HPL1', 'PDF1.2', 'RBCS1B', 'TBL15', 'ECS1', 'APX1', 'PR4', 'LHB1B2', 'HCHIB', 'AT-P4H-1', 'MYB68', 'ATRABE1B'}"
5,3,16,0,"{'PLL16', 'GSTU19', 'GPX2', 'ACS2', 'uL18-L4', 'UGT88A1', 'RNS1', 'PDF1.2', 'MPPalpha', 'RBCS1B', 'VEP1', 'LHB1B2', 'AT-P4H-1', 'LAZ5', 'NIA2', 'SEH', 'WIN2'}"
5,0,16,2,"{'PRK', 'AIG1', 'ATR2', 'CAD9', 'HPL1', 'AO1', 'PR4', 'LOX1', 'MYB68', 'NDPK1', 'cPGK2', 'TBL9', 'NIT2', 'TBL15', 'ECS1', 'APX1', 'CCR1', 'PETE1', 'PLDBETA1', 'HCHIB', 'FAD2', 'ATRABE1B'}"
5,3,17,3,"{'ABCC2', 'GRF7', 'ATR2', 'CAD9', 'AT2G35790', 'LecRK-V.5', 'MFP2', 'FAH1', 'LOX1', 'HMG1', 'NDPK1', 'CCOAMT', 'PLDALPHA1', 'ACX2', 'WRKY11', 'AT4G16610', 'RNS2', 'VEP1', 'DHS1', 'TBL15', 'PETE1', 'APX1', 'AT3G15350', 'FAD2', 'ROF1', 'PRK', 'CYP71B6', 'AIG1', 'TT4', 'ELI3-1', 'ICK1', 'AIM1', 'GPX1', 'GER2', 'NIT2', 'CHIA', 'PKT3', 'GS2', 'CCR1', 'PLDBETA1', 'ARAB-1', 'ATRABE1B'}"
5,0,17,2,"{'URE', 'EXO70A3', 'ATR2', 'CAD9', 'AO1', 'NDR1', 'TCH2', 'PLC8', 'MPK3', 'PME1', 'PLL16', 'TCH3', 'ADA1A', 'PR5', 'TBL15', 'ECS1', 'APX1', 'TCH4', 'TUB9', 'PR1', 'PRK', 'ACS2', 'FPS1', 'HPL1', 'TGG1', 'TGG2', 'MYB68', 'ER', 'OXR2', 'cPGK2', 'UBQ4', 'MEKK1', 'FSD1', 'ATRABE1B', 'AT5G06940'}"
5,0,18,3,"{'AAS', 'PRK', 'ACS2', 'ATR2', 'CAD9', 'HPL1', 'AO1', 'NDR1', 'TCH2', 'TGG1', 'TGG2', 'PR4', 'GPX1', 'PLC8', 'MYB68', 'MPK3', 'ER', 'OXR2', 'cPGK2', 'PLL16', 'TCH3', 'ADA1A', 'TBL15', 'ECS1', 'APX1', 'UBQ4', 'PR1', 'ATRABE1B', 'AT5G06940'}"
5,0,19,3,"{'AAS', 'PRK', 'URE', 'AIG1', 'ATR2', 'CAD9', 'HPL1', 'AO1', 'PR1', 'TGG1', 'TGG2', 'GPX1', 'PLC8', 'ER', 'cPGK2', 'PLL16', 'AT4G16610', 'ADA1A', 'TBL15', 'ECS1', 'APX1', 'PETE1', 'AT-P4H-1', 'UBQ4', 'GRF7', 'ATRABE1B', 'AT5G06940'}"
5,3,20,0,"{'GSTU19', 'ACS2', 'uL18-L4', 'RNS1', 'RBCS1B', 'LHB1B2', 'NIA2', 'SEH', 'TBL9', 'GPX2', 'UGT88A1', 'MPPalpha', 'PER64', 'VEP1', 'PETE1', 'HCHIB', 'AT-P4H-1', 'LAZ5', 'WIN2'}"
5,0,20,2,"{'PRK', 'EXO70A3', 'ATR2', 'CAD9', 'HPL1', 'AO1', 'NDR1', 'PDF1.2', 'TGG2', 'PR4', 'MYB68', 'cPGK2', 'PLL16', 'ADA1A', 'TBL15', 'ECS1', 'APX1', 'FAD2', 'ATRABE1B', 'AT5G06940'}"
5,0,21,3,"{'AAS', 'PRK', 'URE', 'AIG1', 'ACS2', 'ATR2', 'CAD9', 'HPL1', 'AO1', 'TGG1', 'TGG2', 'GPX1', 'PLC8', 'BGL2', 'MYB68', 'MPK3', 'ER', 'PME1', 'OXR2', 'cPGK2', 'PLL16', 'ADA1A', 'PR5', 'TBL15', 'ECS1', 'APX1', 'UBQ4', 'FSD1', 'PR1', 'ATRABE1B', 'AT5G06940'}"
5,0,22,0,"{'PRK', 'cPGK2', 'ACS2', 'ATR2', 'CAD9', 'HPL1', 'PDF1.2', 'RBCS1B', 'PER64', 'TBL15', 'ECS1', 'APX1', 'AT-P4H-1', 'MYB68', 'ATRABE1B', 'AT5G06940'}"
5,0,23,1,"{'PRK', 'cPGK2', 'TBL9', 'ACS2', 'ATR2', 'CAD9', 'HPL1', 'RBCS1B', 'TBL15', 'ECS1', 'APX1', 'LHB1B2', 'HCHIB', 'AT-P4H-1', 'ATRABE1B'}"
5,3,23,3,"{'PLL16', 'GSTU19', 'GPX2', 'AIG1', 'uL18-L4', 'UGT88A1', 'RNS1', 'PDF1.2', 'MPPalpha', 'VEP1', 'TGG2', 'PR4', 'FAD2', 'LAZ5', 'NIA2', 'SEH', 'ER', 'WIN2'}"
5,3,24,2,"{'ABCC2', 'ATR2', 'CAD9', 'AT2G35790', 'LecRK-V.5', 'MFP2', 'FAH1', 'HMG1', 'SEH', 'NDPK1', 'CCOAMT', 'ACX2', 'WRKY11', 'RNS2', 'ARAB-1', 'VEP1', 'DHS1', 'TBL15', 'APX1', 'ROF1', 'AT3G15350', 'PRK', 'CYP71B6', 'AIG1', 'TT4', 'ELI3-1', 'RNS1', 'GPX1', 'GER2', 'NIT2', 'CHIA', 'PKT3', 'GS2', 'PLDBETA1', 'GRF7', 'ATRABE1B'}"
5,0,24,1,"{'URE', 'EXO70A3', 'ATR2', 'CAD9', 'AO1', 'NDR1', 'TCH2', 'PLC8', 'MPK3', 'PME1', 'PLL16', 'TCH3', 'ADA1A', 'PR5', 'TBL15', 'ECS1', 'APX1', 'TCH4', 'TUB9', 'PR1', 'PRK', 'ACS2', 'FPS1', 'HPL1', 'TGG1', 'TGG2', 'MYB68', 'ER', 'OXR2', 'cPGK2', 'UBQ4', 'MEKK1', 'FSD1', 'ATRABE1B', 'AT5G06940'}"
5,0,25,2,"{'PRK', 'cPGK2', 'ATR2', 'CAD9', 'HPL1', 'TBL15', 'ECS1', 'APX1', 'ATRABE1B'}"
6,0,8,2,"{'GSTU19', 'ABCC2', 'uL18-L4', 'AO1', 'NDR1', 'PLC8', 'NIA2', 'SEH', 'MPK3', 'PLDALPHA1', 'PLL16', 'AT4G16610', 'UGT88A1', 'MPPalpha', 'ADA1A', 'VEP1', 'TBL15', 'PETE1', 'PR1', 'AAS', 'AIG1', 'ACS2', 'HPL1', 'RNS1', 'TGG1', 'TGG2', 'GPX1', 'GER2', 'MYB68', 'ER', 'cPGK2', 'TBL9', 'GPX2', 'UBQ4', 'AT5G06940'}"
6,0,9,1,"{'CYP71B6', 'GSTU19', 'AO1', 'HPL1', 'RNS1', 'AT2G35790', 'AIM1', 'GPX1', 'GER2', 'LOX1', 'NIA2', 'MYB68', 'SEH', 'PLDALPHA1', 'cPGK2', 'PLL16', 'GPX2', 'AT4G16610', 'TBL9', 'UGT88A1', 'MPPalpha', 'VEP1', 'TBL15', 'FAD2', 'ARAB-1'}"
6,1,10,1,"{'PRK', 'AIG1', 'ABCC2', 'EXO70A3', 'ATR2', 'GRF7', 'PR1', 'AIM1', 'MFP2', 'TGG2', 'GPX1', 'LOX1', 'MYB68', 'NDPK1', 'ER', 'PLDALPHA1', 'WRKY11', 'TBL9', 'RNS2', 'AT4G16610', 'GS2', 'CCR1', 'PLDBETA1', 'LAZ5', 'UBQ4', 'AT3G15350', 'FAD2', 'ROF1', 'WIN2'}"
6,0,11,2,"{'AAS', 'GSTU19', 'ABCC2', 'AIG1', 'AO1', 'HPL1', 'RNS1', 'AT2G35790', 'GPX1', 'FAH1', 'GER2', 'NIA2', 'SEH', 'ER', 'cPGK2', 'PLL16', 'GPX2', 'TBL9', 'AT4G16610', 'UGT88A1', 'MPPalpha', 'VEP1', 'TBL15', 'AT-P4H-1', 'UBQ4', 'FAD2', 'PR1', 'ATRABE1B'}"
6,0,12,3,"{'URE', 'GSTU19', 'ABCC2', 'uL18-L4', 'AO1', 'PLC8', 'NIA2', 'SEH', 'PLL16', 'AT4G16610', 'UGT88A1', 'MPPalpha', 'ADA1A', 'VEP1', 'TBL15', 'PETE1', 'AT-P4H-1', 'PR1', 'AAS', 'AIG1', 'ACS2', 'HPL1', 'RNS1', 'TGG1', 'TGG2', 'GPX1', 'LHB1B2', 'GER2', 'ER', 'cPGK2', 'TBL9', 'GPX2', 'UBQ4', 'GRF7', 'AT5G06940'}"
6,0,13,3,"{'GSTU19', 'ABCC2', 'AIG1', 'uL18-L4', 'HPL1', 'RNS1', 'PDF1.2', 'TGG2', 'PR4', 'GER2', 'NIA2', 'MYB68', 'SEH', 'ER', 'cPGK2', 'PLL16', 'GPX2', 'UGT88A1', 'MPPalpha', 'VEP1', 'TBL15', 'FAD2'}"
6,0,14,0,"{'GSTU19', 'ABCC2', 'uL18-L4', 'HPL1', 'RNS1', 'AO1', 'GER2', 'NIA2', 'MYB68', 'SEH', 'cPGK2', 'PLL16', 'GPX2', 'TBL9', 'AT4G16610', 'UGT88A1', 'MPPalpha', 'VEP1', 'TBL15', 'PETE1', 'AT-P4H-1', 'FAD2', 'AT5G06940'}"
6,1,15,1,"{'PRK', 'AIG1', 'ABCC2', 'EXO70A3', 'ATR2', 'GRF7', 'PR1', 'AIM1', 'MFP2', 'TGG2', 'GPX1', 'LOX1', 'MYB68', 'NDPK1', 'ER', 'PLDALPHA1', 'WRKY11', 'TBL9', 'RNS2', 'AT4G16610', 'GS2', 'CCR1', 'PLDBETA1', 'LAZ5', 'UBQ4', 'AT3G15350', 'FAD2', 'ROF1', 'WIN2'}"
6,0,16,2,"{'GSTU19', 'ABCC2', 'AIG1', 'uL18-L4', 'HPL1', 'RNS1', 'AO1', 'PR4', 'GER2', 'LOX1', 'NIA2', 'MYB68', 'SEH', 'NDPK1', 'cPGK2', 'TBL9', 'GPX2', 'UGT88A1', 'NIT2', 'MPPalpha', 'VEP1', 'TBL15', 'CCR1', 'PETE1', 'PLDBETA1', 'HCHIB', 'FAD2'}"
6,0,17,2,"{'URE', 'GSTU19', 'ABCC2', 'EXO70A3', 'uL18-L4', 'AO1', 'NDR1', 'TCH2', 'PLC8', 'NIA2', 'SEH', 'MPK3', 'PME1', 'PLL16', 'UGT88A1', 'TCH3', 'MPPalpha', 'ADA1A', 'VEP1', 'TBL15', 'PR5', 'TCH4', 'TUB9', 'PR1', 'ACS2', 'FPS1', 'HPL1', 'RNS1', 'TGG1', 'TGG2', 'GER2', 'MYB68', 'ER', 'OXR2', 'cPGK2', 'GPX2', 'UBQ4', 'MEKK1', 'FSD1', 'AT5G06940'}"
6,0,18,3,"{'GSTU19', 'ABCC2', 'uL18-L4', 'AO1', 'NDR1', 'TCH2', 'PR4', 'PLC8', 'NIA2', 'SEH', 'MPK3', 'PLL16', 'UGT88A1', 'TCH3', 'MPPalpha', 'ADA1A', 'VEP1', 'TBL15', 'PR1', 'AAS', 'ACS2', 'HPL1', 'RNS1', 'TGG1', 'TGG2', 'GPX1', 'GER2', 'MYB68', 'ER', 'OXR2', 'cPGK2', 'GPX2', 'UBQ4', 'AT5G06940'}"
6,0,19,3,"{'URE', 'GSTU19', 'ABCC2', 'uL18-L4', 'AO1', 'PLC8', 'NIA2', 'SEH', 'PLL16', 'AT4G16610', 'UGT88A1', 'MPPalpha', 'ADA1A', 'VEP1', 'TBL15', 'PETE1', 'AT-P4H-1', 'PR1', 'AAS', 'AIG1', 'HPL1', 'RNS1', 'TGG1', 'TGG2', 'GPX1', 'GER2', 'ER', 'cPGK2', 'GPX2', 'UBQ4', 'GRF7', 'AT5G06940'}"
6,0,20,2,"{'GSTU19', 'ABCC2', 'EXO70A3', 'uL18-L4', 'HPL1', 'RNS1', 'AO1', 'NDR1', 'PDF1.2', 'TGG2', 'PR4', 'GER2', 'NIA2', 'MYB68', 'SEH', 'cPGK2', 'PLL16', 'GPX2', 'UGT88A1', 'MPPalpha', 'ADA1A', 'VEP1', 'TBL15', 'FAD2', 'AT5G06940'}"
6,0,21,3,"{'URE', 'GSTU19', 'ABCC2', 'uL18-L4', 'AO1', 'PLC8', 'NIA2', 'SEH', 'MPK3', 'PME1', 'PLL16', 'UGT88A1', 'MPPalpha', 'ADA1A', 'VEP1', 'TBL15', 'PR5', 'PR1', 'AAS', 'AIG1', 'ACS2', 'HPL1', 'RNS1', 'TGG1', 'TGG2', 'GPX1', 'GER2', 'BGL2', 'MYB68', 'ER', 'OXR2', 'cPGK2', 'GPX2', 'UBQ4', 'FSD1', 'AT5G06940'}"
6,0,22,2,"{'GSTU19', 'ABCC2', 'EXO70A3', 'uL18-L4', 'AO1', 'AT2G35790', 'PR4', 'LOX1', 'NIA2', 'PLL16', 'AT4G16610', 'UGT88A1', 'MPPalpha', 'ADA1A', 'VEP1', 'TBL15', 'PETE1', 'HCHIB', 'FAD2', 'HPL1', 'RNS1', 'ICK1', 'AIM1', 'TGG2', 'LHB1B2', 'GER2', 'MYB68', 'OXR2', 'cPGK2', 'TBL9', 'GPX2', 'CCR1', 'ARAB-1'}"
6,0,23,3,"{'GSTU19', 'ABCC2', 'AIG1', 'uL18-L4', 'HPL1', 'RNS1', 'PDF1.2', 'TGG2', 'PR4', 'GER2', 'NIA2', 'MYB68', 'SEH', 'ER', 'cPGK2', 'PLL16', 'GPX2', 'UGT88A1', 'MPPalpha', 'VEP1', 'TBL15', 'FAD2'}"
6,0,24,1,"{'URE', 'GSTU19', 'ABCC2', 'EXO70A3', 'uL18-L4', 'AO1', 'NDR1', 'TCH2', 'PLC8', 'NIA2', 'SEH', 'MPK3', 'PME1', 'PLL16', 'UGT88A1', 'TCH3', 'MPPalpha', 'ADA1A', 'VEP1', 'TBL15', 'PR5', 'TCH4', 'TUB9', 'PR1', 'ACS2', 'FPS1', 'HPL1', 'RNS1', 'TGG1', 'TGG2', 'GER2', 'MYB68', 'ER', 'OXR2', 'cPGK2', 'GPX2', 'UBQ4', 'MEKK1', 'FSD1', 'AT5G06940'}"
6,0,25,2,"{'cPGK2', 'GPX2', 'ABCC2', 'GSTU19', 'UGT88A1', 'uL18-L4', 'HPL1', 'RNS1', 'MPPalpha', 'VEP1', 'TBL15', 'GER2', 'NIA2', 'SEH'}"
7,2,8,3,"{'PRK', 'CYP71B6', 'ABCC2', 'uL18-L4', 'AT2G35790', 'AIM1', 'MFP2', 'GS2', 'PR4', 'GER2', 'LOX1', 'HCHIB', 'LAZ5', 'ROF1', 'ARAB-1', 'NDPK1', 'PLDALPHA1'}"
7,3,8,2,"{'AAS', 'AIG1', 'ACS2', 'EXO70A3', 'ATR2', 'ICK1', 'NDR1', 'PR1', 'TGG1', 'TGG2', 'PR4', 'GPX1', 'PLC8', 'LOX1', 'MPK3', 'ER', 'PLDALPHA1', 'ACX2', 'WRKY11', 'AT4G16610', 'RNS2', 'PKT3', 'ADA1A', 'CCR1', 'PLDBETA1', 'HCHIB', 'UBQ4', 'AT3G15350', 'GRF7', 'AT5G06940', 'WIN2'}"
7,0,9,3,"{'GSTU19', 'ACS2', 'HPL1', 'RNS1', 'PDF1.2', 'RBCS1B', 'PR4', 'LHB1B2', 'NIA2', 'MYB68', 'SEH', 'cPGK2', 'GPX2', 'UGT88A1', 'MPPalpha', 'VEP1', 'TBL15', 'AT-P4H-1', 'AT5G06940'}"
7,2,10,1,"{'PRK', 'AIG1', 'uL18-L4', 'AO1', 'PDF1.2', 'ICK1', 'RBCS1B', 'MFP2', 'TGG2', 'GPX1', 'LHB1B2', 'GER2', 'LOX1', 'MYB68', 'NDPK1', 'ER', 'ACX2', 'PLL16', 'TBL9', 'AT4G16610', 'PKT3', 'GS2', 'AT-P4H-1', 'LAZ5', 'UBQ4', 'ROF1', 'PR1'}"
7,3,10,3,"{'ACS2', 'EXO70A3', 'ATR2', 'AO1', 'ICK1', 'PDF1.2', 'RBCS1B', 'LHB1B2', 'LOX1', 'ACX2', 'PLL16', 'WRKY11', 'TBL9', 'RNS2', 'PKT3', 'CCR1', 'PLDBETA1', 'AT-P4H-1', 'AT3G15350', 'GRF7', 'AT5G06940', 'WIN2'}"
7,2,11,3,"{'PRK', 'CYP71B6', 'ABCC2', 'ACS2', 'uL18-L4', 'AT2G35790', 'MFP2', 'GS2', 'GER2', 'AT-P4H-1', 'LAZ5', 'ROF1', 'FAD2', 'ARAB-1', 'NDPK1', 'PLDALPHA1'}"
7,0,11,2,"{'AAS', 'GSTU19', 'AIG1', 'AO1', 'HPL1', 'RNS1', 'AT2G35790', 'uL18-L4', 'GPX1', 'FAH1', 'NIA2', 'SEH', 'ER', 'cPGK2', 'PLL16', 'GPX2', 'TBL9', 'AT4G16610', 'UGT88A1', 'MPPalpha', 'VEP1', 'TBL15', 'AT-P4H-1', 'UBQ4', 'FAD2', 'PR1', 'ATRABE1B'}"
7,2,12,2,"{'CYP71B6', 'ABCC2', 'uL18-L4', 'AT2G35790', 'AIM1', 'MFP2', 'GS2', 'PR4', 'LHB1B2', 'GER2', 'HCHIB', 'AT-P4H-1', 'LAZ5', 'ROF1', 'ARAB-1', 'NDPK1', 'PLDALPHA1'}"
7,3,12,3,"{'AAS', 'URE', 'AIG1', 'ACS2', 'EXO70A3', 'ATR2', 'ICK1', 'TGG1', 'TGG2', 'PR4', 'GPX1', 'PLC8', 'LHB1B2', 'LOX1', 'MYB68', 'ER', 'ACX2', 'WRKY11', 'AT4G16610', 'RNS2', 'PKT3', 'ADA1A', 'CCR1', 'PLDBETA1', 'HCHIB', 'AT-P4H-1', 'UBQ4', 'AT3G15350', 'PR1', 'AT5G06940', 'WIN2'}"
7,2,13,1,"{'CYP71B6', 'ABCC2', 'ACS2', 'uL18-L4', 'AT2G35790', 'PDF1.2', 'AIM1', 'MFP2', 'GER2', 'NDPK1', 'PLDALPHA1', 'TBL9', 'GS2', 'PETE1', 'HCHIB', 'LAZ5', 'ROF1', 'FAD2', 'ARAB-1'}"
7,3,13,3,"{'AIG1', 'EXO70A3', 'ATR2', 'AO1', 'ICK1', 'PDF1.2', 'TGG2', 'LOX1', 'ER', 'ACX2', 'WRKY11', 'TBL9', 'RNS2', 'PKT3', 'CCR1', 'PETE1', 'PLDBETA1', 'HCHIB', 'AT3G15350', 'FAD2', 'GRF7', 'WIN2'}"
7,3,14,0,"{'EXO70A3', 'ATR2', 'ICK1', 'PR4', 'LOX1', 'ACX2', 'WRKY11', 'AT4G16610', 'RNS2', 'PKT3', 'CCR1', 'PLDBETA1', 'HCHIB', 'AT-P4H-1', 'AT3G15350', 'FAD2', 'GRF7', 'AT5G06940', 'WIN2'}"
7,0,14,2,"{'GSTU19', 'ACS2', 'HPL1', 'RNS1', 'PDF1.2', 'RBCS1B', 'PR4', 'LHB1B2', 'NIA2', 'MYB68', 'SEH', 'cPGK2', 'GPX2', 'UGT88A1', 'MPPalpha', 'PER64', 'VEP1', 'TBL15', 'HCHIB'}"
7,2,15,1,"{'PRK', 'AIG1', 'uL18-L4', 'AO1', 'PDF1.2', 'ICK1', 'RBCS1B', 'MFP2', 'TGG2', 'GPX1', 'LHB1B2', 'GER2', 'LOX1', 'MYB68', 'NDPK1', 'ER', 'ACX2', 'PLL16', 'TBL9', 'AT4G16610', 'PKT3', 'GS2', 'AT-P4H-1', 'LAZ5', 'UBQ4', 'ROF1', 'PR1'}"
7,3,15,3,"{'EXO70A3', 'ATR2', 'AO1', 'ICK1', 'PDF1.2', 'RBCS1B', 'LHB1B2', 'LOX1', 'ACX2', 'PLL16', 'WRKY11', 'TBL9', 'RNS2', 'PKT3', 'CCR1', 'PETE1', 'PLDBETA1', 'AT-P4H-1', 'AT3G15350', 'GRF7', 'WIN2'}"
7,2,16,3,"{'GSTU19', 'ATR2', 'CAD9', 'LecRK-V.5', 'RBCS1B', 'FAH1', 'NIA2', 'SEH', 'NDPK1', 'CCOAMT', 'ACX2', 'WRKY11', 'AT4G16610', 'RNS2', 'UGT88A1', 'MPPalpha', 'VEP1', 'TBL15', 'DHS1', 'APX1', 'AT-P4H-1', 'AT3G15350', 'FAD2', 'PRK', 'TT4', 'ELI3-1', 'PDF1.2', 'ICK1', 'RNS1', 'GPX1', 'LHB1B2', 'MYB68', 'GPX2', 'PKT3', 'UBQ4', 'GRF7', 'ATRABE1B', 'WIN2'}"
7,0,16,0,"{'cPGK2', 'PLL16', 'GSTU19', 'GPX2', 'ACS2', 'UGT88A1', 'HPL1', 'RNS1', 'PDF1.2', 'MPPalpha', 'RBCS1B', 'VEP1', 'TBL15', 'NIA2', 'LHB1B2', 'AT-P4H-1', 'MYB68', 'SEH'}"
7,3,17,0,"{'EXO70A3', 'ATR2', 'AO1', 'ICK1', 'PDF1.2', 'RBCS1B', 'LHB1B2', 'LOX1', 'MYB68', 'ACX2', 'PLL16', 'WRKY11', 'RNS2', 'PKT3', 'CCR1', 'PETE1', 'PLDBETA1', 'AT-P4H-1', 'AT3G15350', 'GRF7', 'WIN2'}"
7,0,17,2,"{'URE', 'GSTU19', 'EXO70A3', 'AO1', 'NDR1', 'TCH2', 'PLC8', 'NIA2', 'SEH', 'MPK3', 'PME1', 'PLL16', 'UGT88A1', 'TCH3', 'MPPalpha', 'ADA1A', 'VEP1', 'TBL15', 'PR5', 'TCH4', 'TUB9', 'PR1', 'ACS2', 'FPS1', 'HPL1', 'RNS1', 'TGG1', 'TGG2', 'MYB68', 'ER', 'OXR2', 'cPGK2', 'GPX2', 'UBQ4', 'MEKK1', 'FSD1', 'AT5G06940'}"
7,3,18,3,"{'AAS', 'ACS2', 'EXO70A3', 'ATR2', 'ICK1', 'NDR1', 'TCH2', 'PR1', 'TGG1', 'TGG2', 'GPX1', 'PLC8', 'LOX1', 'MPK3', 'ER', 'ACX2', 'OXR2', 'WRKY11', 'TBL9', 'RNS2', 'TCH3', 'PKT3', 'ADA1A', 'CCR1', 'PETE1', 'PLDBETA1', 'HCHIB', 'UBQ4', 'AT3G15350', 'GRF7', 'AT5G06940', 'WIN2'}"
7,2,19,0,"{'CYP71B6', 'TBL9', 'ABCC2', 'ACS2', 'uL18-L4', 'AT2G35790', 'AIM1', 'MFP2', 'GS2', 'PR4', 'GER2', 'HCHIB', 'AT-P4H-1', 'LAZ5', 'ROF1', 'ARAB-1', 'NDPK1', 'PLDALPHA1'}"
7,3,19,3,"{'AAS', 'URE', 'AIG1', 'EXO70A3', 'ATR2', 'ICK1', 'TGG1', 'TGG2', 'PR4', 'GPX1', 'PLC8', 'LOX1', 'MYB68', 'ER', 'ACX2', 'WRKY11', 'TBL9', 'RNS2', 'AT4G16610', 'PKT3', 'ADA1A', 'CCR1', 'PLDBETA1', 'HCHIB', 'AT-P4H-1', 'UBQ4', 'AT3G15350', 'PR1', 'AT5G06940', 'WIN2'}"
7,3,20,2,"{'ATR2', 'ICK1', 'NDR1', 'PDF1.2', 'TGG2', 'LOX1', 'ACX2', 'WRKY11', 'TBL9', 'RNS2', 'PKT3', 'ADA1A', 'CCR1', 'PETE1', 'PLDBETA1', 'HCHIB', 'AT3G15350', 'FAD2', 'GRF7', 'AT5G06940', 'WIN2'}"
7,0,20,0,"{'GSTU19', 'ACS2', 'HPL1', 'RNS1', 'RBCS1B', 'LHB1B2', 'NIA2', 'MYB68', 'SEH', 'cPGK2', 'TBL9', 'GPX2', 'UGT88A1', 'MPPalpha', 'PER64', 'VEP1', 'TBL15', 'PETE1', 'HCHIB', 'AT-P4H-1'}"
7,2,21,1,"{'CYP71B6', 'TBL9', 'ABCC2', 'uL18-L4', 'AT2G35790', 'AIM1', 'MFP2', 'GS2', 'PETE1', 'PR4', 'GER2', 'HCHIB', 'LAZ5', 'ROF1', 'ARAB-1', 'NDPK1', 'PLDALPHA1'}"
7,3,21,3,"{'AAS', 'URE', 'AIG1', 'ACS2', 'EXO70A3', 'ATR2', 'ICK1', 'PR1', 'TGG1', 'TGG2', 'PR4', 'GPX1', 'PLC8', 'LOX1', 'BGL2', 'MPK3', 'ER', 'ACX2', 'PME1', 'OXR2', 'WRKY11', 'TBL9', 'RNS2', 'PKT3', 'ADA1A', 'PR5', 'CCR1', 'PETE1', 'PLDBETA1', 'HCHIB', 'UBQ4', 'FSD1', 'AT3G15350', 'GRF7', 'AT5G06940', 'WIN2'}"
7,2,22,0,"{'CYP71B6', 'ABCC2', 'ACS2', 'uL18-L4', 'AT2G35790', 'AIM1', 'PER64', 'MFP2', 'GS2', 'LHB1B2', 'GER2', 'LAZ5', 'ROF1', 'FAD2', 'ARAB-1', 'NDPK1', 'PLDALPHA1', 'AT5G06940'}"
7,2,23,1,"{'CYP71B6', 'ABCC2', 'ACS2', 'uL18-L4', 'AT2G35790', 'PDF1.2', 'AIM1', 'MFP2', 'GER2', 'MYB68', 'NDPK1', 'PLDALPHA1', 'TBL9', 'GS2', 'HCHIB', 'LAZ5', 'ROF1', 'FAD2', 'ARAB-1'}"
7,0,23,3,"{'GSTU19', 'AIG1', 'HPL1', 'RNS1', 'PDF1.2', 'TGG2', 'PR4', 'NIA2', 'MYB68', 'SEH', 'ER', 'cPGK2', 'PLL16', 'GPX2', 'UGT88A1', 'MPPalpha', 'VEP1', 'TBL15', 'FAD2'}"
7,2,24,0,"{'CYP71B6', 'ABCC2', 'uL18-L4', 'AT2G35790', 'ICK1', 'RNS1', 'MFP2', 'PR4', 'GER2', 'LOX1', 'MYB68', 'SEH', 'NDPK1', 'TBL9', 'AT4G16610', 'GS2', 'CCR1', 'PETE1', 'HCHIB', 'LAZ5', 'ROF1', 'ARAB-1'}"
7,3,24,2,"{'GSTU19', 'ABCC2', 'EXO70A3', 'AO1', 'uL18-L4', 'CAD9', 'AT2G35790', 'LecRK-V.5', 'MFP2', 'PR4', 'FAH1', 'LOX1', 'HMG1', 'NIA2', 'NDPK1', 'CCOAMT', 'PLL16', 'UGT88A1', 'MPPalpha', 'DHS1', 'TBL15', 'PETE1', 'APX1', 'HCHIB', 'ROF1', 'PRK', 'CYP71B6', 'AIG1', 'TT4', 'ICK1', 'ELI3-1', 'GPX1', 'GER2', 'TBL9', 'GPX2', 'NIT2', 'CHIA', 'CCR1', 'GS2', 'LAZ5', 'ARAB-1', 'ATRABE1B'}"
7,0,24,1,"{'URE', 'GSTU19', 'EXO70A3', 'AO1', 'NDR1', 'TCH2', 'PLC8', 'NIA2', 'SEH', 'MPK3', 'PME1', 'PLL16', 'UGT88A1', 'TCH3', 'MPPalpha', 'ADA1A', 'VEP1', 'TBL15', 'PR5', 'TCH4', 'TUB9', 'PR1', 'ACS2', 'FPS1', 'HPL1', 'RNS1', 'TGG1', 'TGG2', 'MYB68', 'ER', 'OXR2', 'cPGK2', 'GPX2', 'UBQ4', 'MEKK1', 'FSD1', 'AT5G06940'}"
7,2,25,1,"{'CYP71B6', 'TBL9', 'ABCC2', 'uL18-L4', 'AT2G35790', 'AIM1', 'MFP2', 'GS2', 'PETE1', 'PR4', 'GER2', 'HCHIB', 'LAZ5', 'ROF1', 'ARAB-1', 'NDPK1', 'PLDALPHA1'}"
7,0,25,2,"{'cPGK2', 'GPX2', 'GSTU19', 'UGT88A1', 'HPL1', 'RNS1', 'MPPalpha', 'VEP1', 'TBL15', 'NIA2', 'SEH'}"
8,2,9,1,"{'AAS', 'CYP71B6', 'AIG1', 'ACS2', 'ABCC2', 'uL18-L4', 'NDR1', 'AT2G35790', 'AIM1', 'TGG1', 'TGG2', 'PLC8', 'LOX1', 'MPK3', 'ER', 'ARAB-1', 'ADA1A', 'PETE1', 'UBQ4', 'FAD2', 'PR1', 'AT5G06940'}"
8,2,13,3,"{'AAS', 'ACS2', 'AO1', 'NDR1', 'PDF1.2', 'TGG1', 'GPX1', 'PR4', 'PLC8', 'MPK3', 'PLDALPHA1', 'TBL9', 'AT4G16610', 'ADA1A', 'PETE1', 'UBQ4', 'FAD2', 'PR1', 'AT5G06940'}"
8,2,16,2,"{'AAS', 'ACS2', 'NDR1', 'TGG1', 'TGG2', 'GPX1', 'PR4', 'PLC8', 'LOX1', 'MPK3', 'NDPK1', 'ER', 'PLDALPHA1', 'PLL16', 'AT4G16610', 'NIT2', 'ADA1A', 'CCR1', 'PLDBETA1', 'HCHIB', 'UBQ4', 'FAD2', 'PR1', 'AT5G06940'}"
8,2,22,2,"{'AAS', 'AIG1', 'ACS2', 'EXO70A3', 'NDR1', 'AT2G35790', 'ICK1', 'AIM1', 'TGG1', 'GPX1', 'PR4', 'PLC8', 'LHB1B2', 'LOX1', 'MPK3', 'SEH', 'ER', 'PLDALPHA1', 'OXR2', 'ARAB-1', 'CCR1', 'HCHIB', 'UBQ4', 'FAD2', 'PR1', 'AT5G06940'}"
8,2,23,3,"{'AAS', 'ACS2', 'AO1', 'NDR1', 'PDF1.2', 'TGG1', 'GPX1', 'PR4', 'PLC8', 'MPK3', 'PLDALPHA1', 'TBL9', 'AT4G16610', 'ADA1A', 'PETE1', 'UBQ4', 'FAD2', 'PR1', 'AT5G06940'}"
8,0,25,2,"{'URE', 'GSTU19', 'ABCC2', 'GRF7', 'ATR2', 'CAD9', 'uL18-L4', 'AT2G35790', 'LecRK-V.5', 'MFP2', 'FAH1', 'HMG1', 'NIA2', 'SEH', 'NDPK1', 'CCOAMT', 'ACX2', 'WRKY11', 'RNS2', 'UGT88A1', 'MPPalpha', 'VEP1', 'TBL15', 'DHS1', 'APX1', 'AT3G15350', 'ROF1', 'TT4', 'CYP71B6', 'ELI3-1', 'ICK1', 'AIM1', 'RNS1', 'GER2', 'OXR2', 'GPX2', 'NIT2', 'CHIA', 'PKT3', 'GS2', 'CCR1', 'PLC1', 'PLDBETA1', 'LAZ5', 'FSD1', 'ARAB-1', 'ATRABE1B', 'WIN2'}"
9,1,12,3,"{'AAS', 'URE', 'CYP71B6', 'AIG1', 'ABCC2', 'ACS2', 'GRF7', 'uL18-L4', 'AT2G35790', 'PR1', 'AIM1', 'TGG1', 'TGG2', 'PLC8', 'LHB1B2', 'LOX1', 'MYB68', 'PLDALPHA1', 'ER', 'ADA1A', 'PETE1', 'AT-P4H-1', 'UBQ4', 'FAD2', 'ARAB-1', 'AT5G06940'}"
9,1,13,3,"{'CYP71B6', 'AT4G16610', 'ABCC2', 'TBL9', 'AIG1', 'AO1', 'AT2G35790', 'uL18-L4', 'AIM1', 'PDF1.2', 'GPX1', 'TGG2', 'PR4', 'ER', 'LOX1', 'ARAB-1', 'PLDALPHA1'}"
9,1,16,2,"{'PLL16', 'CYP71B6', 'AT4G16610', 'ABCC2', 'AIG1', 'uL18-L4', 'AT2G35790', 'NIT2', 'AIM1', 'GPX1', 'CCR1', 'PETE1', 'PR4', 'PLDBETA1', 'HCHIB', 'ARAB-1', 'NDPK1', 'PLDALPHA1'}"
9,1,17,2,"{'URE', 'ABCC2', 'EXO70A3', 'uL18-L4', 'AT2G35790', 'TCH2', 'NDR1', 'PLC8', 'LOX1', 'MPK3', 'PLDALPHA1', 'PME1', 'AT4G16610', 'TCH3', 'ADA1A', 'PR5', 'TCH4', 'TUB9', 'FAD2', 'PR1', 'CYP71B6', 'ACS2', 'FPS1', 'AIM1', 'TGG1', 'GPX1', 'TGG2', 'ER', 'OXR2', 'TBL9', 'UBQ4', 'MEKK1', 'FSD1', 'ARAB-1', 'AT5G06940'}"
9,1,18,3,"{'AAS', 'CYP71B6', 'ABCC2', 'ACS2', 'uL18-L4', 'AT2G35790', 'TCH2', 'AIM1', 'NDR1', 'PR1', 'TGG1', 'TGG2', 'PR4', 'PLC8', 'LOX1', 'MPK3', 'PLDALPHA1', 'ER', 'OXR2', 'TBL9', 'AT4G16610', 'TCH3', 'ADA1A', 'UBQ4', 'FAD2', 'ARAB-1', 'AT5G06940'}"
9,1,19,3,"{'AAS', 'URE', 'CYP71B6', 'AIG1', 'ABCC2', 'GRF7', 'uL18-L4', 'AT2G35790', 'PR1', 'AIM1', 'TGG1', 'TGG2', 'PLC8', 'LOX1', 'MYB68', 'PLDALPHA1', 'ER', 'TBL9', 'ADA1A', 'PETE1', 'AT-P4H-1', 'UBQ4', 'FAD2', 'ARAB-1', 'AT5G06940'}"
9,1,20,2,"{'CYP71B6', 'AT4G16610', 'ABCC2', 'TBL9', 'EXO70A3', 'uL18-L4', 'AT2G35790', 'NDR1', 'AIM1', 'PDF1.2', 'ADA1A', 'GPX1', 'TGG2', 'PR4', 'LOX1', 'ARAB-1', 'PLDALPHA1', 'AT5G06940'}"
9,1,21,3,"{'AAS', 'URE', 'CYP71B6', 'AIG1', 'ABCC2', 'ACS2', 'uL18-L4', 'AT2G35790', 'PR1', 'AIM1', 'TGG1', 'TGG2', 'PLC8', 'LOX1', 'BGL2', 'MPK3', 'PLDALPHA1', 'ER', 'PME1', 'OXR2', 'TBL9', 'AT4G16610', 'ADA1A', 'PR5', 'UBQ4', 'FSD1', 'FAD2', 'ARAB-1', 'AT5G06940'}"
9,1,23,3,"{'CYP71B6', 'AT4G16610', 'ABCC2', 'TBL9', 'AIG1', 'AO1', 'AT2G35790', 'uL18-L4', 'AIM1', 'PDF1.2', 'GPX1', 'TGG2', 'PR4', 'ER', 'LOX1', 'ARAB-1', 'PLDALPHA1'}"
9,1,24,1,"{'URE', 'ABCC2', 'EXO70A3', 'uL18-L4', 'AT2G35790', 'TCH2', 'NDR1', 'PLC8', 'LOX1', 'MPK3', 'PLDALPHA1', 'PME1', 'AT4G16610', 'TCH3', 'ADA1A', 'PR5', 'TCH4', 'TUB9', 'FAD2', 'PR1', 'CYP71B6', 'ACS2', 'FPS1', 'AIM1', 'TGG1', 'GPX1', 'TGG2', 'ER', 'OXR2', 'TBL9', 'UBQ4', 'MEKK1', 'FSD1', 'ARAB-1', 'AT5G06940'}"
9,1,25,2,"{'PLL16', 'CYP71B6', 'TBL9', 'ABCC2', 'AT4G16610', 'AO1', 'AT2G35790', 'uL18-L4', 'AIM1', 'GPX1', 'LOX1', 'MYB68', 'FAD2', 'ARAB-1', 'PLDALPHA1'}"
10,1,13,3,"{'PRK', 'CYP71B6', 'ABCC2', 'AO1', 'AT2G35790', 'ICK1', 'AIM1', 'PR1', 'PDF1.2', 'GPX1', 'PR4', 'LOX1', 'MYB68', 'PLDALPHA1', 'ACX2', 'TBL9', 'AT4G16610', 'PKT3', 'UBQ4', 'ARAB-1'}"
10,1,14,0,"{'PRK', 'CYP71B6', 'AIG1', 'ABCC2', 'AT2G35790', 'ICK1', 'AIM1', 'PR1', 'TGG2', 'GPX1', 'LOX1', 'MYB68', 'ER', 'PLDALPHA1', 'ACX2', 'PKT3', 'PETE1', 'AT-P4H-1', 'UBQ4', 'ARAB-1', 'AT5G06940'}"
10,1,16,2,"{'PRK', 'CYP71B6', 'ABCC2', 'AT2G35790', 'ICK1', 'AIM1', 'PR1', 'TGG2', 'GPX1', 'PR4', 'MYB68', 'NDPK1', 'ER', 'PLDALPHA1', 'ACX2', 'PLL16', 'AT4G16610', 'NIT2', 'PKT3', 'CCR1', 'PETE1', 'PLDBETA1', 'HCHIB', 'UBQ4', 'ARAB-1'}"
10,1,17,2,"{'PRK', 'CYP71B6', 'AIG1', 'ABCC2', 'URE', 'EXO70A3', 'TCH2', 'AT2G35790', 'ICK1', 'AIM1', 'NDR1', 'ACS2', 'FPS1', 'GPX1', 'TGG1', 'PLC8', 'LOX1', 'MYB68', 'MPK3', 'PLDALPHA1', 'ACX2', 'PME1', 'OXR2', 'TBL9', 'AT4G16610', 'TCH3', 'PKT3', 'ADA1A', 'PR5', 'TCH4', 'TUB9', 'MEKK1', 'FSD1', 'FAD2', 'ARAB-1', 'AT5G06940'}"
10,1,18,3,"{'AAS', 'PRK', 'CYP71B6', 'AIG1', 'ABCC2', 'ACS2', 'TCH2', 'AT2G35790', 'ICK1', 'AIM1', 'NDR1', 'TGG1', 'PR4', 'PLC8', 'LOX1', 'MYB68', 'MPK3', 'PLDALPHA1', 'ACX2', 'OXR2', 'TBL9', 'AT4G16610', 'TCH3', 'PKT3', 'ADA1A', 'FAD2', 'ARAB-1', 'AT5G06940'}"
10,1,20,2,"{'PRK', 'CYP71B6', 'AIG1', 'ABCC2', 'EXO70A3', 'AT2G35790', 'ICK1', 'AIM1', 'NDR1', 'PDF1.2', 'GPX1', 'PR4', 'LOX1', 'MYB68', 'PLDALPHA1', 'ER', 'ACX2', 'TBL9', 'AT4G16610', 'ARAB-1', 'PKT3', 'ADA1A', 'UBQ4', 'PR1', 'AT5G06940'}"
10,1,23,3,"{'PRK', 'CYP71B6', 'ABCC2', 'AO1', 'AT2G35790', 'ICK1', 'AIM1', 'PR1', 'PDF1.2', 'GPX1', 'PR4', 'LOX1', 'MYB68', 'PLDALPHA1', 'ACX2', 'TBL9', 'AT4G16610', 'PKT3', 'UBQ4', 'ARAB-1'}"
10,1,24,1,"{'PRK', 'CYP71B6', 'AIG1', 'ABCC2', 'URE', 'EXO70A3', 'TCH2', 'AT2G35790', 'ICK1', 'AIM1', 'NDR1', 'ACS2', 'FPS1', 'GPX1', 'TGG1', 'PLC8', 'LOX1', 'MYB68', 'MPK3', 'PLDALPHA1', 'ACX2', 'PME1', 'OXR2', 'TBL9', 'AT4G16610', 'TCH3', 'PKT3', 'ADA1A', 'PR5', 'TCH4', 'TUB9', 'MEKK1', 'FSD1', 'FAD2', 'ARAB-1', 'AT5G06940'}"
10,1,25,2,"{'PRK', 'CYP71B6', 'AIG1', 'ABCC2', 'AO1', 'AT2G35790', 'ICK1', 'AIM1', 'PR1', 'TGG2', 'GPX1', 'LOX1', 'PLDALPHA1', 'ER', 'ACX2', 'PLL16', 'TBL9', 'AT4G16610', 'PKT3', 'UBQ4', 'FAD2', 'ARAB-1'}"
11,2,13,3,"{'AAS', 'TBL9', 'AT4G16610', 'AO1', 'AT2G35790', 'uL18-L4', 'PDF1.2', 'GPX1', 'TGG2', 'PR4', 'FAH1', 'AT-P4H-1', 'UBQ4', 'MYB68', 'PR1', 'ATRABE1B'}"
11,2,16,2,"{'AAS', 'uL18-L4', 'AT2G35790', 'GPX1', 'PR4', 'FAH1', 'LOX1', 'MYB68', 'NDPK1', 'ER', 'PLL16', 'AT4G16610', 'NIT2', 'CCR1', 'PETE1', 'PLDBETA1', 'HCHIB', 'AT-P4H-1', 'UBQ4', 'PR1', 'ATRABE1B'}"
11,2,17,2,"{'URE', 'EXO70A3', 'uL18-L4', 'AT2G35790', 'TCH2', 'NDR1', 'FAH1', 'PLC8', 'MPK3', 'PME1', 'AT4G16610', 'TCH3', 'ADA1A', 'PR5', 'TCH4', 'TUB9', 'AT-P4H-1', 'FAD2', 'AAS', 'AIG1', 'ACS2', 'FPS1', 'TGG1', 'GPX1', 'TGG2', 'MYB68', 'OXR2', 'TBL9', 'MEKK1', 'FSD1', 'ATRABE1B', 'AT5G06940'}"
11,2,20,2,"{'AAS', 'AIG1', 'EXO70A3', 'uL18-L4', 'AT2G35790', 'NDR1', 'PDF1.2', 'GPX1', 'TGG2', 'PR4', 'FAH1', 'MYB68', 'ER', 'TBL9', 'AT4G16610', 'ADA1A', 'AT-P4H-1', 'UBQ4', 'PR1', 'ATRABE1B', 'AT5G06940'}"
11,2,22,2,"{'AAS', 'AIG1', 'EXO70A3', 'uL18-L4', 'ICK1', 'AIM1', 'GPX1', 'TGG2', 'PR4', 'FAH1', 'LHB1B2', 'LOX1', 'MYB68', 'SEH', 'ER', 'OXR2', 'ARAB-1', 'ADA1A', 'CCR1', 'PETE1', 'HCHIB', 'AT-P4H-1', 'UBQ4', 'PR1', 'ATRABE1B'}"
11,2,23,3,"{'AAS', 'TBL9', 'AT4G16610', 'AO1', 'AT2G35790', 'uL18-L4', 'PDF1.2', 'GPX1', 'TGG2', 'PR4', 'FAH1', 'AT-P4H-1', 'UBQ4', 'MYB68', 'PR1', 'ATRABE1B'}"
11,3,24,0,"{'PRK', 'ACS2', 'ICK1', 'RNS1', 'PR4', 'LOX1', 'MYB68', 'SEH', 'PLDALPHA1', 'TBL9', 'AT4G16610', 'CCR1', 'PETE1', 'HCHIB', 'AT-P4H-1', 'FAD2'}"
11,2,24,1,"{'URE', 'EXO70A3', 'uL18-L4', 'AT2G35790', 'TCH2', 'NDR1', 'FAH1', 'PLC8', 'MPK3', 'PME1', 'AT4G16610', 'TCH3', 'ADA1A', 'PR5', 'TCH4', 'TUB9', 'AT-P4H-1', 'FAD2', 'AAS', 'AIG1', 'ACS2', 'FPS1', 'TGG1', 'GPX1', 'TGG2', 'MYB68', 'OXR2', 'TBL9', 'MEKK1', 'FSD1', 'ATRABE1B', 'AT5G06940'}"
11,2,25,2,"{'AAS', 'AIG1', 'AO1', 'AT2G35790', 'uL18-L4', 'GPX1', 'FAH1', 'ER', 'PLL16', 'TBL9', 'AT4G16610', 'AT-P4H-1', 'UBQ4', 'FAD2', 'PR1', 'ATRABE1B'}"
12,3,13,1,"{'AAS', 'URE', 'AIG1', 'AO1', 'PR1', 'RBCS1B', 'TGG1', 'TGG2', 'GPX1', 'PLC8', 'MYB68', 'ER', 'PLL16', 'AT4G16610', 'ADA1A', 'HCHIB', 'UBQ4', 'GRF7', 'AT5G06940'}"
12,3,16,2,"{'AAS', 'URE', 'ACS2', 'PR1', 'TGG1', 'TGG2', 'GPX1', 'PR4', 'PLC8', 'LHB1B2', 'LOX1', 'MYB68', 'NDPK1', 'ER', 'PLL16', 'AT4G16610', 'NIT2', 'ADA1A', 'CCR1', 'PLDBETA1', 'HCHIB', 'AT-P4H-1', 'UBQ4', 'FAD2', 'GRF7', 'AT5G06940'}"
12,3,20,0,"{'AAS', 'URE', 'AIG1', 'AO1', 'PR1', 'RBCS1B', 'TGG1', 'TGG2', 'GPX1', 'PLC8', 'MYB68', 'ER', 'PLL16', 'AT4G16610', 'ADA1A', 'PER64', 'HCHIB', 'UBQ4', 'GRF7', 'AT5G06940'}"
12,3,22,2,"{'AAS', 'URE', 'AIG1', 'ACS2', 'EXO70A3', 'PR1', 'AT2G35790', 'ICK1', 'AIM1', 'TGG1', 'GPX1', 'PR4', 'PLC8', 'LOX1', 'MYB68', 'SEH', 'ER', 'OXR2', 'ARAB-1', 'CCR1', 'HCHIB', 'AT-P4H-1', 'UBQ4', 'FAD2', 'GRF7', 'AT5G06940'}"
12,3,23,1,"{'AAS', 'URE', 'AIG1', 'AO1', 'PR1', 'RBCS1B', 'TGG1', 'TGG2', 'GPX1', 'PLC8', 'ER', 'PLL16', 'AT4G16610', 'ADA1A', 'PETE1', 'HCHIB', 'UBQ4', 'GRF7', 'AT5G06940'}"
12,3,25,2,"{'AAS', 'URE', 'AIG1', 'ACS2', 'AO1', 'PR1', 'TGG1', 'TGG2', 'GPX1', 'PLC8', 'LHB1B2', 'ER', 'PLL16', 'TBL9', 'AT4G16610', 'ADA1A', 'PETE1', 'AT-P4H-1', 'UBQ4', 'GRF7', 'AT5G06940'}"
13,3,14,0,"{'TBL9', 'AIG1', 'AT4G16610', 'AO1', 'PDF1.2', 'TGG2', 'PR4', 'PETE1', 'AT-P4H-1', 'ER', 'AT5G06940'}"
13,3,15,1,"{'PRK', 'CYP71B6', 'ABCC2', 'AO1', 'AT2G35790', 'PDF1.2', 'ICK1', 'AIM1', 'PR1', 'GPX1', 'PR4', 'LOX1', 'MYB68', 'PLDALPHA1', 'ACX2', 'TBL9', 'AT4G16610', 'PKT3', 'UBQ4', 'ARAB-1'}"
13,3,17,2,"{'URE', 'AIG1', 'ACS2', 'EXO70A3', 'AO1', 'NDR1', 'PDF1.2', 'TCH2', 'FPS1', 'TGG1', 'PR4', 'PLC8', 'MPK3', 'PME1', 'OXR2', 'TCH3', 'ADA1A', 'PR5', 'TCH4', 'TUB9', 'UBQ4', 'MEKK1', 'FSD1', 'FAD2', 'PR1', 'AT5G06940'}"
13,3,19,3,"{'AAS', 'URE', 'AO1', 'PR1', 'PDF1.2', 'TGG1', 'GPX1', 'PR4', 'PLC8', 'MYB68', 'AT4G16610', 'ADA1A', 'PETE1', 'AT-P4H-1', 'UBQ4', 'FAD2', 'GRF7', 'AT5G06940'}"
13,3,21,3,"{'AAS', 'URE', 'ACS2', 'AO1', 'PDF1.2', 'TGG1', 'GPX1', 'PR4', 'PLC8', 'BGL2', 'MPK3', 'PME1', 'OXR2', 'ADA1A', 'PR5', 'UBQ4', 'FSD1', 'FAD2', 'PR1', 'AT5G06940'}"
13,3,22,2,"{'AIG1', 'EXO70A3', 'AO1', 'AT2G35790', 'PDF1.2', 'ICK1', 'AIM1', 'LHB1B2', 'LOX1', 'SEH', 'ER', 'OXR2', 'TBL9', 'AT4G16610', 'ADA1A', 'CCR1', 'PETE1', 'HCHIB', 'ARAB-1'}"
13,3,24,1,"{'URE', 'AIG1', 'ACS2', 'EXO70A3', 'AO1', 'NDR1', 'PDF1.2', 'TCH2', 'FPS1', 'TGG1', 'PR4', 'PLC8', 'MPK3', 'PME1', 'OXR2', 'TCH3', 'ADA1A', 'PR5', 'TCH4', 'TUB9', 'UBQ4', 'MEKK1', 'FSD1', 'FAD2', 'PR1', 'AT5G06940'}"
13,2,25,2,"{'GSTU19', 'ABCC2', 'GRF7', 'ATR2', 'CAD9', 'uL18-L4', 'AT2G35790', 'LecRK-V.5', 'MFP2', 'FAH1', 'LOX1', 'NIA2', 'SEH', 'CCOAMT', 'PLDALPHA1', 'ACX2', 'WRKY11', 'AT4G16610', 'RNS2', 'UGT88A1', 'MPPalpha', 'VEP1', 'TBL15', 'DHS1', 'ECS1', 'APX1', 'AT3G15350', 'ROF1', 'PRK', 'CYP71B6', 'TT4', 'ELI3-1', 'ICK1', 'AIM1', 'HPL1', 'RNS1', 'GPX1', 'GER2', 'cPGK2', 'GPX2', 'NIT2', 'PKT3', 'GS2', 'CCR1', 'PLDBETA1', 'LAZ5', 'UBQ4', 'ARAB-1', 'ATRABE1B', 'WIN2'}"
14,0,15,1,"{'PRK', 'CYP71B6', 'AIG1', 'ABCC2', 'AT2G35790', 'ICK1', 'AIM1', 'PR1', 'TGG2', 'GPX1', 'LOX1', 'MYB68', 'ER', 'PLDALPHA1', 'ACX2', 'PKT3', 'PETE1', 'AT-P4H-1', 'UBQ4', 'ARAB-1', 'AT5G06940'}"
14,0,16,2,"{'PLL16', 'AT4G16610', 'AIG1', 'NIT2', 'CCR1', 'PR4', 'PLDBETA1', 'LOX1', 'AT-P4H-1', 'HCHIB', 'NDPK1', 'AT5G06940'}"
14,0,17,2,"{'URE', 'ACS2', 'EXO70A3', 'TCH2', 'NDR1', 'FPS1', 'TGG1', 'TGG2', 'PLC8', 'MPK3', 'ER', 'PME1', 'OXR2', 'TBL9', 'AT4G16610', 'TCH3', 'ADA1A', 'PR5', 'TCH4', 'PETE1', 'TUB9', 'AT-P4H-1', 'UBQ4', 'MEKK1', 'FSD1', 'FAD2', 'PR1'}"
14,0,18,3,"{'AAS', 'ACS2', 'TCH2', 'NDR1', 'TGG1', 'TGG2', 'PR4', 'GPX1', 'PLC8', 'MPK3', 'ER', 'OXR2', 'TBL9', 'AT4G16610', 'TCH3', 'ADA1A', 'PETE1', 'AT-P4H-1', 'UBQ4', 'FAD2', 'PR1'}"
14,0,21,3,"{'AAS', 'URE', 'AIG1', 'ACS2', 'TGG1', 'TGG2', 'GPX1', 'PLC8', 'BGL2', 'MPK3', 'ER', 'PME1', 'OXR2', 'TBL9', 'AT4G16610', 'ADA1A', 'PR5', 'PETE1', 'AT-P4H-1', 'UBQ4', 'FSD1', 'FAD2', 'PR1'}"
14,0,23,3,"{'TBL9', 'AT4G16610', 'AIG1', 'AO1', 'PDF1.2', 'TGG2', 'PETE1', 'PR4', 'AT-P4H-1', 'ER', 'AT5G06940'}"
14,0,24,1,"{'URE', 'ACS2', 'EXO70A3', 'TCH2', 'NDR1', 'FPS1', 'TGG1', 'TGG2', 'PLC8', 'MPK3', 'ER', 'PME1', 'OXR2', 'TBL9', 'AT4G16610', 'TCH3', 'ADA1A', 'PR5', 'TCH4', 'PETE1', 'TUB9', 'AT-P4H-1', 'UBQ4', 'MEKK1', 'FSD1', 'FAD2', 'PR1'}"
14,1,25,2,"{'GSTU19', 'ABCC2', 'EXO70A3', 'ATR2', 'CAD9', 'uL18-L4', 'AT2G35790', 'LecRK-V.5', 'MFP2', 'FAH1', 'LOX1', 'NIA2', 'SEH', 'NDPK1', 'CCOAMT', 'PLDALPHA1', 'ACX2', 'WRKY11', 'RNS2', 'UGT88A1', 'ARAB-1', 'MPPalpha', 'AT3G15350', 'ROF1', 'CYP71B6', 'ICK1', 'RNS1', 'AIM1', 'GPX1', 'GER2', 'MYB68', 'cPGK2', 'NIT2', 'PKT3', 'GS2', 'HOG1', 'CCR1', 'PLDBETA1', 'LAZ5', 'GRF7', 'ATRABE1B', 'WIN2'}"
15,1,16,2,"{'PRK', 'CYP71B6', 'ABCC2', 'AT2G35790', 'ICK1', 'AIM1', 'PR1', 'TGG2', 'GPX1', 'PR4', 'MYB68', 'NDPK1', 'ER', 'PLDALPHA1', 'ACX2', 'PLL16', 'AT4G16610', 'NIT2', 'PKT3', 'CCR1', 'PETE1', 'PLDBETA1', 'HCHIB', 'UBQ4', 'ARAB-1'}"
15,1,17,2,"{'PRK', 'CYP71B6', 'AIG1', 'ABCC2', 'URE', 'EXO70A3', 'TCH2', 'AT2G35790', 'ICK1', 'AIM1', 'NDR1', 'ACS2', 'FPS1', 'GPX1', 'TGG1', 'PLC8', 'LOX1', 'MYB68', 'MPK3', 'PLDALPHA1', 'ACX2', 'PME1', 'OXR2', 'TBL9', 'AT4G16610', 'TCH3', 'PKT3', 'ADA1A', 'PR5', 'TCH4', 'TUB9', 'MEKK1', 'FSD1', 'FAD2', 'ARAB-1', 'AT5G06940'}"
15,1,18,3,"{'AAS', 'PRK', 'CYP71B6', 'AIG1', 'ABCC2', 'ACS2', 'TCH2', 'AT2G35790', 'ICK1', 'AIM1', 'NDR1', 'TGG1', 'PR4', 'PLC8', 'LOX1', 'MYB68', 'MPK3', 'PLDALPHA1', 'ACX2', 'OXR2', 'TBL9', 'AT4G16610', 'TCH3', 'PKT3', 'ADA1A', 'FAD2', 'ARAB-1', 'AT5G06940'}"
15,1,20,2,"{'PRK', 'CYP71B6', 'AIG1', 'ABCC2', 'EXO70A3', 'AT2G35790', 'ICK1', 'AIM1', 'NDR1', 'PDF1.2', 'GPX1', 'PR4', 'LOX1', 'MYB68', 'PLDALPHA1', 'ER', 'ACX2', 'TBL9', 'AT4G16610', 'ARAB-1', 'PKT3', 'ADA1A', 'UBQ4', 'PR1', 'AT5G06940'}"
15,1,23,3,"{'PRK', 'CYP71B6', 'ABCC2', 'AO1', 'AT2G35790', 'ICK1', 'AIM1', 'PR1', 'PDF1.2', 'GPX1', 'PR4', 'LOX1', 'MYB68', 'PLDALPHA1', 'ACX2', 'TBL9', 'AT4G16610', 'PKT3', 'UBQ4', 'ARAB-1'}"
15,1,24,1,"{'PRK', 'CYP71B6', 'AIG1', 'ABCC2', 'URE', 'EXO70A3', 'TCH2', 'AT2G35790', 'ICK1', 'AIM1', 'NDR1', 'ACS2', 'FPS1', 'GPX1', 'TGG1', 'PLC8', 'LOX1', 'MYB68', 'MPK3', 'PLDALPHA1', 'ACX2', 'PME1', 'OXR2', 'TBL9', 'AT4G16610', 'TCH3', 'PKT3', 'ADA1A', 'PR5', 'TCH4', 'TUB9', 'MEKK1', 'FSD1', 'FAD2', 'ARAB-1', 'AT5G06940'}"
15,1,25,2,"{'PRK', 'CYP71B6', 'AIG1', 'ABCC2', 'AO1', 'AT2G35790', 'ICK1', 'AIM1', 'PR1', 'TGG2', 'GPX1', 'LOX1', 'PLDALPHA1', 'ER', 'ACX2', 'PLL16', 'TBL9', 'AT4G16610', 'PKT3', 'UBQ4', 'FAD2', 'ARAB-1'}"
16,2,17,2,"{'URE', 'EXO70A3', 'TCH2', 'NDR1', 'PR4', 'PLC8', 'LOX1', 'MPK3', 'NDPK1', 'PME1', 'PLL16', 'TCH3', 'ADA1A', 'PR5', 'TCH4', 'PETE1', 'TUB9', 'HCHIB', 'FAD2', 'PR1', 'AIG1', 'ACS2', 'FPS1', 'TGG1', 'TGG2', 'ER', 'OXR2', 'TBL9', 'NIT2', 'CCR1', 'PLDBETA1', 'UBQ4', 'MEKK1', 'FSD1', 'AT5G06940'}"
16,2,18,3,"{'AAS', 'AIG1', 'ACS2', 'TCH2', 'NDR1', 'TGG1', 'TGG2', 'GPX1', 'PLC8', 'LOX1', 'MPK3', 'NDPK1', 'ER', 'OXR2', 'PLL16', 'TBL9', 'TCH3', 'NIT2', 'ADA1A', 'CCR1', 'PETE1', 'PLDBETA1', 'HCHIB', 'UBQ4', 'FAD2', 'PR1', 'AT5G06940'}"
16,2,19,3,"{'AAS', 'URE', 'PR1', 'TGG1', 'TGG2', 'PR4', 'GPX1', 'PLC8', 'LOX1', 'MYB68', 'NDPK1', 'ER', 'PLL16', 'TBL9', 'AT4G16610', 'NIT2', 'ADA1A', 'CCR1', 'PLDBETA1', 'HCHIB', 'AT-P4H-1', 'UBQ4', 'FAD2', 'GRF7', 'AT5G06940'}"
16,2,20,2,"{'PLL16', 'TBL9', 'AIG1', 'EXO70A3', 'NDR1', 'NIT2', 'PDF1.2', 'ADA1A', 'CCR1', 'PETE1', 'TGG2', 'PLDBETA1', 'LOX1', 'HCHIB', 'NDPK1', 'AT5G06940'}"
16,2,21,3,"{'AAS', 'URE', 'ACS2', 'TGG1', 'TGG2', 'PR4', 'GPX1', 'PLC8', 'LOX1', 'BGL2', 'MPK3', 'NDPK1', 'ER', 'PME1', 'OXR2', 'PLL16', 'TBL9', 'NIT2', 'ADA1A', 'PR5', 'CCR1', 'PETE1', 'PLDBETA1', 'HCHIB', 'UBQ4', 'FSD1', 'FAD2', 'PR1', 'AT5G06940'}"
16,0,24,1,"{'URE', 'EXO70A3', 'AO1', 'NDR1', 'PDF1.2', 'TCH2', 'FPS1', 'RBCS1B', 'TGG1', 'TGG2', 'LHB1B2', 'PLC8', 'MPK3', 'ER', 'PME1', 'OXR2', 'TCH3', 'ADA1A', 'PR5', 'TCH4', 'TUB9', 'AT-P4H-1', 'UBQ4', 'MEKK1', 'FSD1', 'PR1', 'AT5G06940'}"
16,3,25,2,"{'GSTU19', 'ABCC2', 'GRF7', 'ATR2', 'CAD9', 'uL18-L4', 'AT2G35790', 'LecRK-V.5', 'MFP2', 'FAH1', 'NIA2', 'SEH', 'CCOAMT', 'PLDALPHA1', 'ACX2', 'WRKY11', 'AT4G16610', 'RNS2', 'UGT88A1', 'MPPalpha', 'VEP1', 'TBL15', 'DHS1', 'APX1', 'AT3G15350', 'ROF1', 'PRK', 'CYP71B6', 'TT4', 'ELI3-1', 'ICK1', 'AIM1', 'RNS1', 'GPX1', 'GER2', 'GPX2', 'PKT3', 'GS2', 'LAZ5', 'UBQ4', 'ARAB-1', 'ATRABE1B', 'WIN2'}"
17,2,22,2,"{'URE', 'ACS2', 'TCH2', 'NDR1', 'FPS1', 'AT2G35790', 'ICK1', 'AIM1', 'TGG1', 'PR4', 'PLC8', 'LHB1B2', 'LOX1', 'MPK3', 'SEH', 'ER', 'PME1', 'TBL9', 'AT4G16610', 'TCH3', 'ARAB-1', 'TCH4', 'PR5', 'CCR1', 'PETE1', 'TUB9', 'HCHIB', 'UBQ4', 'MEKK1', 'FSD1', 'FAD2', 'PR1', 'AT5G06940'}"
17,2,23,3,"{'URE', 'AIG1', 'ACS2', 'EXO70A3', 'AO1', 'NDR1', 'TCH2', 'FPS1', 'PDF1.2', 'TGG1', 'PR4', 'PLC8', 'MPK3', 'PME1', 'OXR2', 'TCH3', 'ADA1A', 'PR5', 'TCH4', 'TUB9', 'UBQ4', 'MEKK1', 'FSD1', 'FAD2', 'PR1', 'AT5G06940'}"
17,2,25,2,"{'URE', 'ACS2', 'EXO70A3', 'TCH2', 'NDR1', 'AO1', 'FPS1', 'TGG1', 'TGG2', 'PLC8', 'MPK3', 'MYB68', 'ER', 'PME1', 'OXR2', 'PLL16', 'TCH3', 'ADA1A', 'PR5', 'TCH4', 'TUB9', 'UBQ4', 'MEKK1', 'FSD1', 'PR1', 'AT5G06940'}"
18,3,22,0,"{'AAS', 'AO1', 'NDR1', 'TCH2', 'PDF1.2', 'RBCS1B', 'TGG1', 'TGG2', 'PR4', 'GPX1', 'PLC8', 'MPK3', 'ER', 'OXR2', 'PLL16', 'TCH3', 'ADA1A', 'PER64', 'AT-P4H-1', 'UBQ4', 'PR1'}"
18,2,25,2,"{'GSTU19', 'ABCC2', 'GRF7', 'ATR2', 'CAD9', 'uL18-L4', 'AT2G35790', 'LecRK-V.5', 'MFP2', 'FAH1', 'HMG1', 'NIA2', 'SEH', 'NDPK1', 'CCOAMT', 'PLDALPHA1', 'ACX2', 'WRKY11', 'AT4G16610', 'RNS2', 'UGT88A1', 'MPPalpha', 'VEP1', 'TBL15', 'DHS1', 'ECS1', 'APX1', 'ATOZI1', 'AT3G15350', 'ROF1', 'PRK', 'CYP71B6', 'AIG1', 'TT4', 'ELI3-1', 'ICK1', 'RNS1', 'GER2', 'cPGK2', 'GPX2', 'NIT2', 'CHIA', 'PKT3', 'GS2', 'CCR1', 'PLDBETA1', 'LAZ5', 'FSD1', 'ARAB-1', 'ATRABE1B', 'WIN2'}"
19,3,22,2,"{'AAS', 'URE', 'AIG1', 'EXO70A3', 'PR1', 'AT2G35790', 'ICK1', 'AIM1', 'TGG1', 'GPX1', 'PR4', 'PLC8', 'LHB1B2', 'LOX1', 'MYB68', 'SEH', 'ER', 'OXR2', 'TBL9', 'ARAB-1', 'CCR1', 'HCHIB', 'AT-P4H-1', 'UBQ4', 'FAD2', 'GRF7', 'AT5G06940'}"
19,3,23,3,"{'AAS', 'URE', 'AT4G16610', 'GRF7', 'AO1', 'PDF1.2', 'ADA1A', 'TGG1', 'GPX1', 'PETE1', 'PR4', 'PLC8', 'AT-P4H-1', 'UBQ4', 'MYB68', 'FAD2', 'PR1', 'AT5G06940'}"
19,3,25,2,"{'AAS', 'URE', 'AIG1', 'AO1', 'PR1', 'TGG1', 'TGG2', 'GPX1', 'PLC8', 'ER', 'PLL16', 'AT4G16610', 'ADA1A', 'PETE1', 'AT-P4H-1', 'UBQ4', 'GRF7', 'AT5G06940'}"
20,2,21,3,"{'AAS', 'URE', 'AIG1', 'ACS2', 'EXO70A3', 'NDR1', 'PDF1.2', 'TGG1', 'GPX1', 'PR4', 'PLC8', 'BGL2', 'MPK3', 'ER', 'PME1', 'OXR2', 'PR5', 'UBQ4', 'FSD1', 'FAD2', 'PR1'}"
20,2,25,2,"{'PLL16', 'EXO70A3', 'AO1', 'NDR1', 'PDF1.2', 'ADA1A', 'TGG2', 'PR4', 'MYB68', 'FAD2', 'AT5G06940'}"
21,3,22,0,"{'AAS', 'URE', 'AIG1', 'AO1', 'PDF1.2', 'RBCS1B', 'TGG1', 'TGG2', 'GPX1', 'PLC8', 'BGL2', 'MPK3', 'ER', 'PME1', 'OXR2', 'PLL16', 'ADA1A', 'PR5', 'PER64', 'AT-P4H-1', 'UBQ4', 'FSD1', 'PR1'}"
21,3,23,3,"{'AAS', 'URE', 'ACS2', 'AO1', 'PDF1.2', 'TGG1', 'GPX1', 'PR4', 'PLC8', 'BGL2', 'MPK3', 'PME1', 'OXR2', 'ADA1A', 'PR5', 'UBQ4', 'FSD1', 'FAD2', 'PR1', 'AT5G06940'}"
21,0,25,2,"{'GSTU19', 'ABCC2', 'GRF7', 'ATR2', 'CAD9', 'uL18-L4', 'AT2G35790', 'LecRK-V.5', 'MFP2', 'FAH1', 'LOX1', 'NIA2', 'SEH', 'CCOAMT', 'PLDALPHA1', 'ACX2', 'WRKY11', 'AT4G16610', 'RNS2', 'UGT88A1', 'MPPalpha', 'VEP1', 'TBL15', 'DHS1', 'ECS1', 'APX1', 'AT3G15350', 'ROF1', 'PRK', 'CYP71B6', 'TT4', 'ELI3-1', 'ICK1', 'AIM1', 'HPL1', 'RNS1', 'GER2', 'cPGK2', 'GPX2', 'NIT2', 'PKT3', 'GS2', 'CCR1', 'PLDBETA1', 'LAZ5', 'ARAB-1', 'ATRABE1B', 'WIN2'}"
22,2,23,3,"{'AIG1', 'EXO70A3', 'AO1', 'AT2G35790', 'ICK1', 'AIM1', 'PDF1.2', 'LHB1B2', 'LOX1', 'SEH', 'ER', 'OXR2', 'TBL9', 'AT4G16610', 'ADA1A', 'CCR1', 'PETE1', 'HCHIB', 'ARAB-1'}"
22,0,24,1,"{'URE', 'EXO70A3', 'AO1', 'NDR1', 'PDF1.2', 'TCH2', 'FPS1', 'RBCS1B', 'TGG1', 'TGG2', 'PLC8', 'MPK3', 'ER', 'PME1', 'OXR2', 'PLL16', 'TCH3', 'PER64', 'ADA1A', 'PR5', 'TCH4', 'TUB9', 'AT-P4H-1', 'UBQ4', 'MEKK1', 'FSD1', 'PR1'}"
22,1,25,2,"{'GSTU19', 'ABCC2', 'ATR2', 'CAD9', 'uL18-L4', 'LecRK-V.5', 'MFP2', 'FAH1', 'HMG1', 'NIA2', 'NDPK1', 'CCOAMT', 'PLDALPHA1', 'ACX2', 'WRKY11', 'RNS2', 'UGT88A1', 'MPPalpha', 'VEP1', 'TBL15', 'DHS1', 'APX1', 'AT3G15350', 'ROF1', 'TT4', 'CYP71B6', 'ELI3-1', 'RNS1', 'GPX1', 'GER2', 'HSC70-1', 'cPGK2', 'SAM-2', 'GPX2', 'NIT2', 'CHIA', 'PKT3', 'GS2', 'HOG1', 'PLC1', 'PLDBETA1', 'LAZ5', 'GRF7', 'ATRABE1B', 'WIN2'}"
23,3,24,1,"{'URE', 'AIG1', 'ACS2', 'EXO70A3', 'AO1', 'NDR1', 'PDF1.2', 'TCH2', 'FPS1', 'TGG1', 'PR4', 'PLC8', 'MPK3', 'PME1', 'OXR2', 'TCH3', 'ADA1A', 'PR5', 'TCH4', 'TUB9', 'UBQ4', 'MEKK1', 'FSD1', 'FAD2', 'PR1', 'AT5G06940'}"
23,2,25,2,"{'GSTU19', 'ABCC2', 'AO1', 'CAD9', 'ATR2', 'uL18-L4', 'LecRK-V.5', 'AT2G35790', 'MFP2', 'FAH1', 'LOX1', 'HMG1', 'NIA2', 'CCOAMT', 'PLDALPHA1', 'ACX2', 'WRKY11', 'AT4G16610', 'RNS2', 'UGT88A1', 'ARAB-1', 'MPPalpha', 'VEP1', 'TBL15', 'DHS1', 'ECS1', 'APX1', 'PETE1', 'AT3G15350', 'ROF1', 'PRK', 'CYP71B6', 'TT4', 'ELI3-1', 'ICK1', 'AIM1', 'RNS1', 'GPX1', 'GER2', 'MYB68', 'cPGK2', 'GPX2', 'NIT2', 'PKT3', 'GS2', 'CCR1', 'PLDBETA1', 'LAZ5', 'UBQ4', 'GRF7', 'ATRABE1B', 'WIN2'}"
24,2,25,2,"{'GSTU19', 'ABCC2', 'ATR2', 'CAD9', 'uL18-L4', 'AT2G35790', 'LecRK-V.5', 'MFP2', 'FAH1', 'HMG1', 'NIA2', 'NDPK1', 'CCOAMT', 'ACX2', 'WRKY11', 'RNS2', 'UGT88A1', 'ARAB-1', 'MPPalpha', 'DHS1', 'TBL15', 'APX1', 'AT3G15350', 'ROF1', 'PRK', 'CYP71B6', 'AIG1', 'TT4', 'ELI3-1', 'GPX1', 'GER2', 'MYB68', 'GPX2', 'NIT2', 'CHIA', 'PKT3', 'GS2', 'PLDBETA1', 'LAZ5', 'GRF7', 'ATRABE1B', 'WIN2'}"
